name,type,color,price,mrp,sizes,description,images,collections,specs
"White Dola Silk Patola Print Traditional Lehenga Choli","Lehenga Choli","WHITE","1299","2549","FREE SIZE:50","Zari Lane's Patola Print Traditional Lehenga Choli strikes a perfect balance between timeless tradition and contemporary elegance. Whether attending a special occasion or celebrating India's cultural richness, this outfit is a fantastic choice. It's more than just clothing; it's a reflection of your refined fashion taste, allowing you to cherish the beauty of tradition while embracing modern style. In the Patola Print Traditional Lehenga Choli, you're not just wearing an outfit; you're showcasing a piece of India's cultural legacy and making a remarkable fashion statement.
 In the Patola Print Traditional Lehenga Choli, you're not just wearing an outfit; you're showcasing a piece of India's cultural legacy and making a remarkable fashion statement.""","images/eA7SKDy4_0.webp|images/eA7SKDy4_1.webp|images/eA7SKDy4_2.webp|images/eA7SKDy4_3.webp|images/eA7SKDy4_4.webp|images/eA7SKDy4_5.webp","NEW ARRIVAL|LEHENGA CHOLI|FRESH COLLECTION","Fabric 1=DOLA SILK|Package Contents=1 Lehanga 1 Blouse 1 Dupatta (3 pc)|Wash Care=Dry Clean Only, Do Not Bleach|Product Weight=0.75|Colour Code=WHITE|Size=FREE SIZE UPTO 44|Country=India|Work=Lehenga Work : Patola Print With Foil Work|Occasions=Festival, Party, Traditional, Wedding, Dulhan Lehenga , Bridal Lehenga, Marriage Special, Party Wear, Lehenga|Brand=Zari Lane|Ideal for=Women|Blouse=Unstitched|Blouse Length=0.80 Mtr|Lehnga Length=42 Mtr|Lehnga Flair=3 Mtr|Dupatta Length=2.4 Mtr|Lehnga length=41Mtr"
"Green Dola Silk Patola Print Traditional Lehenga Choli","Lehenga Choli","GREEN","1299","2549","FREE SIZE:50","Zari Lane's Patola Print Traditional Lehenga Choli strikes a perfect balance between timeless tradition and contemporary elegance. Whether attending a special occasion or celebrating India's cultural richness, this outfit is a fantastic choice. It's more than just clothing; it's a reflection of your refined fashion taste, allowing you to cherish the beauty of tradition while embracing modern style. In the Patola Print Traditional Lehenga Choli, you're not just wearing an outfit; you're showcasing a piece of India's cultural legacy and making a remarkable fashion statement.
 In the Patola Print Traditional Lehenga Choli, you're not just wearing an outfit; you're showcasing a piece of India's cultural legacy and making a remarkable fashion statement.""","images/I-Ua4Pyo_0.webp|images/I-Ua4Pyo_1.webp|images/I-Ua4Pyo_2.webp|images/I-Ua4Pyo_3.webp|images/I-Ua4Pyo_4.webp|images/I-Ua4Pyo_5.webp","NEW ARRIVAL|IN THE SPOTLIGHT|BEST SELLERS|LEHENGA CHOLI|FRESH COLLECTION","Fabric 1=DOLA SILK|Package Contents=1 Lehanga 1 Blouse 1 Dupatta (3 pc)|Wash Care=Dry Clean Only, Do Not Bleach|Product Weight=0.75|Colour Code=GREEN|Size=FREE SIZE UPTO 44|Country=India|Work=Lehenga Work : Patola Print With Foil Work|Occasions=Festival, Party, Traditional, Wedding, Dulhan Lehenga , Bridal Lehenga, Marriage Special, Party Wear, Lehenga|Brand=Zari Lane|Ideal for=Women|Blouse=Unstitched|Blouse Length=0.80 Mtr|Lehnga Length=42 Mtr|Lehnga Flair=3 Mtr|Dupatta Length=2.4 Mtr|Lehnga length=41Mtr|Ideal For=Women"
"Wine Patola Print Traditional Lehenga Choli","Lehenga Choli","WINE","1599","2899","Free:50","This Festive Session You Definitely Would Have Worn One Of Your Favourite Outfit. So We Have Curated A Collection Of Patola Print Traditional Lehanga Choli. 
Lehenga(Stitched)
Lehenga Fabric : Dola Silk 
Lehenga Work : Patola Print With Foil Work 
Waist : Supported Up To 46
Lehenga Closer : Drawstring With Heavy Tassels And Zip
Stitching : Stitched With Canvas And Attached With Can Can
Length : 41
Flair : 3.80 Meter 
Inner : Micro Cotton

Blouse(Unstitched)
Blouse Fabric : Dola Silk  
Blouse Work : Patola Print 
Blouse Length : 0.80 Meter

Dupatta
Dupatta Fabric : Dola Silk
Dupatta Work : Patola Print With Gotta Patti Lace Border Also Comes With Tassels 
Dupatta Length : 2.5 Meter

Package Contain : Lehenga, Blouse, Dupatta","images/4-inGthV_0.webp|images/4-inGthV_1.webp|images/4-inGthV_2.webp|images/4-inGthV_3.webp","LEHENGA CHOLI|NEW ARRIVAL|FRESH COLLECTION","Wash Care=Dry Clean Only, Do Not Bleach|Work=Lehenga Work : Patola Print With Foil Work|Occasions=Festival, Party, Traditional, Wedding, Dulhan Lehenga , Bridal Lehenga, Marriage Special, Party Wear, Lehenga""|Brand=Zari Lane|Fabric=Lehenga (Stitched)
Lehenga Fabric : Dola Silk 
Lehenga Work : Patola Print With Foil Work 
Waist : Supported Up To 46
Lehenga Closer : Drawstring With Heavy Tassels And Zip
Stitching : Stitched With Canvas And Attached With Can Can
Length : 41
Flair : 3.80 Meter 
Inner : Micro Cotton

Blouse(Unstitched)
Blouse Fabric : Dola Silk  
Blouse Work : Patola Print 
Blouse Length : 0.80 Meter

Dupatta
Dupatta Fabric : Dola Silk
Dupatta Work : Patola Print With Gotta Patti Lace Border Also Comes With Tassels 
Dupatta Length : 2.5 Meter"
"Navy Blue Dola Silk Patola Print Traditional Lehenga Choli","Lehenga Choli","NAVY BLUE","1299","4599","FREE SIZE:50","Zari Lane's Patola Print Traditional Lehenga Choli strikes a perfect balance between timeless tradition and contemporary elegance. Whether attending a special occasion or celebrating India's cultural richness, this outfit is a fantastic choice. It's more than just clothing; it's a reflection of your refined fashion taste, allowing you to cherish the beauty of tradition while embracing modern style. In the Patola Print Traditional Lehenga Choli, you're not just wearing an outfit; you're showcasing a piece of India's cultural legacy and making a remarkable fashion statement.
 In the Patola Print Traditional Lehenga Choli, you're not just wearing an outfit; you're showcasing a piece of India's cultural legacy and making a remarkable fashion statement.""","images/HVVryYgj_0.webp|images/HVVryYgj_1.webp|images/HVVryYgj_2.webp","NEW ARRIVAL|IN THE SPOTLIGHT|BEST SELLERS|LEHENGA CHOLI|TOP SELLER|FRESH COLLECTION","Fabric 1=DOLA SILK|Package Contents=1 Lehanga 1 Blouse 1 Dupatta (3 pc)|Wash Care=Dry Clean Only, Do Not Bleach|Product Weight=0.75|Colour Code=NAVY BLUE|Size=FREE SIZE UPTO 44|Country=India|Work=Lehenga Work : Patola Print With Foil Work|Occasions=Festival, Party, Traditional, Wedding, Dulhan Lehenga , Bridal Lehenga, Marriage Special, Party Wear, Lehenga|Brand=Zari Lane|Ideal for=Women|Blouse=Unstitched|Blouse Length=0.80 Mtr|Lehnga Length=42 Mtr|Lehnga Flair=3 Mtr|Dupatta Length=2.4 Mtr|Lehnga length=41Mtr"
"Dola Silk Mustard Patola Print Traditional Lehenga Choli (Mirror Mustard)","Lehenga Choli","MUSTARD","1599","2899","FREE SIZE:50","This Festive Session You Definitely Would Have Worn One Of Your Favourite Outfit. So We Have Curated A Collection Of Patola Print Traditional Lehanga Choli. 
Lehenga(Stitched)
Lehenga Fabric : Dola Silk 
Lehenga Work : Patola Print With Foil Work 
Waist : Supported Up To 46
Lehenga Closer : Drawstring With Heavy Tassels And Zip
Stitching : Stitched With Canvas And Attached With Can Can
Length : 41
Flair : 3.80 Meter 
Inner : Micro Cotton

Blouse(Unstitched)
Blouse Fabric : Dola Silk  
Blouse Work : Patola Print 
Blouse Length : 0.80 Meter

Dupatta
Dupatta Fabric : Dola Silk
Dupatta Work : Patola Print With Gotta Patti Lace Border Also Comes With Tassels 
Dupatta Length : 2.5 Meter

Package Contain : Lehenga, Blouse, Dupatta","images/eHlwnjSa_0.webp|images/eHlwnjSa_1.webp|images/eHlwnjSa_2.webp|images/eHlwnjSa_3.webp","NEW ARRIVAL|IN THE SPOTLIGHT|BEST SELLERS|LEHENGA CHOLI|TOP SELLER|FRESH COLLECTION","Wash Care=Dry Clean Only, Do Not Bleach|Colour Code=Mustard|Size=FREE SIZE UPTO 44 WAIST SIZE|Country=India|Work=Lehenga Work : Patola Print With Foil Work|Occasions=Festival, Party, Traditional, Wedding, Dulhan Lehenga , Bridal Lehenga, Marriage Special, Party Wear, Lehenga|Brand=Zari Lane|Blouse=Unstiched|Dupatta Length=2.5 Mtrs|Product Type=Lehenga Choli|Fabric=Dola Silk|Package Contain=1 Lehanga 1 Blouse 1 Dupatta (3 pc)|Made In
=India|Ideal For
=Women|Inner=Micro Cotton| Lehenga Work=Patola Print With Foil Work|Dupatta Work=Potala Print with Gotta Patti Lace Border Also Comes with Tassels"
"Green Dola Silk Patola Print Traditional Lehenga Choli","Lehenga Choli","GREEN","1299","4599","FREE SIZE:50","Zari Lane's Patola Print Traditional Lehenga Choli strikes a perfect balance between timeless tradition and contemporary elegance. Whether attending a special occasion or celebrating India's cultural richness, this outfit is a fantastic choice. It's more than just clothing; it's a reflection of your refined fashion taste, allowing you to cherish the beauty of tradition while embracing modern style. In the Patola Print Traditional Lehenga Choli, you're not just wearing an outfit; you're showcasing a piece of India's cultural legacy and making a remarkable fashion statement.
 In the Patola Print Traditional Lehenga Choli, you're not just wearing an outfit; you're showcasing a piece of India's cultural legacy and making a remarkable fashion statement.""","images/-mkQw7Fl_0.webp|images/-mkQw7Fl_1.webp|images/-mkQw7Fl_2.webp|images/-mkQw7Fl_3.webp","IN THE SPOTLIGHT|LEHENGA CHOLI|NEW ARRIVAL|FRESH COLLECTION","Fabric 1=DOLA SILK|Package Contents=1 Lehanga 1 Blouse 1 Dupatta (3 pc)|Wash Care=Dry Clean Only, Do Not Bleach|Product Weight=0.75|Colour Code=GREEN|Size=FREE SIZE UPTO 44|Country=India|Work=Lehenga Work : Patola Print With Foil Work|Occasions=Festival, Party, Traditional, Wedding, Dulhan Lehenga , Bridal Lehenga, Marriage Special, Party Wear, Lehenga|Brand=Zari Lane|Ideal for=Women|Blouse=Unstitched|Blouse Length=0.80 Mtr|Lehnga Length=42 Mtr|Lehnga Flair=3 Mtr|Dupatta Length=2.4 Mtr"
"White Dola Silk Patola Print Traditional Lehenga Choli","Lehenga Choli","WHITE","1299","4599","FREE SIZE:50","Zari Lane's Patola Print Traditional Lehenga Choli strikes a perfect balance between timeless tradition and contemporary elegance. Whether attending a special occasion or celebrating India's cultural richness, this outfit is a fantastic choice. It's more than just clothing; it's a reflection of your refined fashion taste, allowing you to cherish the beauty of tradition while embracing modern style. In the Patola Print Traditional Lehenga Choli, you're not just wearing an outfit; you're showcasing a piece of India's cultural legacy and making a remarkable fashion statement.
 In the Patola Print Traditional Lehenga Choli, you're not just wearing an outfit; you're showcasing a piece of India's cultural legacy and making a remarkable fashion statement.""","images/It9Nmm0I_0.webp|images/It9Nmm0I_1.webp|images/It9Nmm0I_2.webp|images/It9Nmm0I_3.webp","LEHENGA CHOLI|NEW ARRIVAL|FRESH COLLECTION","Fabric 1=DOLA SILK|Package Contents=1 Lehanga 1 Blouse 1 Dupatta (3 pc)|Wash Care=Dry Clean Only, Do Not Bleach|Product Weight=0.75|Colour Code=WHITE|Size=FREE SIZE UPTO 44|Country=India|Work=Lehenga Work : Patola Print With Foil Work|Occasions=Festival, Party, Traditional, Wedding, Dulhan Lehenga , Bridal Lehenga, Marriage Special, Party Wear, Lehenga|Brand=Zari Lane|Ideal for=Women|Blouse=Unstitched|Blouse Length=0.80 Mtr|Lehnga Length=42 Mtr|Lehnga Flair=3 Mtr|Dupatta Length=2.4 Mtr"
"Yellow Dola Silk Patola Print Traditional Lehenga Choli","Lehenga Choli","YELLOW","1299","4599","FREE SIZE:50","Zari Lane's Patola Print Traditional Lehenga Choli strikes a perfect balance between timeless tradition and contemporary elegance. Whether attending a special occasion or celebrating India's cultural richness, this outfit is a fantastic choice. It's more than just clothing; it's a reflection of your refined fashion taste, allowing you to cherish the beauty of tradition while embracing modern style. In the Patola Print Traditional Lehenga Choli, you're not just wearing an outfit; you're showcasing a piece of India's cultural legacy and making a remarkable fashion statement.
 In the Patola Print Traditional Lehenga Choli, you're not just wearing an outfit; you're showcasing a piece of India's cultural legacy and making a remarkable fashion statement.""","images/EMKsWWbz_0.webp|images/EMKsWWbz_1.webp|images/EMKsWWbz_2.webp|images/EMKsWWbz_3.webp","LEHENGA CHOLI|NEW ARRIVAL|FRESH COLLECTION","Fabric 1=DOLA SILK|Package Contents=1 Lehanga 1 Blouse 1 Dupatta (3 pc)|Wash Care=Dry Clean Only, Do Not Bleach|Product Weight=0.75|Colour Code=YELLOW|Size=FREE SIZE UPTO 44|Country=India|Work=Lehenga Work : Patola Print With Foil Work|Occasions=Festival, Party, Traditional, Wedding, Dulhan Lehenga , Bridal Lehenga, Marriage Special, Party Wear, Lehenga|Brand=Zari Lane|Ideal for=Women|Blouse=Unstitched|Blouse Length=0.80 Mtr|Lehnga Length=42 Mtr|Lehnga Flair=3 Mtr|Dupatta Length=2.4 Mtr"
"White Dola Silk Patola Print Traditional Lehenga Choli","Lehenga Choli","WHITE","1299","4599","FREE SIZE:50","Zari Lane's Patola Print Traditional Lehenga Choli strikes a perfect balance between timeless tradition and contemporary elegance. Whether attending a special occasion or celebrating India's cultural richness, this outfit is a fantastic choice. It's more than just clothing; it's a reflection of your refined fashion taste, allowing you to cherish the beauty of tradition while embracing modern style. In the Patola Print Traditional Lehenga Choli, you're not just wearing an outfit; you're showcasing a piece of India's cultural legacy and making a remarkable fashion statement.
 In the Patola Print Traditional Lehenga Choli, you're not just wearing an outfit; you're showcasing a piece of India's cultural legacy and making a remarkable fashion statement.""","images/xFxBW5YH_0.webp|images/xFxBW5YH_1.webp|images/xFxBW5YH_2.webp|images/xFxBW5YH_3.webp","LEHENGA CHOLI|NEW ARRIVAL|FRESH COLLECTION","Fabric 1=DOLA SILK|Package Contents=1 Lehanga 1 Blouse 1 Dupatta (3 pc)|Wash Care=Dry Clean Only, Do Not Bleach|Product Weight=0.75|Colour Code=WHITE|Size=FREE SIZE UPTO 44|Country=India|Work=Lehenga Work : Patola Print With Foil Work|Occasions=Festival, Party, Traditional, Wedding, Dulhan Lehenga , Bridal Lehenga, Marriage Special, Party Wear, Lehenga|Brand=Zari Lane|Ideal for=Women|Blouse=Unstitched|Blouse Length=0.80 Mtr|Lehnga Length=42 Mtr|Lehnga Flair=3 Mtr|Dupatta Length=2.4 Mtr"
"Purple Dola Silk Patola Print Traditional Lehenga Choli","Lehenga Choli","PURPLE","1299","4599","FREE SIZE:50","Zari Lane's Patola Print Traditional Lehenga Choli strikes a perfect balance between timeless tradition and contemporary elegance. Whether attending a special occasion or celebrating India's cultural richness, this outfit is a fantastic choice. It's more than just clothing; it's a reflection of your refined fashion taste, allowing you to cherish the beauty of tradition while embracing modern style. In the Patola Print Traditional Lehenga Choli, you're not just wearing an outfit; you're showcasing a piece of India's cultural legacy and making a remarkable fashion statement.
 In the Patola Print Traditional Lehenga Choli, you're not just wearing an outfit; you're showcasing a piece of India's cultural legacy and making a remarkable fashion statement.""","images/1nzEGivP_0.webp|images/1nzEGivP_1.webp|images/1nzEGivP_2.webp|images/1nzEGivP_3.webp|images/1nzEGivP_4.webp|images/1nzEGivP_5.webp","LEHENGA CHOLI|NEW ARRIVAL|FRESH COLLECTION","Fabric 1=DOLA SILK|Package Contents=1 Lehanga 1 Blouse 1 Dupatta (3 pc)|Wash Care=Dry Clean Only, Do Not Bleach|Product Weight=0.75|Colour Code=PURPLE|Size=FREE SIZE UPTO 44|Country=India|Work=Lehenga Work : Patola Print With Foil Work|Occasions=Festival, Party, Traditional, Wedding, Dulhan Lehenga , Bridal Lehenga, Marriage Special, Party Wear, Lehenga|Brand=Zari Lane|Ideal for=Women|Blouse=Unstitched|Blouse Length=0.80 Mtr|Lehnga Length=42 Mtr|Lehnga Flair=3 Mtr|Dupatta Length=2.4 Mtr"
"Dola Silk PURPLE Patola Foil Print Traditional Lehenga Choli (Mirror Purple)","Lehenga Choli","WINE","1599","2899","FREE SIZE:50","Elevate your ethnic style with our exquisite Patola Print Traditional Lehenga Choli, a true embodiment of timeless elegance and heritage. This ensemble is a tribute to the centuries-old Patola weaving technique, known for its intricate geometric patterns and vibrant colors. The Patola print on the Lehenga Choli is a testament to the rich craftsmanship and artistry that has been passed down through generations.

Our Lehenga Choli set is a captivating blend of tradition and modern flair. The Patola print adds a touch of regal charm, while the silhouette and design offer contemporary comfort and style. Whether you're attending a wedding, a cultural celebration, or a festive occasion, this ensemble captures the essence of India's textile heritage and allows you to make a striking fashion statement.

With its vivid colors and exquisite craftsmanship, the Patola Print Traditional Lehenga Choli is sure to turn heads and leave a lasting impression. It's a celebration of India's cultural richness and a testament to your refined taste in fashion, making it the perfect choice for those who appreciate the beauty of tradition woven into contemporary elegance.","images/Bt3cW7Sf_0.webp|images/Bt3cW7Sf_1.webp|images/Bt3cW7Sf_2.webp|images/Bt3cW7Sf_3.webp","NEW ARRIVAL|IN THE SPOTLIGHT|BEST SELLERS|LEHENGA CHOLI|FRESH COLLECTION","Wash Care=Dry Clean Only, Do Not Bleach|Colour Code=Wine|Size=FREE SIZE UPTO 44 WAIST SIZE|Country=India|Work=Lehenga Work : Patola Print With Foil Work|Occasions=Festival, Party, Traditional, Wedding, Dulhan Lehenga , Bridal Lehenga, Marriage Special, Party Wear, Lehenga|Brand=Zari Lane|Blouse=Unstiched|Dupatta Length=2.5 Mtrs|Product Type=Lehenga Choli|Fabric=Dola Silk|Package Contain=1 Lehanga 1 Blouse 1 Dupatta (3 pc)|Made In
=India|Ideal For
=Women|Inner=Micro Cotton| Lehenga Work=Patola Print With Foil Work|Dupatta Work=Potala Print with Gotta Patti Lace Border Also Comes with Tassels|Dupatta Fabric=Dola Silk"
"Dola Silk Wine Patola Print Traditional Lehenga Choli (Flower Wine)","Lehenga Choli","WINE","1599","2899","FREE SIZE:50","This Festive Session You Definitely Would Have Worn One Of Your Favourite Outfit. So We Have Curated A Collection Of Patola Print Traditional Lehanga Choli. 
Lehenga(Stitched)
Lehenga Fabric : Dola Silk 
Lehenga Work : Patola Print With Foil Work 
Waist : Supported Up To 46
Lehenga Closer : Drawstring With Heavy Tassels And Zip
Stitching : Stitched With Canvas And Attached With Can Can
Length : 41
Flair : 3.80 Meter 
Inner : Micro Cotton

Blouse(Unstitched)
Blouse Fabric : Dola Silk  
Blouse Work : Patola Print 
Blouse Length : 0.80 Meter

Dupatta
Dupatta Fabric : Dola Silk
Dupatta Work : Patola Print With Gotta Patti Lace Border Also Comes With Tassels 
Dupatta Length : 2.5 Meter

Package Contain : Lehenga, Blouse, Dupatta","images/MM0Y8s4n_0.webp|images/MM0Y8s4n_1.webp|images/MM0Y8s4n_2.webp|images/MM0Y8s4n_3.webp|images/MM0Y8s4n_4.webp|images/MM0Y8s4n_5.webp","NEW ARRIVAL|IN THE SPOTLIGHT|BEST SELLERS|LEHENGA CHOLI|TOP SELLER|FRESH COLLECTION","Wash Care=Dry Clean Only, Do Not Bleach|Colour Code=Wine|Size=FREE SIZE UPTO 44 WAIST SIZE|Country=India|Work=Lehenga Work : Patola Print With Foil Work|Occasions=Festival, Party, Traditional, Wedding, Dulhan Lehenga , Bridal Lehenga, Marriage Special, Party Wear, Lehenga|Brand=Zari Lane|Blouse=Unstiched|Dupatta Length=2.5 Mtrs|Product Type=Lehenga Choli|Fabric=Dola Silk|Package Contain=1 Lehanga 1 Blouse 1 Dupatta (3 pc)|Made In
=India|Ideal For
=Women|Inner=Micro Cotton| Lehenga Work=Patola Print With Foil Work|Dupatta Work=Potala Print with Gotta Patti Lace Border Also Comes with Tassels"
"Dola Silk Pink Patola Print Traditional Lehenga Choli (Flower Pink)","Lehenga Choli","PINK","1599","2899","FREE SIZE:50","This Festive Session You Definitely Would Have Worn One Of Your Favourite Outfit. So We Have Curated A Collection Of Patola Print Traditional Lehanga Choli. 
Lehenga(Stitched)
Lehenga Fabric : Dola Silk 
Lehenga Work : Patola Print With Foil Work 
Waist : Supported Up To 46
Lehenga Closer : Drawstring With Heavy Tassels And Zip
Stitching : Stitched With Canvas And Attached With Can Can
Length : 41
Flair : 3.80 Meter 
Inner : Micro Cotton

Blouse(Unstitched)
Blouse Fabric : Dola Silk  
Blouse Work : Patola Print 
Blouse Length : 0.80 Meter

Dupatta
Dupatta Fabric : Dola Silk
Dupatta Work : Patola Print With Gotta Patti Lace Border Also Comes With Tassels 
Dupatta Length : 2.5 Meter

Package Contain : Lehenga, Blouse, Dupatta","images/tWIy-N0U_0.webp|images/tWIy-N0U_1.webp|images/tWIy-N0U_2.webp|images/tWIy-N0U_3.webp|images/tWIy-N0U_4.webp|images/tWIy-N0U_5.webp","NEW ARRIVAL|IN THE SPOTLIGHT|BEST SELLERS|LEHENGA CHOLI|TOP SELLER|FRESH COLLECTION","Wash Care=Dry Clean Only, Do Not Bleach|Colour Code=Pink|Size=FREE SIZE UPTO 44 WAIST SIZE|Country=India|Work=Lehenga Work : Patola Print With Foil Work|Occasions=Festival, Party, Traditional, Wedding, Dulhan Lehenga , Bridal Lehenga, Marriage Special, Party Wear, Lehenga|Brand=Zari Lane|Blouse=Unstiched|Dupatta Length=2.5 Mtrs|Product Type=Lehenga Choli|Fabric=Dola Silk|Package Contain=1 Lehanga 1 Blouse 1 Dupatta (3 pc)|Made In
=India|Ideal For
=Women|Inner=Micro Cotton| Lehenga Work=Patola Print With Foil Work|Dupatta Work=Potala Print with Gotta Patti Lace Border Also Comes with Tassels"
"Dola Silk Blue Patola Print Traditional Lehenga Choli (Flower N.Blue)","Lehenga Choli","N.BLUE","1599","2899","FREE SIZE:50","This Festive Session You Definitely Would Have Worn One Of Your Favourite Outfit. So We Have Curated A Collection Of Patola Print Traditional Lehanga Choli. 
Lehenga(Stitched)
Lehenga Fabric : Dola Silk 
Lehenga Work : Patola Print With Foil Work 
Waist : Supported Up To 42
Stitching : Stitched With Canvas And Attached With Can Can
Length : 41
Flair : 3.30 Meter 
Inner : Micro Cotton

Blouse(Unstitched)
Blouse Fabric : Dola Silk  
Blouse Work : Patola Print 
Blouse Length : 0.80 Meter

Dupatta
Dupatta Fabric : Dola Silk
Dupatta Work : Patola Print With Gotta Patti Lace Border Also Comes With Tassels 
Dupatta Length : 2.5 Meter

Package Contain : Lehenga, Blouse, Dupatta","images/PQYYJ722_0.webp|images/PQYYJ722_1.webp|images/PQYYJ722_2.webp|images/PQYYJ722_3.webp|images/PQYYJ722_4.webp|images/PQYYJ722_5.webp|images/PQYYJ722_6.webp","NEW ARRIVAL|IN THE SPOTLIGHT|BEST SELLERS|LEHENGA CHOLI|TOP SELLER|FRESH COLLECTION","Wash Care=Dry Clean Only, Do Not Bleach|Colour Code=Navy Blue|Size=FREE SIZE UPTO 44 WAIST SIZE|Country=India|Work=Lehenga Work : Patola Print With Foil Work|Occasions=Festival, Party, Traditional, Wedding, Dulhan Lehenga , Bridal Lehenga, Marriage Special, Party Wear, Lehenga|Brand=Zari Lane|Blouse=Unstiched|Dupatta Length=2.5 Mtrs|Product Type=Lehenga Choli|Fabric=Dola Silk|Package Contain=1 Lehanga 1 Blouse 1 Dupatta (3 pc)|Made In
=India|Ideal For
=Women|Inner=Micro Cotton| Lehenga Work=Patola Print With Foil Work|Dupatta Work=Potala Print with Gotta Patti Lace Border Also Comes with Tassels"
"Green Dola Silk Patola Print Traditional Lehenga Choli","Lehenga Choli","GREEN","1299","4599","FREE SIZE:50","Zari Lane's Patola Print Traditional Lehenga Choli strikes a perfect balance between timeless tradition and contemporary elegance. Whether attending a special occasion or celebrating India's cultural richness, this outfit is a fantastic choice. It's more than just clothing; it's a reflection of your refined fashion taste, allowing you to cherish the beauty of tradition while embracing modern style. In the Patola Print Traditional Lehenga Choli, you're not just wearing an outfit; you're showcasing a piece of India's cultural legacy and making a remarkable fashion statement.
 In the Patola Print Traditional Lehenga Choli, you're not just wearing an outfit; you're showcasing a piece of India's cultural legacy and making a remarkable fashion statement.""","images/_QiyTFZp_0.webp|images/_QiyTFZp_1.webp|images/_QiyTFZp_2.webp|images/_QiyTFZp_3.webp|images/_QiyTFZp_4.webp","LEHENGA CHOLI|NEW ARRIVAL|FRESH COLLECTION","Fabric 1=DOLA SILK|Package Contents=1 Lehanga 1 Blouse 1 Dupatta (3 pc)|Wash Care=Dry Clean Only, Do Not Bleach|Product Weight=0.75|Colour Code=GREEN|Size=FREE SIZE UPTO 44|Country=India|Work=Lehenga Work : Patola Print With Foil Work|Occasions=Festival, Party, Traditional, Wedding, Dulhan Lehenga , Bridal Lehenga, Marriage Special, Party Wear, Lehenga|Brand=Zari Lane|Ideal for=Women|Blouse=Unstitched|Blouse Length=0.80 Mtr|Lehnga Length=42 Mtr|Lehnga Flair=3 Mtr|Dupatta Length=2.4 Mtr"
"Navy Blue Dola Silk Patola Print Traditional Lehenga Choli","Lehenga Choli","N.BLUE","1299","4599","FREE SIZE:50","Zari Lane's Patola Print Traditional Lehenga Choli strikes a perfect balance between timeless tradition and contemporary elegance. Whether attending a special occasion or celebrating India's cultural richness, this outfit is a fantastic choice. It's more than just clothing; it's a reflection of your refined fashion taste, allowing you to cherish the beauty of tradition while embracing modern style. In the Patola Print Traditional Lehenga Choli, you're not just wearing an outfit; you're showcasing a piece of India's cultural legacy and making a remarkable fashion statement.
 In the Patola Print Traditional Lehenga Choli, you're not just wearing an outfit; you're showcasing a piece of India's cultural legacy and making a remarkable fashion statement.""","images/8adwNFm2_0.webp|images/8adwNFm2_1.webp|images/8adwNFm2_2.webp|images/8adwNFm2_3.webp|images/8adwNFm2_4.webp|images/8adwNFm2_5.webp","LEHENGA CHOLI|NEW ARRIVAL|FRESH COLLECTION","Fabric 1=DOLA SILK|Package Contents=1 Lehanga 1 Blouse 1 Dupatta (3 pc)|Wash Care=Dry Clean Only, Do Not Bleach|Product Weight=0.75|Colour Code=NAVY BLUE|Size=FREE SIZE UPTO 44|Country=India|Work=Lehenga Work : Patola Print With Foil Work|Occasions=Festival, Party, Traditional, Wedding, Dulhan Lehenga , Bridal Lehenga, Marriage Special, Party Wear, Lehenga|Brand=Zari Lane|Ideal for=Women|Blouse=Unstitched|Blouse Length=0.80 Mtr|Lehnga Length=42 Mtr|Lehnga Flair=3 Mtr|Dupatta Length=2.4 Mtr"
"Dola Silk Black Patola Print Traditional Lehenga Choli","Lehenga Choli","BLACK","1599","2899","FREE SIZE:50","This Festive Session You Definitely Would Have Worn One Of Your Favourite Outfit. So We Have Curated A Collection Of Patola Print Traditional Lehanga Choli. 
Lehenga(Stitched)
Lehenga Fabric : Dola Silk 
Lehenga Work : Patola Print With Foil Work 
Waist : Supported Up To 46
Lehenga Closer : Drawstring With Heavy Tassels And Zip
Stitching : Stitched With Canvas And Attached With Can Can
Length : 41
Flair : 3.80 Meter 
Inner : Micro Cotton

Blouse(Unstitched)
Blouse Fabric : Dola Silk  
Blouse Work : Patola Print 
Blouse Length : 0.80 Meter

Dupatta
Dupatta Fabric : Dola Silk
Dupatta Work : Patola Print With Gotta Patti Lace Border Also Comes With Tassels 
Dupatta Length : 2.5 Meter

Package Contain : Lehenga, Blouse, Dupatta","images/31_zUDof_0.webp|images/31_zUDof_1.webp","LEHENGA CHOLI|NEW ARRIVAL|FRESH COLLECTION","Wash Care=Dry Clean Only, Do Not Bleach|Colour Code=Black|Country=India|Work=Lehenga Work : Patola Print With Foil Work|Occasions=Festival, Party, Traditional, Wedding, Dulhan Lehenga , Bridal Lehenga, Marriage Special, Party Wear, Lehenga|Brand=Zari Lane|Blouse=Unstiched|Dupatta Length=2.5 Mtrs|Product Type=Lehenga Choli|Fabric=Dola Silk|Package Contain=1 Lehanga 1 Blouse 1 Dupatta (3 pc)|Made In
=India|Ideal For
=Women|Inner=Micro Cotton| Lehenga Work=Patola Print With Foil Work|Dupatta Work=Potala Print with Gotta Patti Lace Border Also Comes with Tassels"
"Purple Dola Silk Patola Print Traditional Lehenga Choli","Lehenga Choli","PURPLE","1299","4599","FREE SIZE:50","Zari Lane's Patola Print Traditional Lehenga Choli strikes a perfect balance between timeless tradition and contemporary elegance. Whether attending a special occasion or celebrating India's cultural richness, this outfit is a fantastic choice. It's more than just clothing; it's a reflection of your refined fashion taste, allowing you to cherish the beauty of tradition while embracing modern style. In the Patola Print Traditional Lehenga Choli, you're not just wearing an outfit; you're showcasing a piece of India's cultural legacy and making a remarkable fashion statement.
 In the Patola Print Traditional Lehenga Choli, you're not just wearing an outfit; you're showcasing a piece of India's cultural legacy and making a remarkable fashion statement.""","images/ZF_jDfpC_0.webp|images/ZF_jDfpC_1.webp","LEHENGA CHOLI|NEW ARRIVAL|FRESH COLLECTION","Fabric 1=DOLA SILK|Package Contents=1 Lehanga 1 Blouse 1 Dupatta (3 pc)|Wash Care=Dry Clean Only, Do Not Bleach|Product Weight=0.75|Colour Code=PURPLE|Size=FREE SIZE UPTO 44|Country=India|Work=Lehenga Work : Patola Print With Foil Work|Occasions=Festival, Party, Traditional, Wedding, Dulhan Lehenga , Bridal Lehenga, Marriage Special, Party Wear, Lehenga|Brand=Zari Lane|Ideal for=Women|Blouse=Unstitched|Blouse Length=0.80 Mtr|Lehnga Length=42 Mtr|Lehnga Flair=3 Mtr|Dupatta Length=2.4 Mtr|Product Type=lehenga choli|Ideal For=Women|Color=Purple"
"Dola Silk Green Patola Print Traditional Lehenga Choli","Lehenga Choli","GREEN","1599","2899","FREE SIZE:50","This Festive Session You Definitely Would Have Worn One Of Your Favourite Outfit. So We Have Curated A Collection Of Patola Print Traditional Lehanga Choli. 
Lehenga(Stitched)
Lehenga Fabric : Dola Silk 
Lehenga Work : Patola Print With Foil Work 
Waist : Supported Up To 46
Lehenga Closer : Drawstring With Heavy Tassels And Zip
Stitching : Stitched With Canvas And Attached With Can Can
Length : 41
Flair : 3.80 Meter 
Inner : Micro Cotton

Blouse(Unstitched)
Blouse Fabric : Dola Silk  
Blouse Work : Patola Print 
Blouse Length : 0.80 Meter

Dupatta
Dupatta Fabric : Dola Silk
Dupatta Work : Patola Print With Gotta Patti Lace Border Also Comes With Tassels 
Dupatta Length : 2.5 Meter

Package Contain : Lehenga, Blouse, Dupatta","images/ntFoOBs-_0.webp|images/ntFoOBs-_1.webp","LEHENGA CHOLI|NEW ARRIVAL|FRESH COLLECTION","Wash Care=Dry Clean Only, Do Not Bleach|Colour Code=Green|Country=India|Work=Lehenga Work : Patola Print With Foil Work|Occasions=Festival, Party, Traditional, Wedding, Dulhan Lehenga , Bridal Lehenga, Marriage Special, Party Wear, Lehenga|Brand=Zari Lane|Blouse=Unstiched|Dupatta Length=2.5 Mtrs|Product Type=Lehenga Choli|Fabric=Dola Silk|Package Contain=1 Lehanga 1 Blouse 1 Dupatta (3 pc)|Made In
=India|Ideal For
=Women|Inner=Micro Cotton| Lehenga Work=Patola Print With Foil Work|Dupatta Work=Potala Print with Gotta Patti Lace Border Also Comes with Tassels"
"Firozi Dola Silk Lehenga Choli with Heavy Embroidery on Dupatta","Lehenga Choli","FIROJI","1299","2899","FREE SIZE:50","Zari Lane's Patola Print Traditional Lehenga Choli strikes a perfect balance between timeless tradition and contemporary elegance. Whether attending a special occasion or celebrating India's cultural richness, this outfit is a fantastic choice. It's more than just clothing; it's a reflection of your refined fashion taste, allowing you to cherish the beauty of tradition while embracing modern style. In the Patola Print Traditional Lehenga Choli, you're not just wearing an outfit; you're showcasing a piece of India's cultural legacy and making a remarkable fashion statement.
 In the Patola Print Traditional Lehenga Choli, you're not just wearing an outfit; you're showcasing a piece of India's cultural legacy and making a remarkable fashion statement.""","images/s4r9UYIV_0.webp|images/s4r9UYIV_1.webp|images/s4r9UYIV_2.webp","LEHENGA CHOLI|NEW ARRIVAL|FRESH COLLECTION","Fabric 1=DOLA SILK|Package Contents=1 Lehanga 1 Blouse 1 Dupatta (3 pc)|Wash Care=Dry Clean Only, Do Not Bleach|Product Weight=0.75|Colour Code=FIROJI|Size=FREE SIZE UPTO 44|Country=India|Work=Lehenga Work : Patola Print With Foil Work|Occasions=Festival, Party, Traditional, Wedding, Dulhan Lehenga , Bridal Lehenga, Marriage Special, Party Wear, Lehenga|Brand=Zari Lane|Ideal for=Women|Blouse=Unstitched|Blouse Length=0.80 Mtr|Lehnga Length=42 Mtr|Lehnga Flair=3 Mtr|Dupatta Length=2.4 Mtr|Ideal For=Women"
"Yellowish Orange Readymade Indian Dola Silk Dola Silk A Line Lehenga Choli Set for Women With Designer Blouse and Dupatta For Wedding","Lehenga Choli","YELLOW","1299","3199","FREE SIZE:50","Lehenga Color: Yellowish Orange|| Blouse Colour: Red Wine || Dupatta Colour: Red Wine
Lehenga Fabric: Dola Silk, Choli Fabric: Dola Silk, Dupatta Fabric: Naylon Tussar Silk A Line Lehenga Color :- Yellowish Orange || Blouse Colour :- Red Wine || Dupatta Colour :- Red Wine
Lehenga Work: || Blouse Work: || Dupatta Work:

Suitable For: Wedding, Party Wear, Festival, Navratri, Bridal All Functions || Best Gift for Your Loved Ones
Lehenga Choli Is a Traditional Indian Outfit Typically Worn by Women for Special Occasions Such as Weddings, Festivals, And Formal Events. The Outfit Consists of a Long","images/tHCuT1BN_0.webp|images/tHCuT1BN_1.webp|images/tHCuT1BN_2.webp|images/tHCuT1BN_3.webp","LEHENGA CHOLI|NEW ARRIVAL|FRESH COLLECTION","Fabric 1=DOLA SILK|Package Contents=1 Lehanga 1 Blouse 1 Dupatta (3 pc)|Wash Care=Dry Clean Only, Do Not Bleach|Product Weight=0.75|Colour Code=YELLOW|Size=FREE SIZE UPTO 44|Country=India|Work=Lehenga Work : Patola Print With Foil Work|Occasions=Festival, Party, Traditional, Wedding, Dulhan Lehenga , Bridal Lehenga, Marriage Special, Party Wear, Lehenga|Brand=Zari Lane|Ideal for=Women|Blouse=Unstitched|Blouse Length=0.80 Mtr|Lehnga Length=42 Mtr|Lehnga Flair=3 Mtr|Dupatta Length=2.4 Mtr|Product Type=Lehenga Choli|Made In
=India|Ideal For
=Women|Inner=Micro Cotton| Lehenga Work=Patola Print With Foil Work|Dupatta Work=Potala Print with Gotta Patti Lace Border Also Comes with Tassels|Dupatta Fabric=Dola Silk"
"GREEN COLOR SILK LEHENGA CHOLI WITH PATOLA PRINT DUPATTA","Lehenga Choli","GREEN","1299","4599","FREE SIZE:50","Zari Lane's Patola Print Traditional Lehenga Choli strikes a perfect balance between timeless tradition and contemporary elegance. Whether attending a special occasion or celebrating India's cultural richness, this outfit is a fantastic choice. It's more than just clothing; it's a reflection of your refined fashion taste, allowing you to cherish the beauty of tradition while embracing modern style. In the Patola Print Traditional Lehenga Choli, you're not just wearing an outfit; you're showcasing a piece of India's cultural legacy and making a remarkable fashion statement.
 In the Patola Print Traditional Lehenga Choli, you're not just wearing an outfit; you're showcasing a piece of India's cultural legacy and making a remarkable fashion statement.""","images/oBZzmF8k_0.webp|images/oBZzmF8k_1.webp|images/oBZzmF8k_2.webp|images/oBZzmF8k_3.webp|images/oBZzmF8k_4.webp","LEHENGA CHOLI|NEW ARRIVAL|FRESH COLLECTION","Fabric 1=DOLA SILK|Package Contents=1 Lehanga 1 Blouse 1 Dupatta (3 pc)|Wash Care=Dry Clean Only, Do Not Bleach|Product Weight=0.75|Colour Code=GREEN|Size=FREE SIZE UPTO 44|Country=India|Work=Lehenga Work : Potala Print with Gotta Patti Lace Border Also Comes with Tassels|Occasions=Festival, Party, Traditional, Wedding, Dulhan Lehenga , Bridal Lehenga, Marriage Special, Party Wear, Lehenga|Brand=Zari Lane|Ideal for=Women|Blouse=Unstitched|Blouse Length=0.80 Mtr|Lehnga Length=42 Mtr|Lehnga Flair=3 Mtr|Dupatta Length=2.4 Mtr|Ideal For=Women|Color=Green"
"NAVY BLUE COLOR SILK LEHENGA CHOLI WITH PATOLA PRINT DUPATTA","Lehenga Choli","N.BLUE","1299","4599","FREE SIZE:50","Zari Lane's Patola Print Traditional Lehenga Choli strikes a perfect balance between timeless tradition and contemporary elegance. Whether attending a special occasion or celebrating India's cultural richness, this outfit is a fantastic choice. It's more than just clothing; it's a reflection of your refined fashion taste, allowing you to cherish the beauty of tradition while embracing modern style. In the Patola Print Traditional Lehenga Choli, you're not just wearing an outfit; you're showcasing a piece of India's cultural legacy and making a remarkable fashion statement.
 In the Patola Print Traditional Lehenga Choli, you're not just wearing an outfit; you're showcasing a piece of India's cultural legacy and making a remarkable fashion statement.""","images/Q-7h8UzK_0.webp|images/Q-7h8UzK_1.webp|images/Q-7h8UzK_2.webp|images/Q-7h8UzK_3.webp|images/Q-7h8UzK_4.webp","LEHENGA CHOLI|NEW ARRIVAL|FRESH COLLECTION","Fabric 1=DOLA SILK|Package Contents=1 Lehanga 1 Blouse 1 Dupatta (3 pc)|Wash Care=Dry Clean Only, Do Not Bleach|Product Weight=0.75|Colour Code=NAVY BLUE|Size=FREE SIZE UPTO 44|Country=India|Work=Lehenga Work : Potala Print with Gotta Patti Lace Border Also Comes with Tassels|Occasions=Festival, Party, Traditional, Wedding, Dulhan Lehenga , Bridal Lehenga, Marriage Special, Party Wear, Lehenga|Brand=Zari Lane|Ideal for=Women|Blouse=Unstitched|Blouse Length=0.80 Mtr|Lehnga Length=42 Mtr|Lehnga Flair=3 Mtr|Dupatta Length=2.4 Mtr|Ideal For=Women|Color=Navy Blue"
"Wine Patola Print Traditional Lehenga Choli (Flower Wine)","Lehenga Choli","WINE","1299","4599","FREE SIZE:50","Zari Lane's Patola Print Traditional Lehenga Choli strikes a perfect balance between timeless tradition and contemporary elegance. Whether attending a special occasion or celebrating India's cultural richness, this outfit is a fantastic choice. It's more than just clothing; it's a reflection of your refined fashion taste, allowing you to cherish the beauty of tradition while embracing modern style. In the Patola Print Traditional Lehenga Choli, you're not just wearing an outfit; you're showcasing a piece of India's cultural legacy and making a remarkable fashion statement.
 In the Patola Print Traditional Lehenga Choli, you're not just wearing an outfit; you're showcasing a piece of India's cultural legacy and making a remarkable fashion statement.""","images/3RhVmTlY_0.webp|images/3RhVmTlY_1.webp|images/3RhVmTlY_2.webp|images/3RhVmTlY_3.webp|images/3RhVmTlY_4.webp","LEHENGA CHOLI|NEW ARRIVAL|FRESH COLLECTION","Fabric 1=DOLA SILK|Package Contents=1 Lehanga 1 Blouse 1 Dupatta (3 pc)|Wash Care=Dry Clean Only, Do Not Bleach|Product Weight=0.75|Colour Code=WINE|Size=FREE SIZE UPTO 44|Country=India|Work=Lehenga Work : Potala Print with Gotta Patti Lace Border Also Comes with Tassels|Occasions=Festival, Party, Traditional, Wedding, Dulhan Lehenga , Bridal Lehenga, Marriage Special, Party Wear, Lehenga|Brand=Zari Lane|Ideal for=Women|Blouse=Unstitched|Blouse Length=0.80 Mtr|Lehnga Length=42 Mtr|Lehnga Flair=3 Mtr|Dupatta Length=2.4 Mtr|Ideal For=Women|Color=Wine"
"Pink Patola Print Traditional Lehenga Choli (Flower Pink)","Lehenga Choli","PINK","1299","4599","FREE SIZE:50","Zari Lane's Patola Print Traditional Lehenga Choli strikes a perfect balance between timeless tradition and contemporary elegance. Whether attending a special occasion or celebrating India's cultural richness, this outfit is a fantastic choice. It's more than just clothing; it's a reflection of your refined fashion taste, allowing you to cherish the beauty of tradition while embracing modern style. In the Patola Print Traditional Lehenga Choli, you're not just wearing an outfit; you're showcasing a piece of India's cultural legacy and making a remarkable fashion statement.
 In the Patola Print Traditional Lehenga Choli, you're not just wearing an outfit; you're showcasing a piece of India's cultural legacy and making a remarkable fashion statement.""","images/gGXkoaJi_0.webp|images/gGXkoaJi_1.webp|images/gGXkoaJi_2.webp|images/gGXkoaJi_3.webp|images/gGXkoaJi_4.webp","LEHENGA CHOLI","Fabric 1=DOLA SILK|Package Contents=1 Lehanga 1 Blouse 1 Dupatta (3 pc)|Wash Care=Dry Clean Only, Do Not Bleach|Product Weight=0.75|Colour Code=PINK|Size=FREE SIZE UPTO 44|Country=India|Work=Lehenga Work : Potala Print with Gotta Patti Lace Border Also Comes with Tassels|Occasions=Festival, Party, Traditional, Wedding, Dulhan Lehenga , Bridal Lehenga, Marriage Special, Party Wear, Lehenga|Brand=Zari Lane|Ideal for=Women|Blouse=Unstitched|Blouse Length=0.80 Mtr|Lehnga Length=42 Mtr|Lehnga Flair=3 Mtr|Dupatta Length=2.4 Mtr|Ideal For=Women|Color=Pink"
"Blue Patola Print Traditional Lehenga Choli (Flower N.Blue)","Lehenga Choli","N.BLUE","1299","4599","FREE SIZE:50","Zari Lane's Patola Print Traditional Lehenga Choli strikes a perfect balance between timeless tradition and contemporary elegance. Whether attending a special occasion or celebrating India's cultural richness, this outfit is a fantastic choice. It's more than just clothing; it's a reflection of your refined fashion taste, allowing you to cherish the beauty of tradition while embracing modern style. In the Patola Print Traditional Lehenga Choli, you're not just wearing an outfit; you're showcasing a piece of India's cultural legacy and making a remarkable fashion statement.
 In the Patola Print Traditional Lehenga Choli, you're not just wearing an outfit; you're showcasing a piece of India's cultural legacy and making a remarkable fashion statement.""","images/UXQVc9YG_0.webp|images/UXQVc9YG_1.webp|images/UXQVc9YG_2.webp|images/UXQVc9YG_3.webp|images/UXQVc9YG_4.webp|images/UXQVc9YG_5.webp|images/UXQVc9YG_6.webp","LEHENGA CHOLI","Fabric 1=DOLA SILK|Package Contents=1 Lehanga 1 Blouse 1 Dupatta (3 pc)|Wash Care=Dry Clean Only, Do Not Bleach|Product Weight=0.75|Colour Code=NAVY BLUE|Size=FREE SIZE UPTO 44|Country=India|Work=Lehenga Work : Potala Print with Gotta Patti Lace Border Also Comes with Tassels|Occasions=Festival, Party, Traditional, Wedding, Dulhan Lehenga , Bridal Lehenga, Marriage Special, Party Wear, Lehenga|Brand=Zari Lane|Ideal for=Women|Blouse=Unstitched|Blouse Length=0.80 Mtr|Lehnga Length=42 Mtr|Lehnga Flair=3 Mtr|Dupatta Length=2.4 Mtr|Ideal For=Women|Color=Navy Blue"
"Red Patola Print Traditional Lehenga Choli (Flower Red)","Lehenga Choli","RED","1299","4599","FREE SIZE:50","Zari Lane's Patola Print Traditional Lehenga Choli strikes a perfect balance between timeless tradition and contemporary elegance. Whether attending a special occasion or celebrating India's cultural richness, this outfit is a fantastic choice. It's more than just clothing; it's a reflection of your refined fashion taste, allowing you to cherish the beauty of tradition while embracing modern style. In the Patola Print Traditional Lehenga Choli, you're not just wearing an outfit; you're showcasing a piece of India's cultural legacy and making a remarkable fashion statement.
 In the Patola Print Traditional Lehenga Choli, you're not just wearing an outfit; you're showcasing a piece of India's cultural legacy and making a remarkable fashion statement.""","images/K__nUV0s_0.webp|images/K__nUV0s_1.webp|images/K__nUV0s_2.webp|images/K__nUV0s_3.webp|images/K__nUV0s_4.webp","LEHENGA CHOLI","Fabric 1=DOLA SILK|Package Contents=1 Lehanga 1 Blouse 1 Dupatta (3 pc)|Wash Care=Dry Clean Only, Do Not Bleach|Product Weight=0.75|Colour Code=RED|Size=FREE SIZE UPTO 44|Country=India|Work=Lehenga Work : Potala Print with Gotta Patti Lace Border Also Comes with Tassels|Occasions=Festival, Party, Traditional, Wedding, Dulhan Lehenga , Bridal Lehenga, Marriage Special, Party Wear, Lehenga|Brand=Zari Lane|Ideal for=Women|Blouse=Unstitched|Blouse Length=0.80 Mtr|Lehnga Length=42 Mtr|Lehnga Flair=3 Mtr|Dupatta Length=2.4 Mtr|Ideal For=Women|Color=Red"
"MAROON COLOR SILK LEHENGA CHOLI WITH PATOLA PRINT DUPATTA","Lehenga Choli","MAROON","1299","4599","FREE SIZE:50","Zari Lane's Patola Print Traditional Lehenga Choli strikes a perfect balance between timeless tradition and contemporary elegance. Whether attending a special occasion or celebrating India's cultural richness, this outfit is a fantastic choice. It's more than just clothing; it's a reflection of your refined fashion taste, allowing you to cherish the beauty of tradition while embracing modern style. In the Patola Print Traditional Lehenga Choli, you're not just wearing an outfit; you're showcasing a piece of India's cultural legacy and making a remarkable fashion statement.
 In the Patola Print Traditional Lehenga Choli, you're not just wearing an outfit; you're showcasing a piece of India's cultural legacy and making a remarkable fashion statement.""","images/E7hp9rh5_0.webp|images/E7hp9rh5_1.webp|images/E7hp9rh5_2.webp|images/E7hp9rh5_3.webp|images/E7hp9rh5_4.webp","LEHENGA CHOLI","Fabric 1=DOLA SILK|Package Contents=1 Lehanga 1 Blouse 1 Dupatta (3 pc)|Wash Care=Dry Clean Only, Do Not Bleach|Product Weight=0.75|Colour Code=MAROON|Size=FREE SIZE UPTO 44|Country=India|Work=Lehenga Work : Potala Print with Gotta Patti Lace Border Also Comes with Tassels|Occasions=Festival, Party, Traditional, Wedding, Dulhan Lehenga , Bridal Lehenga, Marriage Special, Party Wear, Lehenga|Brand=Zari Lane|Ideal for=Women|Blouse=Unstitched|Blouse Length=0.80 Mtr|Lehnga Length=42 Mtr|Lehnga Flair=3 Mtr|Dupatta Length=2.4 Mtr|Ideal For=Women|Color=Maroon"
"Tussar Silk Maroon Fabulously Patola Printed Stitched Lehenga & Blouse With Dupatta","Lehenga Choli","MAROON","1299","4599","FREE SIZE:50","Elevate your ethnic wardrobe with our exquisite Lehenga Choli collection, curated to perfection for the modern Indian woman. Crafted with luxurious fabrics and adorned with intricate embroidery, each ensemble exudes timeless elegance and grace. From vibrant hues to subtle pastels, our range offers a diverse selection to suit every taste and occasion. Whether it's a wedding celebration, festive gala, or cultural event, our Lehenga Cholis are designed to make you feel confident and captivating. Discover the epitome of traditional charm and contemporary flair with our handpicked designs. Shop now and indulge in the allure of Lehenga Choli couture.","images/6i2yRQrb_0.webp|images/6i2yRQrb_1.webp","LEHENGA CHOLI","Fabric 1=DOLA SILK|Package Contents=1 Lehanga 1 Blouse 1 Dupatta (3 pc)|Wash Care=Dry Clean Only, Do Not Bleach|Product Weight=0.75|Colour Code=MAROON|Size=FREE SIZE UPTO 44|Country=India|Work=Lehenga Work : Patola Print With Foil Work|Occasions=Festival, Party, Traditional, Wedding, Dulhan Lehenga , Bridal Lehenga, Marriage Special, Party Wear, Lehenga|Brand=Zari Lane|Ideal for=Women|Blouse=Unstitched|Blouse Length=0.80 Mtr|Lehnga Length=42 Mtr|Lehnga Flair=3 Mtr|Dupatta Length=2.4 Mtr"
"Tussar Silk Mustard Fabulously Patola Printed Stitched Lehenga & Blouse With Dupatta","Lehenga Choli","MUSTARD","1299","4599","FREE SIZE:50","Elevate your ethnic wardrobe with our exquisite Lehenga Choli collection, curated to perfection for the modern Indian woman. Crafted with luxurious fabrics and adorned with intricate embroidery, each ensemble exudes timeless elegance and grace. From vibrant hues to subtle pastels, our range offers a diverse selection to suit every taste and occasion. Whether it's a wedding celebration, festive gala, or cultural event, our Lehenga Cholis are designed to make you feel confident and captivating. Discover the epitome of traditional charm and contemporary flair with our handpicked designs. Shop now and indulge in the allure of Lehenga Choli couture.","images/kIiRAK9H_0.webp|images/kIiRAK9H_1.webp","LEHENGA CHOLI","Fabric 1=DOLA SILK|Package Contents=1 Lehanga 1 Blouse 1 Dupatta (3 pc)|Wash Care=Dry Clean Only, Do Not Bleach|Product Weight=0.75|Colour Code=MUSTARD|Size=FREE SIZE UPTO 44|Country=India|Work=Lehenga Work : Patola Print With Foil Work|Occasions=Festival, Party, Traditional, Wedding, Dulhan Lehenga , Bridal Lehenga, Marriage Special, Party Wear, Lehenga|Brand=Zari Lane|Ideal for=Women|Blouse=Unstitched|Blouse Length=0.80 Mtr|Lehnga Length=42 Mtr|Lehnga Flair=3 Mtr|Dupatta Length=2.4 Mtr"
"Tussar Silk Mustard Fabulously Patola Printed Stitched Lehenga & Blouse With Dupatta","Lehenga Choli","MUSTARD","1299","4599","FREE SIZE:50","Elevate your ethnic wardrobe with our exquisite Lehenga Choli collection, curated to perfection for the modern Indian woman. Crafted with luxurious fabrics and adorned with intricate embroidery, each ensemble exudes timeless elegance and grace. From vibrant hues to subtle pastels, our range offers a diverse selection to suit every taste and occasion. Whether it's a wedding celebration, festive gala, or cultural event, our Lehenga Cholis are designed to make you feel confident and captivating. Discover the epitome of traditional charm and contemporary flair with our handpicked designs. Shop now and indulge in the allure of Lehenga Choli couture.","images/0TYmvLn-_0.webp|images/0TYmvLn-_1.webp|images/0TYmvLn-_2.webp|images/0TYmvLn-_3.webp|images/0TYmvLn-_4.webp|images/0TYmvLn-_5.webp","LEHENGA CHOLI","Fabric 1=DOLA SILK|Package Contents=1 Lehanga 1 Blouse 1 Dupatta (3 pc)|Wash Care=Dry Clean Only, Do Not Bleach|Product Weight=0.75|Colour Code=MUSTARD|Size=FREE SIZE UPTO 44|Country=India|Work=Lehenga Work : Patola Print With Foil Work|Occasions=Festival, Party, Traditional, Wedding, Dulhan Lehenga , Bridal Lehenga, Marriage Special, Party Wear, Lehenga|Brand=Zari Lane|Ideal for=Women|Blouse=Unstitched|Blouse Length=0.80 Mtr|Lehnga Length=42 Mtr|Lehnga Flair=3 Mtr|Dupatta Length=2.4 Mtr"
"Tussar Silk Green Fabulously Patola Printed Stitched Lehenga & Blouse With Dupatta","Lehenga Choli","GREEN","1299","4599","FREE SIZE:50","Elevate your ethnic wardrobe with our exquisite Lehenga Choli collection, curated to perfection for the modern Indian woman. Crafted with luxurious fabrics and adorned with intricate embroidery, each ensemble exudes timeless elegance and grace. From vibrant hues to subtle pastels, our range offers a diverse selection to suit every taste and occasion. Whether it's a wedding celebration, festive gala, or cultural event, our Lehenga Cholis are designed to make you feel confident and captivating. Discover the epitome of traditional charm and contemporary flair with our handpicked designs. Shop now and indulge in the allure of Lehenga Choli couture.","images/JElsRRPr_0.webp|images/JElsRRPr_1.webp|images/JElsRRPr_2.webp|images/JElsRRPr_3.webp|images/JElsRRPr_4.webp|images/JElsRRPr_5.webp","LEHENGA CHOLI","Fabric 1=DOLA SILK|Package Contents=1 Lehanga 1 Blouse 1 Dupatta (3 pc)|Wash Care=Dry Clean Only, Do Not Bleach|Product Weight=0.75|Colour Code=GREEN|Size=FREE SIZE UPTO 44|Country=India|Work=Lehenga Work : Patola Print With Foil Work|Occasions=Festival, Party, Traditional, Wedding, Dulhan Lehenga , Bridal Lehenga, Marriage Special, Party Wear, Lehenga|Brand=Zari Lane|Ideal for=Women|Blouse=Unstitched|Blouse Length=0.80 Mtr|Lehnga Length=42 Mtr|Lehnga Flair=3 Mtr|Dupatta Length=2.4 Mtr"
"Tussar Silk Maroon Fabulously Patola Printed Stitched Lehenga & Blouse With Dupatta","Lehenga Choli","MAROON","1299","4599","FREE SIZE:50","Elevate your ethnic wardrobe with our exquisite Lehenga Choli collection, curated to perfection for the modern Indian woman. Crafted with luxurious fabrics and adorned with intricate embroidery, each ensemble exudes timeless elegance and grace. From vibrant hues to subtle pastels, our range offers a diverse selection to suit every taste and occasion. Whether it's a wedding celebration, festive gala, or cultural event, our Lehenga Cholis are designed to make you feel confident and captivating. Discover the epitome of traditional charm and contemporary flair with our handpicked designs. Shop now and indulge in the allure of Lehenga Choli couture.","images/X47Njmnx_0.webp|images/X47Njmnx_1.webp|images/X47Njmnx_2.webp|images/X47Njmnx_3.webp|images/X47Njmnx_4.webp","LEHENGA CHOLI","Fabric 1=DOLA SILK|Package Contents=1 Lehanga 1 Blouse 1 Dupatta (3 pc)|Wash Care=Dry Clean Only, Do Not Bleach|Product Weight=0.75|Colour Code=MAROON|Size=FREE SIZE UPTO 44|Country=India|Work=Lehenga Work : Patola Print With Foil Work|Occasions=Festival, Party, Traditional, Wedding, Dulhan Lehenga , Bridal Lehenga, Marriage Special, Party Wear, Lehenga|Brand=Zari Lane|Ideal for=Women|Blouse=Unstitched|Blouse Length=0.80 Mtr|Lehnga Length=42 Mtr|Lehnga Flair=3 Mtr|Dupatta Length=2.4 Mtr"
"Tussar Silk Rama Fabulously Patola Printed Stitched Lehenga & Blouse With Dupatta","Lehenga Choli","RAMA","1299","4599","FREE SIZE:50","Elevate your ethnic wardrobe with our exquisite Lehenga Choli collection, curated to perfection for the modern Indian woman. Crafted with luxurious fabrics and adorned with intricate embroidery, each ensemble exudes timeless elegance and grace. From vibrant hues to subtle pastels, our range offers a diverse selection to suit every taste and occasion. Whether it's a wedding celebration, festive gala, or cultural event, our Lehenga Cholis are designed to make you feel confident and captivating. Discover the epitome of traditional charm and contemporary flair with our handpicked designs. Shop now and indulge in the allure of Lehenga Choli couture.","images/DSnWTalU_0.webp|images/DSnWTalU_1.webp|images/DSnWTalU_2.webp|images/DSnWTalU_3.webp|images/DSnWTalU_4.webp","LEHENGA CHOLI","Fabric 1=DOLA SILK|Package Contents=1 Lehanga 1 Blouse 1 Dupatta (3 pc)|Wash Care=Dry Clean Only, Do Not Bleach|Product Weight=0.75|Colour Code=RAMA|Size=FREE SIZE UPTO 44|Country=India|Work=Lehenga Work : Patola Print With Foil Work|Occasions=Festival, Party, Traditional, Wedding, Dulhan Lehenga , Bridal Lehenga, Marriage Special, Party Wear, Lehenga|Brand=Zari Lane|Ideal for=Women|Blouse=Unstitched|Blouse Length=0.80 Mtr|Lehnga Length=42 Mtr|Lehnga Flair=3 Mtr|Dupatta Length=2.4 Mtr"
"Tussar Silk Rama Fabulously Patola Printed Stitched Lehenga & Blouse With Dupatta","Lehenga Choli","RAMA","1299","4599","FREE SIZE:50","Elevate your ethnic wardrobe with our exquisite Lehenga Choli collection, curated to perfection for the modern Indian woman. Crafted with luxurious fabrics and adorned with intricate embroidery, each ensemble exudes timeless elegance and grace. From vibrant hues to subtle pastels, our range offers a diverse selection to suit every taste and occasion. Whether it's a wedding celebration, festive gala, or cultural event, our Lehenga Cholis are designed to make you feel confident and captivating. Discover the epitome of traditional charm and contemporary flair with our handpicked designs. Shop now and indulge in the allure of Lehenga Choli couture.","images/ZfGutzZS_0.webp|images/ZfGutzZS_1.webp","LEHENGA CHOLI","Fabric 1=DOLA SILK|Package Contents=1 Lehanga 1 Blouse 1 Dupatta (3 pc)|Wash Care=Dry Clean Only, Do Not Bleach|Product Weight=0.75|Colour Code=RAMA|Size=FREE SIZE UPTO 44|Country=India|Work=Lehenga Work : Patola Print With Foil Work|Occasions=Festival, Party, Traditional, Wedding, Dulhan Lehenga , Bridal Lehenga, Marriage Special, Party Wear, Lehenga|Brand=Zari Lane|Ideal for=Women|Blouse=Unstitched|Blouse Length=0.80 Mtr|Lehnga Length=42 Mtr|Lehnga Flair=3 Mtr|Dupatta Length=2.4 Mtr"
"Tussar Silk Green Fabulously Patola Printed Stitched Lehenga & Blouse With Dupatta","Lehenga Choli","GREEN","1299","4599","FREE SIZE:50","Elevate your ethnic wardrobe with our exquisite Lehenga Choli collection, curated to perfection for the modern Indian woman. Crafted with luxurious fabrics and adorned with intricate embroidery, each ensemble exudes timeless elegance and grace. From vibrant hues to subtle pastels, our range offers a diverse selection to suit every taste and occasion. Whether it's a wedding celebration, festive gala, or cultural event, our Lehenga Cholis are designed to make you feel confident and captivating. Discover the epitome of traditional charm and contemporary flair with our handpicked designs. Shop now and indulge in the allure of Lehenga Choli couture.","images/HMnzaz4Y_0.webp|images/HMnzaz4Y_1.webp","LEHENGA CHOLI","Fabric 1=DOLA SILK|Package Contents=1 Lehanga 1 Blouse 1 Dupatta (3 pc)|Wash Care=Dry Clean Only, Do Not Bleach|Product Weight=0.75|Colour Code=GREEN|Size=FREE SIZE UPTO 44|Country=India|Work=Lehenga Work : Patola Print With Foil Work|Occasions=Festival, Party, Traditional, Wedding, Dulhan Lehenga , Bridal Lehenga, Marriage Special, Party Wear, Lehenga|Brand=Zari Lane|Ideal for=Women|Blouse=Unstitched|Blouse Length=0.80 Mtr|Lehnga Length=42 Mtr|Lehnga Flair=3 Mtr|Dupatta Length=2.4 Mtr"
"Navratri Special Black Color Patola Print Lehenga Choli","Lehenga Choli","BLACK","1299","4599","FREE SIZE:50","Elevate your ethnic wardrobe with our exquisite Lehenga Choli collection, curated to perfection for the modern Indian woman. Crafted with luxurious fabrics and adorned with intricate embroidery, each ensemble exudes timeless elegance and grace. From vibrant hues to subtle pastels, our range offers a diverse selection to suit every taste and occasion. Whether it's a wedding celebration, festive gala, or cultural event, our Lehenga Cholis are designed to make you feel confident and captivating. Discover the epitome of traditional charm and contemporary flair with our handpicked designs. Shop now and indulge in the allure of Lehenga Choli couture.","images/nH7aXwlS_0.webp|images/nH7aXwlS_1.webp|images/nH7aXwlS_2.webp|images/nH7aXwlS_3.webp","LEHENGA CHOLI","Fabric 1=DOLA SILK|Package Contents=1 Lehanga 1 Blouse 1 Dupatta (3 pc)|Wash Care=Dry Clean Only, Do Not Bleach|Product Weight=0.75|Colour Code=BLACK|Size=FREE SIZE UPTO 44|Country=India|Work=Lehenga Work : Patola Print With Foil Work|Occasions=Festival, Party, Traditional, Wedding, Dulhan Lehenga , Bridal Lehenga, Marriage Special, Party Wear, Lehenga|Brand=Zari Lane|Ideal for=Women|Blouse=Unstitched|Blouse Length=0.80 Mtr|Lehnga Length=42 Mtr|Lehnga Flair=3 Mtr|Dupatta Length=2.4 Mtr"
"Rani Pink Floral Lehenga Choli with Foil Print & Gotta Patti Dupatta","Lehenga Choli","RANI PINK","1299","4599","FREE SIZE:50","Elevate your ethnic wardrobe with our exquisite Lehenga Choli collection, curated to perfection for the modern Indian woman. Crafted with luxurious fabrics and adorned with intricate embroidery, each ensemble exudes timeless elegance and grace. From vibrant hues to subtle pastels, our range offers a diverse selection to suit every taste and occasion. Whether it's a wedding celebration, festive gala, or cultural event, our Lehenga Cholis are designed to make you feel confident and captivating. Discover the epitome of traditional charm and contemporary flair with our handpicked designs. Shop now and indulge in the allure of Lehenga Choli couture.","images/k7Ls7uQD_0.webp|images/k7Ls7uQD_1.webp|images/k7Ls7uQD_2.webp|images/k7Ls7uQD_3.webp|images/k7Ls7uQD_4.webp","LEHENGA CHOLI|TOP SELLER","Fabric 1=DOLA SILK|Package Contents=1 Lehanga 1 Blouse 1 Dupatta (3 pc)|Wash Care=Dry Clean Only, Do Not Bleach|Product Weight=0.75|Colour Code=RANI PINK|Size=FREE SIZE UPTO 44|Country=India|Work=Lehenga Work : Patola Print With Foil Work|Occasions=Festival, Party, Traditional, Wedding, Dulhan Lehenga , Bridal Lehenga, Marriage Special, Party Wear, Lehenga|Brand=Zari Lane|Ideal for=Women|Blouse=Unstitched|Blouse Length=0.80 Mtr|Lehnga Length=42 Mtr|Lehnga Flair=3 Mtr|Dupatta Length=2.4 Mtr"
"Lovely Purple Dolla Silk Bandhani Print Lehenga Choli With Dupatta","Lehenga Choli","PURPLE","1299","4599","FREE SIZE:50","Elevate your ethnic wardrobe with our exquisite Lehenga Choli collection, curated to perfection for the modern Indian woman. Crafted with luxurious fabrics and adorned with intricate embroidery, each ensemble exudes timeless elegance and grace. From vibrant hues to subtle pastels, our range offers a diverse selection to suit every taste and occasion. Whether it's a wedding celebration, festive gala, or cultural event, our Lehenga Cholis are designed to make you feel confident and captivating. Discover the epitome of traditional charm and contemporary flair with our handpicked designs. Shop now and indulge in the allure of Lehenga Choli couture.","images/L6hkKE1Y_0.webp|images/L6hkKE1Y_1.webp|images/L6hkKE1Y_2.webp|images/L6hkKE1Y_3.webp|images/L6hkKE1Y_4.webp","LEHENGA CHOLI","Fabric 1=DOLA SILK|Package Contents=1 Lehanga 1 Blouse 1 Dupatta (3 pc)|Wash Care=Dry Clean Only, Do Not Bleach|Product Weight=0.75|Colour Code=PURPLE|Size=FREE SIZE UPTO 44|Country=India|Work=Lehenga Work : Patola Print With Foil Work|Occasions=Festival, Party, Traditional, Wedding, Dulhan Lehenga , Bridal Lehenga, Marriage Special, Party Wear, Lehenga|Brand=Zari Lane|Ideal for=Women|Blouse=Unstitched|Blouse Length=0.80 Mtr|Lehnga Length=42 Mtr|Lehnga Flair=3 Mtr|Dupatta Length=2.4 Mtr"
"Navratri Special Wine Color Patola Print Lehenga Choli","Lehenga Choli","WINE","1299","4599","FREE SIZE:50","Elevate your ethnic wardrobe with our exquisite Lehenga Choli collection, curated to perfection for the modern Indian woman. Crafted with luxurious fabrics and adorned with intricate embroidery, each ensemble exudes timeless elegance and grace. From vibrant hues to subtle pastels, our range offers a diverse selection to suit every taste and occasion. Whether it's a wedding celebration, festive gala, or cultural event, our Lehenga Cholis are designed to make you feel confident and captivating. Discover the epitome of traditional charm and contemporary flair with our handpicked designs. Shop now and indulge in the allure of Lehenga Choli couture.","images/bX7OBf31_0.webp|images/bX7OBf31_1.webp|images/bX7OBf31_2.webp|images/bX7OBf31_3.webp|images/bX7OBf31_4.webp|images/bX7OBf31_5.webp","LEHENGA CHOLI","Fabric 1=DOLA SILK|Package Contents=1 Lehanga 1 Blouse 1 Dupatta (3 pc)|Wash Care=Dry Clean Only, Do Not Bleach|Product Weight=0.75|Colour Code=WINE|Size=FREE SIZE UPTO 44|Country=India|Work=Lehenga Work : Patola Print With Foil Work|Occasions=Festival, Party, Traditional, Wedding, Dulhan Lehenga , Bridal Lehenga, Marriage Special, Party Wear, Lehenga|Brand=Zari Lane|Ideal for=Women|Blouse=Unstitched|Blouse Length=0.80 Mtr|Lehnga Length=42 Mtr|Lehnga Flair=3 Mtr|Dupatta Length=2.4 Mtr"
"Navratri Special Green Color Patola Print Lehenga Choli","Lehenga Choli","GREEN","1299","4599","FREE SIZE:50","Elevate your ethnic wardrobe with our exquisite Lehenga Choli collection, curated to perfection for the modern Indian woman. Crafted with luxurious fabrics and adorned with intricate embroidery, each ensemble exudes timeless elegance and grace. From vibrant hues to subtle pastels, our range offers a diverse selection to suit every taste and occasion. Whether it's a wedding celebration, festive gala, or cultural event, our Lehenga Cholis are designed to make you feel confident and captivating. Discover the epitome of traditional charm and contemporary flair with our handpicked designs. Shop now and indulge in the allure of Lehenga Choli couture.","images/0GUbe8Fx_0.webp|images/0GUbe8Fx_1.webp|images/0GUbe8Fx_2.webp|images/0GUbe8Fx_3.webp|images/0GUbe8Fx_4.webp","LEHENGA CHOLI","Fabric 1=DOLA SILK|Package Contents=1 Lehanga 1 Blouse 1 Dupatta (3 pc)|Wash Care=Dry Clean Only, Do Not Bleach|Product Weight=0.75|Colour Code=GREEN|Size=FREE SIZE UPTO 44|Country=India|Work=Lehenga Work : Patola Print With Foil Work|Occasions=Festival, Party, Traditional, Wedding, Dulhan Lehenga , Bridal Lehenga, Marriage Special, Party Wear, Lehenga|Brand=Zari Lane|Ideal for=Women|Blouse=Unstitched|Blouse Length=0.80 Mtr|Lehnga Length=42 Mtr|Lehnga Flair=3 Mtr|Dupatta Length=2.4 Mtr"
"Mustard Floral Lehenga Choli with Foil Print & Gotta Patti Dupatta","Lehenga Choli","MUSTARD","1299","4599","FREE SIZE:50","Elevate your ethnic wardrobe with our exquisite Lehenga Choli collection, curated to perfection for the modern Indian woman. Crafted with luxurious fabrics and adorned with intricate embroidery, each ensemble exudes timeless elegance and grace. From vibrant hues to subtle pastels, our range offers a diverse selection to suit every taste and occasion. Whether it's a wedding celebration, festive gala, or cultural event, our Lehenga Cholis are designed to make you feel confident and captivating. Discover the epitome of traditional charm and contemporary flair with our handpicked designs. Shop now and indulge in the allure of Lehenga Choli couture.","images/mGwqoPqa_0.webp|images/mGwqoPqa_1.webp|images/mGwqoPqa_2.webp|images/mGwqoPqa_3.webp|images/mGwqoPqa_4.webp|images/mGwqoPqa_5.webp|images/mGwqoPqa_6.webp","LEHENGA CHOLI|TOP SELLER","Fabric 1=DOLA SILK|Package Contents=1 Lehanga 1 Blouse 1 Dupatta (3 pc)|Wash Care=Dry Clean Only, Do Not Bleach|Product Weight=0.75|Colour Code=MUSTARD|Size=FREE SIZE UPTO 44|Country=India|Work=Lehenga Work : Patola Print With Foil Work|Occasions=Festival, Party, Traditional, Wedding, Dulhan Lehenga , Bridal Lehenga, Marriage Special, Party Wear, Lehenga|Brand=Zari Lane|Ideal for=Women|Blouse=Unstitched|Blouse Length=0.80 Mtr|Lehnga Length=42 Mtr|Lehnga Flair=3 Mtr|Dupatta Length=2.4 Mtr"
"Pink Color Dola Silk Designer Kalamkari Print Lehenga Choli","Lehenga Choli","PINK","1599","2899","FREE SIZE:50","Elevate your ethnic wardrobe with our exquisite Lehenga Choli collection, curated to perfection for the modern Indian woman. Crafted with luxurious fabrics and adorned with intricate embroidery, each ensemble exudes timeless elegance and grace. From vibrant hues to subtle pastels, our range offers a diverse selection to suit every taste and occasion. Whether it's a wedding celebration, festive gala, or cultural event, our Lehenga Cholis are designed to make you feel confident and captivating. Discover the epitome of traditional charm and contemporary flair with our handpicked designs. Shop now and indulge in the allure of Lehenga Choli couture.","images/B4trGuIE_0.webp|images/B4trGuIE_1.webp|images/B4trGuIE_2.webp|images/B4trGuIE_3.webp","LEHENGA CHOLI","Wash Care=Dry Clean Only, Do Not Bleach|Product Weight=1.2KG|Colour Code=MAROON|Size=FREE SIZE UPTO 44|Country=India|Work=Lehenga Work : Patola Print With Foil Work|Brand=Zari Lane|Fabric=Dola Silk|Package Contain=1 Lehanga 1 Blouse 1 Dupatta (3 pc)"
"Navratri Special Red Color Patola Print Lehenga Choli","Lehenga Choli","RED","1299","4599","FREE SIZE:50","Elevate your ethnic wardrobe with our exquisite Lehenga Choli collection, curated to perfection for the modern Indian woman. Crafted with luxurious fabrics and adorned with intricate embroidery, each ensemble exudes timeless elegance and grace. From vibrant hues to subtle pastels, our range offers a diverse selection to suit every taste and occasion. Whether it's a wedding celebration, festive gala, or cultural event, our Lehenga Cholis are designed to make you feel confident and captivating. Discover the epitome of traditional charm and contemporary flair with our handpicked designs. Shop now and indulge in the allure of Lehenga Choli couture.","images/3YUEraAz_0.webp|images/3YUEraAz_1.webp|images/3YUEraAz_2.webp|images/3YUEraAz_3.webp|images/3YUEraAz_4.webp","LEHENGA CHOLI","Fabric 1=DOLA SILK|Package Contents=1 Lehanga 1 Blouse 1 Dupatta (3 pc)|Wash Care=Dry Clean Only, Do Not Bleach|Product Weight=0.75|Colour Code=RED|Size=FREE SIZE UPTO 44|Country=India|Work=Lehenga Work : Patola Print With Foil Work|Occasions=Festival, Party, Traditional, Wedding, Dulhan Lehenga , Bridal Lehenga, Marriage Special, Party Wear, Lehenga|Brand=Zari Lane|Ideal for=Women|Blouse=Unstitched|Blouse Length=0.80 Mtr|Lehnga Length=42 Mtr|Lehnga Flair=3 Mtr|Dupatta Length=2.4 Mtr"
"Maroon color tussar silk foil print lehenga choli","Lehenga Choli","MAROON","1299","4599","FREE SIZE:50","Elevate your ethnic wardrobe with our exquisite Lehenga Choli collection, curated to perfection for the modern Indian woman. Crafted with luxurious fabrics and adorned with intricate embroidery, each ensemble exudes timeless elegance and grace. From vibrant hues to subtle pastels, our range offers a diverse selection to suit every taste and occasion. Whether it's a wedding celebration, festive gala, or cultural event, our Lehenga Cholis are designed to make you feel confident and captivating. Discover the epitome of traditional charm and contemporary flair with our handpicked designs. Shop now and indulge in the allure of Lehenga Choli couture.","images/CHzai9Rj_0.webp|images/CHzai9Rj_1.webp|images/CHzai9Rj_2.webp|images/CHzai9Rj_3.webp|images/CHzai9Rj_4.webp","BEST SELLERS|LEHENGA CHOLI|TOP SELLER","Fabric 1=DOLA SILK|Package Contents=1 Lehanga 1 Blouse 1 Dupatta (3 pc)|Wash Care=Dry Clean Only, Do Not Bleach|Product Weight=0.75|Colour Code=MAROON|Size=FREE SIZE UPTO 44|Country=India|Work=Lehenga Work : Patola Print With Foil Work|Occasions=Festival, Party, Traditional, Wedding, Dulhan Lehenga , Bridal Lehenga, Marriage Special, Party Wear, Lehenga|Brand=Zari Lane|Ideal for=Women|Blouse=Unstitched|Blouse Length=0.80 Mtr|Lehnga Length=42 Mtr|Lehnga Flair=3 Mtr|Dupatta Length=2.4 Mtr"
"Navratri Special Navy Blue Color Patola Print Lehenga Choli","Lehenga Choli","NAVY BLUE","1299","4599","FREE SIZE:50","Elevate your ethnic wardrobe with our exquisite Lehenga Choli collection, curated to perfection for the modern Indian woman. Crafted with luxurious fabrics and adorned with intricate embroidery, each ensemble exudes timeless elegance and grace. From vibrant hues to subtle pastels, our range offers a diverse selection to suit every taste and occasion. Whether it's a wedding celebration, festive gala, or cultural event, our Lehenga Cholis are designed to make you feel confident and captivating. Discover the epitome of traditional charm and contemporary flair with our handpicked designs. Shop now and indulge in the allure of Lehenga Choli couture.","images/tLU-dQ12_0.webp|images/tLU-dQ12_1.webp|images/tLU-dQ12_2.webp|images/tLU-dQ12_3.webp|images/tLU-dQ12_4.webp|images/tLU-dQ12_5.webp","LEHENGA CHOLI","Fabric 1=DOLA SILK|Package Contents=1 Lehanga 1 Blouse 1 Dupatta (3 pc)|Wash Care=Dry Clean Only, Do Not Bleach|Product Weight=0.75|Colour Code=NAVY BLUE|Size=FREE SIZE UPTO 44|Country=India|Work=Lehenga Work : Patola Print With Foil Work|Occasions=Festival, Party, Traditional, Wedding, Dulhan Lehenga , Bridal Lehenga, Marriage Special, Party Wear, Lehenga|Brand=Zari Lane|Ideal for=Women|Blouse=Unstitched|Blouse Length=0.80 Mtr|Lehnga Length=42 Mtr|Lehnga Flair=3 Mtr|Dupatta Length=2.4 Mtr"
"Navratri Special White Color Patola Print Lehenga Choli","Lehenga Choli","WHITE","1299","4599","FREE SIZE:50","Elevate your ethnic wardrobe with our exquisite Lehenga Choli collection, curated to perfection for the modern Indian woman. Crafted with luxurious fabrics and adorned with intricate embroidery, each ensemble exudes timeless elegance and grace. From vibrant hues to subtle pastels, our range offers a diverse selection to suit every taste and occasion. Whether it's a wedding celebration, festive gala, or cultural event, our Lehenga Cholis are designed to make you feel confident and captivating. Discover the epitome of traditional charm and contemporary flair with our handpicked designs. Shop now and indulge in the allure of Lehenga Choli couture.","images/x2iJPkC8_0.webp|images/x2iJPkC8_1.webp","LEHENGA CHOLI","Fabric 1=DOLA SILK|Package Contents=1 Lehanga 1 Blouse 1 Dupatta (3 pc)|Wash Care=Dry Clean Only, Do Not Bleach|Product Weight=0.75|Colour Code=WHITE|Size=FREE SIZE UPTO 44|Country=India|Work=Lehenga Work : Patola Print With Foil Work|Occasions=Festival, Party, Traditional, Wedding, Dulhan Lehenga , Bridal Lehenga, Marriage Special, Party Wear, Lehenga|Brand=Zari Lane|Ideal for=Women|Blouse=Unstitched|Blouse Length=0.80 Mtr|Lehnga Length=42 Mtr|Lehnga Flair=3 Mtr|Dupatta Length=2.4 Mtr"
"Lovely Perot Dolla Silk Bandhani Print Lehenga Choli With Dupatta","Lehenga Choli","PEROT","1299","4599","FREE SIZE:50","Elevate your ethnic wardrobe with our exquisite Lehenga Choli collection, curated to perfection for the modern Indian woman. Crafted with luxurious fabrics and adorned with intricate embroidery, each ensemble exudes timeless elegance and grace. From vibrant hues to subtle pastels, our range offers a diverse selection to suit every taste and occasion. Whether it's a wedding celebration, festive gala, or cultural event, our Lehenga Cholis are designed to make you feel confident and captivating. Discover the epitome of traditional charm and contemporary flair with our handpicked designs. Shop now and indulge in the allure of Lehenga Choli couture.","images/Myf9yU70_0.webp|images/Myf9yU70_1.webp|images/Myf9yU70_2.webp|images/Myf9yU70_3.webp|images/Myf9yU70_4.webp","LEHENGA CHOLI","Fabric 1=DOLA SILK|Package Contents=1 Lehanga 1 Blouse 1 Dupatta (3 pc)|Wash Care=Dry Clean Only, Do Not Bleach|Product Weight=0.75|Colour Code=PEROT|Size=FREE SIZE UPTO 44|Country=India|Work=Lehenga Work : Patola Print With Foil Work|Occasions=Festival, Party, Traditional, Wedding, Dulhan Lehenga , Bridal Lehenga, Marriage Special, Party Wear, Lehenga|Brand=Zari Lane|Ideal for=Women|Blouse=Unstitched|Blouse Length=0.80 Mtr|Lehnga Length=42 Mtr|Lehnga Flair=3 Mtr|Dupatta Length=2.4 Mtr"
"Lovely Pink Dolla Silk Bandhani Print Lehenga Choli With Dupatta","Lehenga Choli","PINK","1299","4599","FREE SIZE:50","Elevate your ethnic wardrobe with our exquisite Lehenga Choli collection, curated to perfection for the modern Indian woman. Crafted with luxurious fabrics and adorned with intricate embroidery, each ensemble exudes timeless elegance and grace. From vibrant hues to subtle pastels, our range offers a diverse selection to suit every taste and occasion. Whether it's a wedding celebration, festive gala, or cultural event, our Lehenga Cholis are designed to make you feel confident and captivating. Discover the epitome of traditional charm and contemporary flair with our handpicked designs. Shop now and indulge in the allure of Lehenga Choli couture.","images/O8bzlA78_0.webp|images/O8bzlA78_1.webp|images/O8bzlA78_2.webp|images/O8bzlA78_3.webp|images/O8bzlA78_4.webp","LEHENGA CHOLI","Fabric 1=DOLA SILK|Package Contents=1 Lehanga 1 Blouse 1 Dupatta (3 pc)|Wash Care=Dry Clean Only, Do Not Bleach|Product Weight=0.75|Colour Code=PINK|Size=FREE SIZE UPTO 44|Country=India|Work=Lehenga Work : Patola Print With Foil Work|Occasions=Festival, Party, Traditional, Wedding, Dulhan Lehenga , Bridal Lehenga, Marriage Special, Party Wear, Lehenga|Brand=Zari Lane|Ideal for=Women|Blouse=Unstitched|Blouse Length=0.80 Mtr|Lehnga Length=42 Mtr|Lehnga Flair=3 Mtr|Dupatta Length=2.4 Mtr"
"Purple color tussar silk foil print lehenga choli","Lehenga Choli","PURPLE","1299","4599","FREE SIZE:50","Elevate your ethnic wardrobe with our exquisite Lehenga Choli collection, curated to perfection for the modern Indian woman. Crafted with luxurious fabrics and adorned with intricate embroidery, each ensemble exudes timeless elegance and grace. From vibrant hues to subtle pastels, our range offers a diverse selection to suit every taste and occasion. Whether it's a wedding celebration, festive gala, or cultural event, our Lehenga Cholis are designed to make you feel confident and captivating. Discover the epitome of traditional charm and contemporary flair with our handpicked designs. Shop now and indulge in the allure of Lehenga Choli couture.","images/3InfJZko_0.webp|images/3InfJZko_1.webp|images/3InfJZko_2.webp|images/3InfJZko_3.webp|images/3InfJZko_4.webp","LEHENGA CHOLI","Fabric 1=DOLA SILK|Package Contents=1 Lehanga 1 Blouse 1 Dupatta (3 pc)|Wash Care=Dry Clean Only, Do Not Bleach|Product Weight=0.75|Colour Code=PURPLE|Size=FREE SIZE UPTO 44|Country=India|Work=Lehenga Work : Patola Print With Foil Work|Occasions=Festival, Party, Traditional, Wedding, Dulhan Lehenga , Bridal Lehenga, Marriage Special, Party Wear, Lehenga|Brand=Zari Lane|Ideal for=Women|Blouse=Unstitched|Blouse Length=0.80 Mtr|Lehnga Length=42 Mtr|Lehnga Flair=3 Mtr|Dupatta Length=2.4 Mtr"
"Tussar Silk Patola Print Trendy Lehenga Choli in Luvender","Lehenga Choli","LUVENDER","1299","4599","FREE SIZE:50","Elevate your ethnic wardrobe with our exquisite Lehenga Choli collection, curated to perfection for the modern Indian woman. Crafted with luxurious fabrics and adorned with intricate embroidery, each ensemble exudes timeless elegance and grace. From vibrant hues to subtle pastels, our range offers a diverse selection to suit every taste and occasion. Whether it's a wedding celebration, festive gala, or cultural event, our Lehenga Cholis are designed to make you feel confident and captivating. Discover the epitome of traditional charm and contemporary flair with our handpicked designs. Shop now and indulge in the allure of Lehenga Choli couture.","images/fb20K_oG_0.webp|images/fb20K_oG_1.webp|images/fb20K_oG_2.webp|images/fb20K_oG_3.webp|images/fb20K_oG_4.webp","LEHENGA CHOLI","Fabric 1=DOLA SILK|Package Contents=1 Lehanga 1 Blouse 1 Dupatta (3 pc)|Wash Care=Dry Clean Only, Do Not Bleach|Product Weight=0.75|Colour Code=LUVENDER|Size=FREE SIZE UPTO 44|Country=India|Work=Lehenga Work : Patola Print With Foil Work|Occasions=Festival, Party, Traditional, Wedding, Dulhan Lehenga , Bridal Lehenga, Marriage Special, Party Wear, Lehenga|Brand=Zari Lane|Ideal for=Women|Blouse=Unstitched|Blouse Length=0.80 Mtr|Lehnga Length=42 Mtr|Lehnga Flair=3 Mtr|Dupatta Length=2.4 Mtr"
"Rani Pink Floral Lehenga Choli with Foil Print & Gotta Patti Dupatta","Lehenga Choli","RANI PINK","1299","4599","FREE SIZE:50","Elevate your ethnic wardrobe with our exquisite Lehenga Choli collection, curated to perfection for the modern Indian woman. Crafted with luxurious fabrics and adorned with intricate embroidery, each ensemble exudes timeless elegance and grace. From vibrant hues to subtle pastels, our range offers a diverse selection to suit every taste and occasion. Whether it's a wedding celebration, festive gala, or cultural event, our Lehenga Cholis are designed to make you feel confident and captivating. Discover the epitome of traditional charm and contemporary flair with our handpicked designs. Shop now and indulge in the allure of Lehenga Choli couture.","images/Z5DgAyL6_0.webp|images/Z5DgAyL6_1.webp|images/Z5DgAyL6_2.webp|images/Z5DgAyL6_3.webp","LEHENGA CHOLI","Fabric 1=DOLA SILK|Package Contents=1 Lehanga 1 Blouse 1 Dupatta (3 pc)|Wash Care=Dry Clean Only, Do Not Bleach|Product Weight=0.75|Colour Code=RANI PINK|Size=FREE SIZE UPTO 44|Country=India|Work=Lehenga Work : Patola Print With Foil Work|Occasions=Festival, Party, Traditional, Wedding, Dulhan Lehenga , Bridal Lehenga, Marriage Special, Party Wear, Lehenga|Brand=Zari Lane|Ideal for=Women|Blouse=Unstitched|Blouse Length=0.80 Mtr|Lehnga Length=42 Mtr|Lehnga Flair=3 Mtr|Dupatta Length=2.4 Mtr"
"Mustard Floral Lehenga Choli with Foil Print & Gotta Patti Dupatta","Lehenga Choli","MUSTARD","1299","4599","FREE SIZE:50","Elevate your ethnic wardrobe with our exquisite Lehenga Choli collection, curated to perfection for the modern Indian woman. Crafted with luxurious fabrics and adorned with intricate embroidery, each ensemble exudes timeless elegance and grace. From vibrant hues to subtle pastels, our range offers a diverse selection to suit every taste and occasion. Whether it's a wedding celebration, festive gala, or cultural event, our Lehenga Cholis are designed to make you feel confident and captivating. Discover the epitome of traditional charm and contemporary flair with our handpicked designs. Shop now and indulge in the allure of Lehenga Choli couture.","images/fw86C470_0.webp|images/fw86C470_1.webp|images/fw86C470_2.webp|images/fw86C470_3.webp|images/fw86C470_4.webp","LEHENGA CHOLI","Fabric 1=DOLA SILK|Package Contents=1 Lehanga 1 Blouse 1 Dupatta (3 pc)|Wash Care=Dry Clean Only, Do Not Bleach|Product Weight=0.75|Colour Code=MUSTARD|Size=FREE SIZE UPTO 44|Country=India|Work=Lehenga Work : Patola Print With Foil Work|Occasions=Festival, Party, Traditional, Wedding, Dulhan Lehenga , Bridal Lehenga, Marriage Special, Party Wear, Lehenga|Brand=Zari Lane|Ideal for=Women|Blouse=Unstitched|Blouse Length=0.80 Mtr|Lehnga Length=42 Mtr|Lehnga Flair=3 Mtr|Dupatta Length=2.4 Mtr"
"Women Floral Woven Flared Lehenga & Choli with Dupatta","Lehenga Choli","YELLOW","1299","4599","FREE SIZE:50","Elevate your ethnic wardrobe with our exquisite Lehenga Choli collection, curated to perfection for the modern Indian woman. Crafted with luxurious fabrics and adorned with intricate embroidery, each ensemble exudes timeless elegance and grace. From vibrant hues to subtle pastels, our range offers a diverse selection to suit every taste and occasion. Whether it's a wedding celebration, festive gala, or cultural event, our Lehenga Cholis are designed to make you feel confident and captivating. Discover the epitome of traditional charm and contemporary flair with our handpicked designs. Shop now and indulge in the allure of Lehenga Choli couture.","images/oHqKjOez_0.webp|images/oHqKjOez_1.webp|images/oHqKjOez_2.webp|images/oHqKjOez_3.webp|images/oHqKjOez_4.webp","LEHENGA CHOLI","Fabric 1=DOLA SILK|Package Contents=1 Lehanga 1 Blouse 1 Dupatta (3 pc)|Wash Care=Dry Clean Only, Do Not Bleach|Product Weight=0.75|Colour Code=YELLOW|Size=FREE SIZE UPTO 44|Country=India|Work=Lehenga Work : Patola Print With Foil Work|Occasions=Festival, Party, Traditional, Wedding, Dulhan Lehenga , Bridal Lehenga, Marriage Special, Party Wear, Lehenga|Brand=Zari Lane|Ideal for=Women|Blouse=Unstitched|Blouse Length=0.80 Mtr|Lehnga Length=42 Mtr|Lehnga Flair=3 Mtr|Dupatta Length=2.4 Mtr"
"White Color Dola Silk Designer Kalamkari Print Lehenga Choli","Lehenga Choli","WHITE","1599","2899","FREE SIZE:50","Elevate your ethnic wardrobe with our exquisite Lehenga Choli collection, curated to perfection for the modern Indian woman. Crafted with luxurious fabrics and adorned with intricate embroidery, each ensemble exudes timeless elegance and grace. From vibrant hues to subtle pastels, our range offers a diverse selection to suit every taste and occasion. Whether it's a wedding celebration, festive gala, or cultural event, our Lehenga Cholis are designed to make you feel confident and captivating. Discover the epitome of traditional charm and contemporary flair with our handpicked designs. Shop now and indulge in the allure of Lehenga Choli couture.","images/kCJG1Rc3_0.webp|images/kCJG1Rc3_1.webp|images/kCJG1Rc3_2.webp|images/kCJG1Rc3_3.webp|images/kCJG1Rc3_4.webp","LEHENGA CHOLI","Wash Care=Dry Clean Only, Do Not Bleach|Product Weight=1.2KG|Colour Code=PURPLE|Size=FREE SIZE UPTO 44|Country=India|Work=Lehenga Work : Patola Print With Foil Work|Brand=Zari Lane|Fabric=Dola Silk|Package Contain=1 Lehanga 1 Blouse 1 Dupatta (3 pc)"
"Navratri Special Wine Color Patola Print Lehenga Choli","Lehenga Choli","WINE","1299","4599","FREE SIZE:50","Elevate your ethnic wardrobe with our exquisite Lehenga Choli collection, curated to perfection for the modern Indian woman. Crafted with luxurious fabrics and adorned with intricate embroidery, each ensemble exudes timeless elegance and grace. From vibrant hues to subtle pastels, our range offers a diverse selection to suit every taste and occasion. Whether it's a wedding celebration, festive gala, or cultural event, our Lehenga Cholis are designed to make you feel confident and captivating. Discover the epitome of traditional charm and contemporary flair with our handpicked designs. Shop now and indulge in the allure of Lehenga Choli couture.","images/WWtRQnG2_0.webp|images/WWtRQnG2_1.webp|images/WWtRQnG2_2.webp|images/WWtRQnG2_3.webp|images/WWtRQnG2_4.webp","LEHENGA CHOLI","Fabric 1=DOLA SILK|Package Contents=1 Lehanga 1 Blouse 1 Dupatta (3 pc)|Wash Care=Dry Clean Only, Do Not Bleach|Product Weight=0.75|Colour Code=WINE|Size=FREE SIZE UPTO 44|Country=India|Work=Lehenga Work : Patola Print With Foil Work|Occasions=Festival, Party, Traditional, Wedding, Dulhan Lehenga , Bridal Lehenga, Marriage Special, Party Wear, Lehenga|Brand=Zari Lane|Ideal for=Women|Blouse=Unstitched|Blouse Length=0.80 Mtr|Lehnga Length=42 Mtr|Lehnga Flair=3 Mtr|Dupatta Length=2.4 Mtr"
"Navratri Special Wine Color Patola Print Lehenga Choli","Lehenga Choli","WINE","1299","4599","FREE SIZE:50","Elevate your ethnic wardrobe with our exquisite Lehenga Choli collection, curated to perfection for the modern Indian woman. Crafted with luxurious fabrics and adorned with intricate embroidery, each ensemble exudes timeless elegance and grace. From vibrant hues to subtle pastels, our range offers a diverse selection to suit every taste and occasion. Whether it's a wedding celebration, festive gala, or cultural event, our Lehenga Cholis are designed to make you feel confident and captivating. Discover the epitome of traditional charm and contemporary flair with our handpicked designs. Shop now and indulge in the allure of Lehenga Choli couture.","images/mRYV651t_0.webp|images/mRYV651t_1.webp|images/mRYV651t_2.webp|images/mRYV651t_3.webp|images/mRYV651t_4.webp","LEHENGA CHOLI","Fabric 1=DOLA SILK|Package Contents=1 Lehanga 1 Blouse 1 Dupatta (3 pc)|Wash Care=Dry Clean Only, Do Not Bleach|Product Weight=0.75|Colour Code=WINE|Size=FREE SIZE UPTO 44|Country=India|Work=Lehenga Work : Patola Print With Foil Work|Occasions=Festival, Party, Traditional, Wedding, Dulhan Lehenga , Bridal Lehenga, Marriage Special, Party Wear, Lehenga|Brand=Zari Lane|Ideal for=Women|Blouse=Unstitched|Blouse Length=0.80 Mtr|Lehnga Length=42 Mtr|Lehnga Flair=3 Mtr|Dupatta Length=2.4 Mtr"
"Navratri Special Navy Blue Color Patola Print Lehenga Choli","Lehenga Choli","NAVY BLUE","1299","4599","FREE SIZE:50","Elevate your ethnic wardrobe with our exquisite Lehenga Choli collection, curated to perfection for the modern Indian woman. Crafted with luxurious fabrics and adorned with intricate embroidery, each ensemble exudes timeless elegance and grace. From vibrant hues to subtle pastels, our range offers a diverse selection to suit every taste and occasion. Whether it's a wedding celebration, festive gala, or cultural event, our Lehenga Cholis are designed to make you feel confident and captivating. Discover the epitome of traditional charm and contemporary flair with our handpicked designs. Shop now and indulge in the allure of Lehenga Choli couture.","images/p2cVNGb6_0.webp|images/p2cVNGb6_1.webp|images/p2cVNGb6_2.webp|images/p2cVNGb6_3.webp|images/p2cVNGb6_4.webp","LEHENGA CHOLI","Fabric 1=DOLA SILK|Package Contents=1 Lehanga 1 Blouse 1 Dupatta (3 pc)|Wash Care=Dry Clean Only, Do Not Bleach|Product Weight=0.75|Colour Code=NAVY BLUE|Size=FREE SIZE UPTO 44|Country=India|Work=Lehenga Work : Patola Print With Foil Work|Occasions=Festival, Party, Traditional, Wedding, Dulhan Lehenga , Bridal Lehenga, Marriage Special, Party Wear, Lehenga|Brand=Zari Lane|Ideal for=Women|Blouse=Unstitched|Blouse Length=0.80 Mtr|Lehnga Length=42 Mtr|Lehnga Flair=3 Mtr|Dupatta Length=2.4 Mtr"
"Navratri Special Green Color Patola Print Lehenga Choli","Lehenga Choli","GREEN","1299","4599","FREE SIZE:50","Elevate your ethnic wardrobe with our exquisite Lehenga Choli collection, curated to perfection for the modern Indian woman. Crafted with luxurious fabrics and adorned with intricate embroidery, each ensemble exudes timeless elegance and grace. From vibrant hues to subtle pastels, our range offers a diverse selection to suit every taste and occasion. Whether it's a wedding celebration, festive gala, or cultural event, our Lehenga Cholis are designed to make you feel confident and captivating. Discover the epitome of traditional charm and contemporary flair with our handpicked designs. Shop now and indulge in the allure of Lehenga Choli couture.","images/F19wIEYj_0.webp|images/F19wIEYj_1.webp|images/F19wIEYj_2.webp|images/F19wIEYj_3.webp|images/F19wIEYj_4.webp|images/F19wIEYj_5.webp","LEHENGA CHOLI","Fabric 1=DOLA SILK|Package Contents=1 Lehanga 1 Blouse 1 Dupatta (3 pc)|Wash Care=Dry Clean Only, Do Not Bleach|Product Weight=0.75|Colour Code=GREEN|Size=FREE SIZE UPTO 44|Country=India|Work=Lehenga Work : Patola Print With Foil Work|Occasions=Festival, Party, Traditional, Wedding, Dulhan Lehenga , Bridal Lehenga, Marriage Special, Party Wear, Lehenga|Brand=Zari Lane|Ideal for=Women|Blouse=Unstitched|Blouse Length=0.80 Mtr|Lehnga Length=42 Mtr|Lehnga Flair=3 Mtr|Dupatta Length=2.4 Mtr"
"Mustard Color Dola Silk Designer Kalamkari Print Lehenga Choli","Lehenga Choli","MUSTARD","1599","2899","FREE SIZE:50","Elevate your ethnic wardrobe with our exquisite Lehenga Choli collection, curated to perfection for the modern Indian woman. Crafted with luxurious fabrics and adorned with intricate embroidery, each ensemble exudes timeless elegance and grace. From vibrant hues to subtle pastels, our range offers a diverse selection to suit every taste and occasion. Whether it's a wedding celebration, festive gala, or cultural event, our Lehenga Cholis are designed to make you feel confident and captivating. Discover the epitome of traditional charm and contemporary flair with our handpicked designs. Shop now and indulge in the allure of Lehenga Choli couture.","images/lr-AhP_A_0.webp|images/lr-AhP_A_1.webp|images/lr-AhP_A_2.webp|images/lr-AhP_A_3.webp","LEHENGA CHOLI","Wash Care=Dry Clean Only, Do Not Bleach|Product Weight=1.2KG|Colour Code=GREEN|Size=FREE SIZE UPTO 44|Country=India|Work=Lehenga Work : Patola Print With Foil Work|Brand=Zari Lane|Fabric=Dola Silk|Package Contain=1 Lehanga 1 Blouse 1 Dupatta (3 pc)"
"Navratri Special Purple Color Patola Print Lehenga Choli","Lehenga Choli","PURPLE","1299","4599","FREE SIZE:50","Elevate your ethnic wardrobe with our exquisite Lehenga Choli collection, curated to perfection for the modern Indian woman. Crafted with luxurious fabrics and adorned with intricate embroidery, each ensemble exudes timeless elegance and grace. From vibrant hues to subtle pastels, our range offers a diverse selection to suit every taste and occasion. Whether it's a wedding celebration, festive gala, or cultural event, our Lehenga Cholis are designed to make you feel confident and captivating. Discover the epitome of traditional charm and contemporary flair with our handpicked designs. Shop now and indulge in the allure of Lehenga Choli couture.","images/IWyY06Ip_0.webp|images/IWyY06Ip_1.webp|images/IWyY06Ip_2.webp|images/IWyY06Ip_3.webp|images/IWyY06Ip_4.webp","LEHENGA CHOLI","Fabric 1=DOLA SILK|Package Contents=1 Lehanga 1 Blouse 1 Dupatta (3 pc)|Wash Care=Dry Clean Only, Do Not Bleach|Product Weight=0.75|Colour Code=PURPLE|Size=FREE SIZE UPTO 44|Country=India|Work=Lehenga Work : Patola Print With Foil Work|Occasions=Festival, Party, Traditional, Wedding, Dulhan Lehenga , Bridal Lehenga, Marriage Special, Party Wear, Lehenga|Brand=Zari Lane|Ideal for=Women|Blouse=Unstitched|Blouse Length=0.80 Mtr|Lehnga Length=42 Mtr|Lehnga Flair=3 Mtr|Dupatta Length=2.4 Mtr"
"Tussar Silk Patola Print Trendy Lehenga Choli in Firozi","Lehenga Choli","FIROJI","1299","4599","FREE SIZE:50","Elevate your ethnic wardrobe with our exquisite Lehenga Choli collection, curated to perfection for the modern Indian woman. Crafted with luxurious fabrics and adorned with intricate embroidery, each ensemble exudes timeless elegance and grace. From vibrant hues to subtle pastels, our range offers a diverse selection to suit every taste and occasion. Whether it's a wedding celebration, festive gala, or cultural event, our Lehenga Cholis are designed to make you feel confident and captivating. Discover the epitome of traditional charm and contemporary flair with our handpicked designs. Shop now and indulge in the allure of Lehenga Choli couture.","images/uTjnXxxA_0.webp|images/uTjnXxxA_1.webp|images/uTjnXxxA_2.webp|images/uTjnXxxA_3.webp|images/uTjnXxxA_4.webp","LEHENGA CHOLI","Fabric 1=DOLA SILK|Package Contents=1 Lehanga 1 Blouse 1 Dupatta (3 pc)|Wash Care=Dry Clean Only, Do Not Bleach|Product Weight=0.75|Colour Code=FIROJI|Size=FREE SIZE UPTO 44|Country=India|Work=Lehenga Work : Patola Print With Foil Work|Occasions=Festival, Party, Traditional, Wedding, Dulhan Lehenga , Bridal Lehenga, Marriage Special, Party Wear, Lehenga|Brand=Zari Lane|Ideal for=Women|Blouse=Unstitched|Blouse Length=0.80 Mtr|Lehnga Length=42 Mtr|Lehnga Flair=3 Mtr|Dupatta Length=2.4 Mtr"
"Peach Color Tussar Silk Printed Navratri Lehenga Choli","Lehenga Choli","PEACH","1299","4599","FREE SIZE:50","Elevate your ethnic wardrobe with our exquisite Lehenga Choli collection, curated to perfection for the modern Indian woman. Crafted with luxurious fabrics and adorned with intricate embroidery, each ensemble exudes timeless elegance and grace. From vibrant hues to subtle pastels, our range offers a diverse selection to suit every taste and occasion. Whether it's a wedding celebration, festive gala, or cultural event, our Lehenga Cholis are designed to make you feel confident and captivating. Discover the epitome of traditional charm and contemporary flair with our handpicked designs. Shop now and indulge in the allure of Lehenga Choli couture.","images/EgrsjINo_0.webp|images/EgrsjINo_1.webp","LEHENGA CHOLI","Fabric 1=DOLA SILK|Package Contents=1 Lehanga 1 Blouse 1 Dupatta (3 pc)|Wash Care=Dry Clean Only, Do Not Bleach|Product Weight=0.75|Colour Code=PEACH|Size=FREE SIZE UPTO 44|Country=India|Work=Lehenga Work : Patola Print With Foil Work|Occasions=Festival, Party, Traditional, Wedding, Dulhan Lehenga , Bridal Lehenga, Marriage Special, Party Wear, Lehenga|Brand=Zari Lane|Ideal for=Women|Blouse=Unstitched|Blouse Length=0.80 Mtr|Lehnga Length=42 Mtr|Lehnga Flair=3 Mtr|Dupatta Length=2.4 Mtr"
"Traditional Wear Navy Blue Color Lehenga Choli With Pretty Dupatta","Lehenga Choli","NAVY BLUE","1299","4599","FREE SIZE:50","Elevate your ethnic wardrobe with our exquisite Lehenga Choli collection, curated to perfection for the modern Indian woman. Crafted with luxurious fabrics and adorned with intricate embroidery, each ensemble exudes timeless elegance and grace. From vibrant hues to subtle pastels, our range offers a diverse selection to suit every taste and occasion. Whether it's a wedding celebration, festive gala, or cultural event, our Lehenga Cholis are designed to make you feel confident and captivating. Discover the epitome of traditional charm and contemporary flair with our handpicked designs. Shop now and indulge in the allure of Lehenga Choli couture.","images/P0J6CXvH_0.webp|images/P0J6CXvH_1.webp|images/P0J6CXvH_2.webp|images/P0J6CXvH_3.webp","LEHENGA CHOLI","Fabric 1=DOLA SILK|Package Contents=1 Lehanga 1 Blouse 1 Dupatta (3 pc)|Wash Care=Dry Clean Only, Do Not Bleach|Product Weight=0.75|Colour Code=NAVY BLUE|Size=FREE SIZE UPTO 44|Country=India|Work=Lehenga Work : Patola Print With Foil Work|Occasions=Festival, Party, Traditional, Wedding, Dulhan Lehenga , Bridal Lehenga, Marriage Special, Party Wear, Lehenga|Brand=Zari Lane|Ideal for=Women|Blouse=Unstitched|Blouse Length=0.80 Mtr|Lehnga Length=42 Mtr|Lehnga Flair=3 Mtr|Dupatta Length=2.4 Mtr"
"Lavender Color Dola Silk Designer Kalamkari Print Lehenga Choli","Lehenga Choli","LUVENDER","1599","2899","FREE SIZE:50","Elevate your ethnic wardrobe with our exquisite Lehenga Choli collection, curated to perfection for the modern Indian woman. Crafted with luxurious fabrics and adorned with intricate embroidery, each ensemble exudes timeless elegance and grace. From vibrant hues to subtle pastels, our range offers a diverse selection to suit every taste and occasion. Whether it's a wedding celebration, festive gala, or cultural event, our Lehenga Cholis are designed to make you feel confident and captivating. Discover the epitome of traditional charm and contemporary flair with our handpicked designs. Shop now and indulge in the allure of Lehenga Choli couture.","images/sms2fI0Y_0.webp|images/sms2fI0Y_1.webp|images/sms2fI0Y_2.webp|images/sms2fI0Y_3.webp|images/sms2fI0Y_4.webp","LEHENGA CHOLI","Wash Care=Dry Clean Only, Do Not Bleach|Product Weight=1.2KG|Colour Code=BLACK|Size=FREE SIZE UPTO 44|Country=India|Work=Lehenga Work : Patola Print With Foil Work|Brand=Zari Lane|Fabric=Dola Silk|Package Contain=1 Lehanga 1 Blouse 1 Dupatta (3 pc)"
"Traditional Wear Purple Color Lehenga Choli With Pretty Dupatta","Lehenga Choli","PURPLE","1299","4599","FREE SIZE:50","Elevate your ethnic wardrobe with our exquisite Lehenga Choli collection, curated to perfection for the modern Indian woman. Crafted with luxurious fabrics and adorned with intricate embroidery, each ensemble exudes timeless elegance and grace. From vibrant hues to subtle pastels, our range offers a diverse selection to suit every taste and occasion. Whether it's a wedding celebration, festive gala, or cultural event, our Lehenga Cholis are designed to make you feel confident and captivating. Discover the epitome of traditional charm and contemporary flair with our handpicked designs. Shop now and indulge in the allure of Lehenga Choli couture.","images/74aVf6mn_0.webp|images/74aVf6mn_1.webp|images/74aVf6mn_2.webp|images/74aVf6mn_3.webp|images/74aVf6mn_4.webp","LEHENGA CHOLI","Fabric 1=DOLA SILK|Package Contents=1 Lehanga 1 Blouse 1 Dupatta (3 pc)|Wash Care=Dry Clean Only, Do Not Bleach|Product Weight=0.75|Colour Code=PURPLE|Size=FREE SIZE UPTO 44|Country=India|Work=Lehenga Work : Patola Print With Foil Work|Occasions=Festival, Party, Traditional, Wedding, Dulhan Lehenga , Bridal Lehenga, Marriage Special, Party Wear, Lehenga|Brand=Zari Lane|Ideal for=Women|Blouse=Unstitched|Blouse Length=0.80 Mtr|Lehnga Length=42 Mtr|Lehnga Flair=3 Mtr|Dupatta Length=2.4 Mtr"
"Black color tussar silk foil print lehenga choli","Lehenga Choli","BLACK","1299","4599","FREE SIZE:50","Elevate your ethnic wardrobe with our exquisite Lehenga Choli collection, curated to perfection for the modern Indian woman. Crafted with luxurious fabrics and adorned with intricate embroidery, each ensemble exudes timeless elegance and grace. From vibrant hues to subtle pastels, our range offers a diverse selection to suit every taste and occasion. Whether it's a wedding celebration, festive gala, or cultural event, our Lehenga Cholis are designed to make you feel confident and captivating. Discover the epitome of traditional charm and contemporary flair with our handpicked designs. Shop now and indulge in the allure of Lehenga Choli couture.","images/iQpYEnJj_0.webp|images/iQpYEnJj_1.webp|images/iQpYEnJj_2.webp|images/iQpYEnJj_3.webp|images/iQpYEnJj_4.webp","LEHENGA CHOLI","Fabric 1=DOLA SILK|Package Contents=1 Lehanga 1 Blouse 1 Dupatta (3 pc)|Wash Care=Dry Clean Only, Do Not Bleach|Product Weight=0.75|Colour Code=BLACK|Size=FREE SIZE UPTO 44|Country=India|Work=Lehenga Work : Patola Print With Foil Work|Occasions=Festival, Party, Traditional, Wedding, Dulhan Lehenga , Bridal Lehenga, Marriage Special, Party Wear, Lehenga|Brand=Zari Lane|Ideal for=Women|Blouse=Unstitched|Blouse Length=0.80 Mtr|Lehnga Length=42 Mtr|Lehnga Flair=3 Mtr|Dupatta Length=2.4 Mtr"
"Tussar Silk Purple Fabulously Patola Printed Stitched Lehenga & Blouse With Dupatta","Lehenga Choli","PURPLE","1299","4599","FREE SIZE:50","Elevate your ethnic wardrobe with our exquisite Lehenga Choli collection, curated to perfection for the modern Indian woman. Crafted with luxurious fabrics and adorned with intricate embroidery, each ensemble exudes timeless elegance and grace. From vibrant hues to subtle pastels, our range offers a diverse selection to suit every taste and occasion. Whether it's a wedding celebration, festive gala, or cultural event, our Lehenga Cholis are designed to make you feel confident and captivating. Discover the epitome of traditional charm and contemporary flair with our handpicked designs. Shop now and indulge in the allure of Lehenga Choli couture.","images/MtomATwI_0.webp|images/MtomATwI_1.webp","LEHENGA CHOLI","Fabric 1=DOLA SILK|Package Contents=1 Lehanga 1 Blouse 1 Dupatta (3 pc)|Wash Care=Dry Clean Only, Do Not Bleach|Product Weight=0.75|Colour Code=PURPLE|Size=FREE SIZE UPTO 44|Country=India|Work=Lehenga Work : Patola Print With Foil Work|Occasions=Festival, Party, Traditional, Wedding, Dulhan Lehenga , Bridal Lehenga, Marriage Special, Party Wear, Lehenga|Brand=Zari Lane|Ideal for=Women|Blouse=Unstitched|Blouse Length=0.80 Mtr|Lehnga Length=42 Mtr|Lehnga Flair=3 Mtr|Dupatta Length=2.4 Mtr"
"Green color tussar silk foil print lehenga choli","Lehenga Choli","GREEN","1299","4599","FREE SIZE:50","Elevate your ethnic wardrobe with our exquisite Lehenga Choli collection, curated to perfection for the modern Indian woman. Crafted with luxurious fabrics and adorned with intricate embroidery, each ensemble exudes timeless elegance and grace. From vibrant hues to subtle pastels, our range offers a diverse selection to suit every taste and occasion. Whether it's a wedding celebration, festive gala, or cultural event, our Lehenga Cholis are designed to make you feel confident and captivating. Discover the epitome of traditional charm and contemporary flair with our handpicked designs. Shop now and indulge in the allure of Lehenga Choli couture.","images/wyIyq7HZ_0.webp|images/wyIyq7HZ_1.webp|images/wyIyq7HZ_2.webp|images/wyIyq7HZ_3.webp|images/wyIyq7HZ_4.webp","LEHENGA CHOLI","Fabric 1=DOLA SILK|Package Contents=1 Lehanga 1 Blouse 1 Dupatta (3 pc)|Wash Care=Dry Clean Only, Do Not Bleach|Product Weight=0.75|Colour Code=GREEN|Size=FREE SIZE UPTO 44|Country=India|Work=Lehenga Work : Patola Print With Foil Work|Occasions=Festival, Party, Traditional, Wedding, Dulhan Lehenga , Bridal Lehenga, Marriage Special, Party Wear, Lehenga|Brand=Zari Lane|Ideal for=Women|Blouse=Unstitched|Blouse Length=0.80 Mtr|Lehnga Length=42 Mtr|Lehnga Flair=3 Mtr|Dupatta Length=2.4 Mtr"
"Tussar Silk Patola Print Trendy Lehenga Choli in Yellow","Lehenga Choli","YELLOW","1299","4599","FREE SIZE:50","Elevate your ethnic wardrobe with our exquisite Lehenga Choli collection, curated to perfection for the modern Indian woman. Crafted with luxurious fabrics and adorned with intricate embroidery, each ensemble exudes timeless elegance and grace. From vibrant hues to subtle pastels, our range offers a diverse selection to suit every taste and occasion. Whether it's a wedding celebration, festive gala, or cultural event, our Lehenga Cholis are designed to make you feel confident and captivating. Discover the epitome of traditional charm and contemporary flair with our handpicked designs. Shop now and indulge in the allure of Lehenga Choli couture.","images/edqNqral_0.webp|images/edqNqral_1.webp|images/edqNqral_2.webp|images/edqNqral_3.webp|images/edqNqral_4.webp|images/edqNqral_5.webp","LEHENGA CHOLI","Fabric 1=DOLA SILK|Package Contents=1 Lehanga 1 Blouse 1 Dupatta (3 pc)|Wash Care=Dry Clean Only, Do Not Bleach|Product Weight=0.75|Colour Code=YELLOW|Size=FREE SIZE UPTO 44|Country=India|Work=Lehenga Work : Patola Print With Foil Work|Occasions=Festival, Party, Traditional, Wedding, Dulhan Lehenga , Bridal Lehenga, Marriage Special, Party Wear, Lehenga|Brand=Zari Lane|Ideal for=Women|Blouse=Unstitched|Blouse Length=0.80 Mtr|Lehnga Length=42 Mtr|Lehnga Flair=3 Mtr|Dupatta Length=2.4 Mtr"
"Navratri Special Red Color Patola Print Lehenga Choli","Lehenga Choli","RED","1299","4599","FREE SIZE:50","Elevate your ethnic wardrobe with our exquisite Lehenga Choli collection, curated to perfection for the modern Indian woman. Crafted with luxurious fabrics and adorned with intricate embroidery, each ensemble exudes timeless elegance and grace. From vibrant hues to subtle pastels, our range offers a diverse selection to suit every taste and occasion. Whether it's a wedding celebration, festive gala, or cultural event, our Lehenga Cholis are designed to make you feel confident and captivating. Discover the epitome of traditional charm and contemporary flair with our handpicked designs. Shop now and indulge in the allure of Lehenga Choli couture.","images/UGgn5vTA_0.webp|images/UGgn5vTA_1.webp|images/UGgn5vTA_2.webp|images/UGgn5vTA_3.webp|images/UGgn5vTA_4.webp","LEHENGA CHOLI","Fabric 1=DOLA SILK|Package Contents=1 Lehanga 1 Blouse 1 Dupatta (3 pc)|Wash Care=Dry Clean Only, Do Not Bleach|Product Weight=0.75|Colour Code=RED|Size=FREE SIZE UPTO 44|Country=India|Work=Lehenga Work : Patola Print With Foil Work|Occasions=Festival, Party, Traditional, Wedding, Dulhan Lehenga , Bridal Lehenga, Marriage Special, Party Wear, Lehenga|Brand=Zari Lane|Ideal for=Women|Blouse=Unstitched|Blouse Length=0.80 Mtr|Lehnga Length=42 Mtr|Lehnga Flair=3 Mtr|Dupatta Length=2.4 Mtr"
"Light Purple Color Tussar Silk Printed Navratri Lehenga Choli","Lehenga Choli","PURPLE","1299","4599","FREE SIZE:50","Elevate your ethnic wardrobe with our exquisite Lehenga Choli collection, curated to perfection for the modern Indian woman. Crafted with luxurious fabrics and adorned with intricate embroidery, each ensemble exudes timeless elegance and grace. From vibrant hues to subtle pastels, our range offers a diverse selection to suit every taste and occasion. Whether it's a wedding celebration, festive gala, or cultural event, our Lehenga Cholis are designed to make you feel confident and captivating. Discover the epitome of traditional charm and contemporary flair with our handpicked designs. Shop now and indulge in the allure of Lehenga Choli couture.","images/-ZoPwpoe_0.webp|images/-ZoPwpoe_1.webp","LEHENGA CHOLI","Fabric 1=DOLA SILK|Package Contents=1 Lehanga 1 Blouse 1 Dupatta (3 pc)|Wash Care=Dry Clean Only, Do Not Bleach|Product Weight=0.75|Colour Code=PURPLE|Size=FREE SIZE UPTO 44|Country=India|Work=Lehenga Work : Patola Print With Foil Work|Occasions=Festival, Party, Traditional, Wedding, Dulhan Lehenga , Bridal Lehenga, Marriage Special, Party Wear, Lehenga|Brand=Zari Lane|Ideal for=Women|Blouse=Unstitched|Blouse Length=0.80 Mtr|Lehnga Length=42 Mtr|Lehnga Flair=3 Mtr|Dupatta Length=2.4 Mtr"
"Tussar Silk Patola Print Trendy Lehenga Choli in Firozi","Lehenga Choli","FIROJI","1299","4599","FREE SIZE:50","Elevate your ethnic wardrobe with our exquisite Lehenga Choli collection, curated to perfection for the modern Indian woman. Crafted with luxurious fabrics and adorned with intricate embroidery, each ensemble exudes timeless elegance and grace. From vibrant hues to subtle pastels, our range offers a diverse selection to suit every taste and occasion. Whether it's a wedding celebration, festive gala, or cultural event, our Lehenga Cholis are designed to make you feel confident and captivating. Discover the epitome of traditional charm and contemporary flair with our handpicked designs. Shop now and indulge in the allure of Lehenga Choli couture.","images/lmnLkywT_0.webp|images/lmnLkywT_1.webp|images/lmnLkywT_2.webp|images/lmnLkywT_3.webp","LEHENGA CHOLI","Fabric 1=DOLA SILK|Package Contents=1 Lehanga 1 Blouse 1 Dupatta (3 pc)|Wash Care=Dry Clean Only, Do Not Bleach|Product Weight=0.75|Colour Code=FIROJI|Size=FREE SIZE UPTO 44|Country=India|Work=Lehenga Work : Patola Print With Foil Work|Occasions=Festival, Party, Traditional, Wedding, Dulhan Lehenga , Bridal Lehenga, Marriage Special, Party Wear, Lehenga|Brand=Zari Lane|Ideal for=Women|Blouse=Unstitched|Blouse Length=0.80 Mtr|Lehnga Length=42 Mtr|Lehnga Flair=3 Mtr|Dupatta Length=2.4 Mtr"
"Women Floral Woven Flared Lehenga & Choli with Dupatta","Lehenga Choli","PURPLE","1299","4599","FREE SIZE:50","Elevate your ethnic wardrobe with our exquisite Lehenga Choli collection, curated to perfection for the modern Indian woman. Crafted with luxurious fabrics and adorned with intricate embroidery, each ensemble exudes timeless elegance and grace. From vibrant hues to subtle pastels, our range offers a diverse selection to suit every taste and occasion. Whether it's a wedding celebration, festive gala, or cultural event, our Lehenga Cholis are designed to make you feel confident and captivating. Discover the epitome of traditional charm and contemporary flair with our handpicked designs. Shop now and indulge in the allure of Lehenga Choli couture.","images/PLmnhzjR_0.webp|images/PLmnhzjR_1.webp|images/PLmnhzjR_2.webp|images/PLmnhzjR_3.webp|images/PLmnhzjR_4.webp","LEHENGA CHOLI","Fabric 1=DOLA SILK|Package Contents=1 Lehanga 1 Blouse 1 Dupatta (3 pc)|Wash Care=Dry Clean Only, Do Not Bleach|Product Weight=0.75|Colour Code=PURPLE|Size=FREE SIZE UPTO 44|Country=India|Work=Lehenga Work : Patola Print With Foil Work|Occasions=Festival, Party, Traditional, Wedding, Dulhan Lehenga , Bridal Lehenga, Marriage Special, Party Wear, Lehenga|Brand=Zari Lane|Ideal for=Women|Blouse=Unstitched|Blouse Length=0.80 Mtr|Lehnga Length=42 Mtr|Lehnga Flair=3 Mtr|Dupatta Length=2.4 Mtr"
"Tussar Silk Patola Print Trendy Lehenga Choli in Luvender","Lehenga Choli","LUVENDER","1299","4599","FREE SIZE:50","Elevate your ethnic wardrobe with our exquisite Lehenga Choli collection, curated to perfection for the modern Indian woman. Crafted with luxurious fabrics and adorned with intricate embroidery, each ensemble exudes timeless elegance and grace. From vibrant hues to subtle pastels, our range offers a diverse selection to suit every taste and occasion. Whether it's a wedding celebration, festive gala, or cultural event, our Lehenga Cholis are designed to make you feel confident and captivating. Discover the epitome of traditional charm and contemporary flair with our handpicked designs. Shop now and indulge in the allure of Lehenga Choli couture.","images/UoPQUprA_0.webp|images/UoPQUprA_1.webp|images/UoPQUprA_2.webp|images/UoPQUprA_3.webp","LEHENGA CHOLI","Fabric 1=DOLA SILK|Package Contents=1 Lehanga 1 Blouse 1 Dupatta (3 pc)|Wash Care=Dry Clean Only, Do Not Bleach|Product Weight=0.75|Colour Code=LUVENDER|Size=FREE SIZE UPTO 44|Country=India|Work=Lehenga Work : Patola Print With Foil Work|Occasions=Festival, Party, Traditional, Wedding, Dulhan Lehenga , Bridal Lehenga, Marriage Special, Party Wear, Lehenga|Brand=Zari Lane|Ideal for=Women|Blouse=Unstitched|Blouse Length=0.80 Mtr|Lehnga Length=42 Mtr|Lehnga Flair=3 Mtr|Dupatta Length=2.4 Mtr"
"Tussar Silk Patola Print Trendy Lehenga Choli in Yellow","Lehenga Choli","YELLOW","1299","4599","FREE SIZE:50","Elevate your ethnic wardrobe with our exquisite Lehenga Choli collection, curated to perfection for the modern Indian woman. Crafted with luxurious fabrics and adorned with intricate embroidery, each ensemble exudes timeless elegance and grace. From vibrant hues to subtle pastels, our range offers a diverse selection to suit every taste and occasion. Whether it's a wedding celebration, festive gala, or cultural event, our Lehenga Cholis are designed to make you feel confident and captivating. Discover the epitome of traditional charm and contemporary flair with our handpicked designs. Shop now and indulge in the allure of Lehenga Choli couture.","images/OlzNzeTi_0.webp|images/OlzNzeTi_1.webp|images/OlzNzeTi_2.webp|images/OlzNzeTi_3.webp","LEHENGA CHOLI","Fabric 1=DOLA SILK|Package Contents=1 Lehanga 1 Blouse 1 Dupatta (3 pc)|Wash Care=Dry Clean Only, Do Not Bleach|Product Weight=0.75|Colour Code=YELLOW|Size=FREE SIZE UPTO 44|Country=India|Work=Lehenga Work : Patola Print With Foil Work|Occasions=Festival, Party, Traditional, Wedding, Dulhan Lehenga , Bridal Lehenga, Marriage Special, Party Wear, Lehenga|Brand=Zari Lane|Ideal for=Women|Blouse=Unstitched|Blouse Length=0.80 Mtr|Lehnga Length=42 Mtr|Lehnga Flair=3 Mtr|Dupatta Length=2.4 Mtr"
"Lavender Color Dola Silk Designer Kalamkari Print Lehenga Choli","Lehenga Choli","LUVENDER","1599","2899","FREE SIZE:50","Elevate your ethnic wardrobe with our exquisite Lehenga Choli collection, curated to perfection for the modern Indian woman. Crafted with luxurious fabrics and adorned with intricate embroidery, each ensemble exudes timeless elegance and grace. From vibrant hues to subtle pastels, our range offers a diverse selection to suit every taste and occasion. Whether it's a wedding celebration, festive gala, or cultural event, our Lehenga Cholis are designed to make you feel confident and captivating. Discover the epitome of traditional charm and contemporary flair with our handpicked designs. Shop now and indulge in the allure of Lehenga Choli couture.","images/OfFRYB5Y_0.webp|images/OfFRYB5Y_1.webp|images/OfFRYB5Y_2.webp|images/OfFRYB5Y_3.webp","LEHENGA CHOLI","Wash Care=Dry Clean Only, Do Not Bleach|Product Weight=1.2KG|Colour Code=BLACK|Size=FREE SIZE UPTO 44|Country=India|Work=Lehenga Work : Patola Print With Foil Work|Brand=Zari Lane|Fabric=Dola Silk|Package Contain=1 Lehanga 1 Blouse 1 Dupatta (3 pc)"
"Mustard Color Dola Silk Designer Kalamkari Print Lehenga Choli","Lehenga Choli","MUSTARD","1599","2899","FREE SIZE:50","Elevate your ethnic wardrobe with our exquisite Lehenga Choli collection, curated to perfection for the modern Indian woman. Crafted with luxurious fabrics and adorned with intricate embroidery, each ensemble exudes timeless elegance and grace. From vibrant hues to subtle pastels, our range offers a diverse selection to suit every taste and occasion. Whether it's a wedding celebration, festive gala, or cultural event, our Lehenga Cholis are designed to make you feel confident and captivating. Discover the epitome of traditional charm and contemporary flair with our handpicked designs. Shop now and indulge in the allure of Lehenga Choli couture.","images/5_CE1dzH_0.webp|images/5_CE1dzH_1.webp|images/5_CE1dzH_2.webp|images/5_CE1dzH_3.webp|images/5_CE1dzH_4.webp","LEHENGA CHOLI","Wash Care=Dry Clean Only, Do Not Bleach|Product Weight=1.2KG|Colour Code=GREEN|Size=FREE SIZE UPTO 44|Country=India|Work=Lehenga Work : Patola Print With Foil Work|Brand=Zari Lane|Fabric=Dola Silk|Package Contain=1 Lehanga 1 Blouse 1 Dupatta (3 pc)"
"Pink Color Dola Silk Designer Kalamkari Print Lehenga Choli","Lehenga Choli","PINK","1599","2899","FREE SIZE:50","Elevate your ethnic wardrobe with our exquisite Lehenga Choli collection, curated to perfection for the modern Indian woman. Crafted with luxurious fabrics and adorned with intricate embroidery, each ensemble exudes timeless elegance and grace. From vibrant hues to subtle pastels, our range offers a diverse selection to suit every taste and occasion. Whether it's a wedding celebration, festive gala, or cultural event, our Lehenga Cholis are designed to make you feel confident and captivating. Discover the epitome of traditional charm and contemporary flair with our handpicked designs. Shop now and indulge in the allure of Lehenga Choli couture.","images/90ATivsp_0.webp|images/90ATivsp_1.webp|images/90ATivsp_2.webp|images/90ATivsp_3.webp","LEHENGA CHOLI","Wash Care=Dry Clean Only, Do Not Bleach|Product Weight=1.2KG|Colour Code=MAROON|Size=FREE SIZE UPTO 44|Country=India|Work=Lehenga Work : Patola Print With Foil Work|Brand=Zari Lane|Fabric=Dola Silk|Package Contain=1 Lehanga 1 Blouse 1 Dupatta (3 pc)"
"White Color Dola Silk Designer Kalamkari Print Lehenga Choli","Lehenga Choli","WHITE","1599","2899","FREE SIZE:50","Elevate your ethnic wardrobe with our exquisite Lehenga Choli collection, curated to perfection for the modern Indian woman. Crafted with luxurious fabrics and adorned with intricate embroidery, each ensemble exudes timeless elegance and grace. From vibrant hues to subtle pastels, our range offers a diverse selection to suit every taste and occasion. Whether it's a wedding celebration, festive gala, or cultural event, our Lehenga Cholis are designed to make you feel confident and captivating. Discover the epitome of traditional charm and contemporary flair with our handpicked designs. Shop now and indulge in the allure of Lehenga Choli couture.","images/Epz9DvlF_0.webp|images/Epz9DvlF_1.webp|images/Epz9DvlF_2.webp|images/Epz9DvlF_3.webp|images/Epz9DvlF_4.webp","LEHENGA CHOLI","Wash Care=Dry Clean Only, Do Not Bleach|Product Weight=1.2KG|Colour Code=PURPLE|Size=FREE SIZE UPTO 44|Country=India|Work=Lehenga Work : Patola Print With Foil Work|Brand=Zari Lane|Fabric=Dola Silk|Package Contain=1 Lehanga 1 Blouse 1 Dupatta (3 pc)"
"Tussar Silk Patola Print Trendy Lehenga Choli in Pink","Lehenga Choli","PINK","1299","4599","FREE SIZE:50","Elevate your ethnic wardrobe with our exquisite Lehenga Choli collection, curated to perfection for the modern Indian woman. Crafted with luxurious fabrics and adorned with intricate embroidery, each ensemble exudes timeless elegance and grace. From vibrant hues to subtle pastels, our range offers a diverse selection to suit every taste and occasion. Whether it's a wedding celebration, festive gala, or cultural event, our Lehenga Cholis are designed to make you feel confident and captivating. Discover the epitome of traditional charm and contemporary flair with our handpicked designs. Shop now and indulge in the allure of Lehenga Choli couture.","images/aDgwHbTX_0.webp|images/aDgwHbTX_1.webp|images/aDgwHbTX_2.webp|images/aDgwHbTX_3.webp|images/aDgwHbTX_4.webp","LEHENGA CHOLI","Fabric 1=DOLA SILK|Package Contents=1 Lehanga 1 Blouse 1 Dupatta (3 pc)|Wash Care=Dry Clean Only, Do Not Bleach|Product Weight=0.75|Colour Code=PINK|Size=FREE SIZE UPTO 44|Country=India|Work=Lehenga Work : Patola Print With Foil Work|Occasions=Festival, Party, Traditional, Wedding, Dulhan Lehenga , Bridal Lehenga, Marriage Special, Party Wear, Lehenga|Brand=Zari Lane|Ideal for=Women|Blouse=Unstitched|Blouse Length=0.80 Mtr|Lehnga Length=42 Mtr|Lehnga Flair=3 Mtr|Dupatta Length=2.4 Mtr"
"Red Designer Patola Print Traditional Lehenga Choli","Lehenga Choli","RED","1299","4599","FREE SIZE:50","Elevate your ethnic wardrobe with our exquisite Lehenga Choli collection, curated to perfection for the modern Indian woman. Crafted with luxurious fabrics and adorned with intricate embroidery, each ensemble exudes timeless elegance and grace. From vibrant hues to subtle pastels, our range offers a diverse selection to suit every taste and occasion. Whether it's a wedding celebration, festive gala, or cultural event, our Lehenga Cholis are designed to make you feel confident and captivating. Discover the epitome of traditional charm and contemporary flair with our handpicked designs. Shop now and indulge in the allure of Lehenga Choli couture.","images/e9As89Ks_0.webp|images/e9As89Ks_1.webp|images/e9As89Ks_2.webp|images/e9As89Ks_3.webp","LEHENGA CHOLI","Fabric 1=DOLA SILK|Package Contents=1 Lehanga 1 Blouse 1 Dupatta (3 pc)|Wash Care=Dry Clean Only, Do Not Bleach|Product Weight=0.75|Colour Code=RED|Size=FREE SIZE UPTO 44|Country=India|Work=Lehenga Work : Patola Print With Foil Work|Occasions=Festival, Party, Traditional, Wedding, Dulhan Lehenga , Bridal Lehenga, Marriage Special, Party Wear, Lehenga|Brand=Zari Lane|Ideal for=Women|Blouse=Unstitched|Blouse Length=0.80 Mtr|Lehnga Length=42 Mtr|Lehnga Flair=3 Mtr|Dupatta Length=2.4 Mtr"
"Red Patola Print Traditional Lehenga Choli","Lehenga Choli","RED","1299","4599","FREE SIZE:50","Elevate your ethnic wardrobe with our exquisite Lehenga Choli collection, curated to perfection for the modern Indian woman. Crafted with luxurious fabrics and adorned with intricate embroidery, each ensemble exudes timeless elegance and grace. From vibrant hues to subtle pastels, our range offers a diverse selection to suit every taste and occasion. Whether it's a wedding celebration, festive gala, or cultural event, our Lehenga Cholis are designed to make you feel confident and captivating. Discover the epitome of traditional charm and contemporary flair with our handpicked designs. Shop now and indulge in the allure of Lehenga Choli couture.","images/LuoP7xMz_0.webp","LEHENGA CHOLI","Fabric 1=DOLA SILK|Package Contents=1 Lehanga 1 Blouse 1 Dupatta (3 pc)|Wash Care=Dry Clean Only, Do Not Bleach|Product Weight=0.75|Colour Code=RED|Size=FREE SIZE UPTO 44|Country=India|Work=Lehenga Work : Patola Print With Foil Work|Occasions=Festival, Party, Traditional, Wedding, Dulhan Lehenga , Bridal Lehenga, Marriage Special, Party Wear, Lehenga|Brand=Zari Lane|Ideal for=Women|Blouse=Unstitched|Blouse Length=0.80 Mtr|Lehnga Length=42 Mtr|Lehnga Flair=3 Mtr|Dupatta Length=2.4 Mtr"
"Red Color Leheriya With Patola Print Tussar Silk Lehenga Choli","Lehenga Choli","RED","1599","2899","FREE SIZE:50","Elevate your ethnic wardrobe with our exquisite Lehenga Choli collection, curated to perfection for the modern Indian woman. Crafted with luxurious fabrics and adorned with intricate embroidery, each ensemble exudes timeless elegance and grace. From vibrant hues to subtle pastels, our range offers a diverse selection to suit every taste and occasion. Whether it's a wedding celebration, festive gala, or cultural event, our Lehenga Cholis are designed to make you feel confident and captivating. Discover the epitome of traditional charm and contemporary flair with our handpicked designs. Shop now and indulge in the allure of Lehenga Choli couture.","images/MiluvqJz_0.webp|images/MiluvqJz_1.webp|images/MiluvqJz_2.webp|images/MiluvqJz_3.webp","LEHENGA CHOLI","Wash Care=Dry Clean Only, Do Not Bleach|Product Weight=1.2KG|Colour Code=RED|Size=FREE SIZE UPTO 44|Country=India|Work=Lehenga Work : Patola Print With Foil Work|Brand=Zari Lane|Fabric=Dola Silk|Package Contain=1 Lehanga 1 Blouse 1 Dupatta (3 pc)"
"Tussar Silk Patola Print Trendy Lehenga Choli in Pink","Lehenga Choli","PINK","1299","4599","FREE SIZE:50","Elevate your ethnic wardrobe with our exquisite Lehenga Choli collection, curated to perfection for the modern Indian woman. Crafted with luxurious fabrics and adorned with intricate embroidery, each ensemble exudes timeless elegance and grace. From vibrant hues to subtle pastels, our range offers a diverse selection to suit every taste and occasion. Whether it's a wedding celebration, festive gala, or cultural event, our Lehenga Cholis are designed to make you feel confident and captivating. Discover the epitome of traditional charm and contemporary flair with our handpicked designs. Shop now and indulge in the allure of Lehenga Choli couture.","images/Qu6tWuwJ_0.webp|images/Qu6tWuwJ_1.webp|images/Qu6tWuwJ_2.webp|images/Qu6tWuwJ_3.webp","LEHENGA CHOLI","Fabric 1=DOLA SILK|Package Contents=1 Lehanga 1 Blouse 1 Dupatta (3 pc)|Wash Care=Dry Clean Only, Do Not Bleach|Product Weight=0.75|Colour Code=PINK|Size=FREE SIZE UPTO 44|Country=India|Work=Lehenga Work : Patola Print With Foil Work|Occasions=Festival, Party, Traditional, Wedding, Dulhan Lehenga , Bridal Lehenga, Marriage Special, Party Wear, Lehenga|Brand=Zari Lane|Ideal for=Women|Blouse=Unstitched|Blouse Length=0.80 Mtr|Lehnga Length=42 Mtr|Lehnga Flair=3 Mtr|Dupatta Length=2.4 Mtr"
"Women Floral Woven Flared Lehenga & Choli with Dupatta","Lehenga Choli","RED","1299","4599","FREE SIZE:50","Elevate your ethnic wardrobe with our exquisite Lehenga Choli collection, curated to perfection for the modern Indian woman. Crafted with luxurious fabrics and adorned with intricate embroidery, each ensemble exudes timeless elegance and grace. From vibrant hues to subtle pastels, our range offers a diverse selection to suit every taste and occasion. Whether it's a wedding celebration, festive gala, or cultural event, our Lehenga Cholis are designed to make you feel confident and captivating. Discover the epitome of traditional charm and contemporary flair with our handpicked designs. Shop now and indulge in the allure of Lehenga Choli couture.","images/fAVvNb9Q_0.webp|images/fAVvNb9Q_1.webp|images/fAVvNb9Q_2.webp|images/fAVvNb9Q_3.webp|images/fAVvNb9Q_4.webp","LEHENGA CHOLI","Fabric 1=DOLA SILK|Package Contents=1 Lehanga 1 Blouse 1 Dupatta (3 pc)|Wash Care=Dry Clean Only, Do Not Bleach|Product Weight=0.75|Colour Code=RED|Size=FREE SIZE UPTO 44|Country=India|Work=Lehenga Work : Patola Print With Foil Work|Occasions=Festival, Party, Traditional, Wedding, Dulhan Lehenga , Bridal Lehenga, Marriage Special, Party Wear, Lehenga|Brand=Zari Lane|Ideal for=Women|Blouse=Unstitched|Blouse Length=0.80 Mtr|Lehnga Length=42 Mtr|Lehnga Flair=3 Mtr|Dupatta Length=2.4 Mtr"
"Tussar Silk Navy Blue Fabulously Patola Printed Stitched Lehenga & Blouse With Dupatta","Lehenga Choli","NAVY BLUE","1299","4599","FREE SIZE:50","Elevate your ethnic wardrobe with our exquisite Lehenga Choli collection, curated to perfection for the modern Indian woman. Crafted with luxurious fabrics and adorned with intricate embroidery, each ensemble exudes timeless elegance and grace. From vibrant hues to subtle pastels, our range offers a diverse selection to suit every taste and occasion. Whether it's a wedding celebration, festive gala, or cultural event, our Lehenga Cholis are designed to make you feel confident and captivating. Discover the epitome of traditional charm and contemporary flair with our handpicked designs. Shop now and indulge in the allure of Lehenga Choli couture.","images/JCMkhNJI_0.webp|images/JCMkhNJI_1.webp","LEHENGA CHOLI","Fabric 1=DOLA SILK|Package Contents=1 Lehanga 1 Blouse 1 Dupatta (3 pc)|Wash Care=Dry Clean Only, Do Not Bleach|Product Weight=0.75|Colour Code=NAVY BLUE|Size=FREE SIZE UPTO 44|Country=India|Work=Lehenga Work : Patola Print With Foil Work|Occasions=Festival, Party, Traditional, Wedding, Dulhan Lehenga , Bridal Lehenga, Marriage Special, Party Wear, Lehenga|Brand=Zari Lane|Ideal for=Women|Blouse=Unstitched|Blouse Length=0.80 Mtr|Lehnga Length=42 Mtr|Lehnga Flair=3 Mtr|Dupatta Length=2.4 Mtr"
"Tussar Silk Green Fabulously Patola Printed Stitched Lehenga & Blouse With Dupatta","Lehenga Choli","GREEN","1299","4599","FREE SIZE:50","Elevate your ethnic wardrobe with our exquisite Lehenga Choli collection, curated to perfection for the modern Indian woman. Crafted with luxurious fabrics and adorned with intricate embroidery, each ensemble exudes timeless elegance and grace. From vibrant hues to subtle pastels, our range offers a diverse selection to suit every taste and occasion. Whether it's a wedding celebration, festive gala, or cultural event, our Lehenga Cholis are designed to make you feel confident and captivating. Discover the epitome of traditional charm and contemporary flair with our handpicked designs. Shop now and indulge in the allure of Lehenga Choli couture.","images/-UC9rE6q_0.webp|images/-UC9rE6q_1.webp","LEHENGA CHOLI","Fabric 1=DOLA SILK|Package Contents=1 Lehanga 1 Blouse 1 Dupatta (3 pc)|Wash Care=Dry Clean Only, Do Not Bleach|Product Weight=0.75|Colour Code=GREEN|Size=FREE SIZE UPTO 44|Country=India|Work=Lehenga Work : Patola Print With Foil Work|Occasions=Festival, Party, Traditional, Wedding, Dulhan Lehenga , Bridal Lehenga, Marriage Special, Party Wear, Lehenga|Brand=Zari Lane|Ideal for=Women|Blouse=Unstitched|Blouse Length=0.80 Mtr|Lehnga Length=42 Mtr|Lehnga Flair=3 Mtr|Dupatta Length=2.4 Mtr"
"Traditional Wear Red Color Lehenga Choli With Pretty Dupatta","Lehenga Choli","RED","1299","4599","FREE SIZE:50","Elevate your ethnic wardrobe with our exquisite Lehenga Choli collection, curated to perfection for the modern Indian woman. Crafted with luxurious fabrics and adorned with intricate embroidery, each ensemble exudes timeless elegance and grace. From vibrant hues to subtle pastels, our range offers a diverse selection to suit every taste and occasion. Whether it's a wedding celebration, festive gala, or cultural event, our Lehenga Cholis are designed to make you feel confident and captivating. Discover the epitome of traditional charm and contemporary flair with our handpicked designs. Shop now and indulge in the allure of Lehenga Choli couture.","images/Ks6tMOqI_0.webp|images/Ks6tMOqI_1.webp|images/Ks6tMOqI_2.webp|images/Ks6tMOqI_3.webp|images/Ks6tMOqI_4.webp|images/Ks6tMOqI_5.webp","LEHENGA CHOLI","Fabric 1=DOLA SILK|Package Contents=1 Lehanga 1 Blouse 1 Dupatta (3 pc)|Wash Care=Dry Clean Only, Do Not Bleach|Colour Code=RED|Size=FREE SIZE UPTO 44|Country=India|Work=Lehenga Work : Patola Print With Foil Work|Occasions=Festival, Party, Traditional, Wedding, Dulhan Lehenga , Bridal Lehenga, Marriage Special, Party Wear, Lehenga|Brand=Zari Lane|Ideal for=Women|Blouse=Unstitched|Blouse Length=0.80 Mtr|Lehnga Length=42 Mtr|Lehnga Flair=3 Mtr|Dupatta Length=2.4 Mtr"
"Traditional Wear Green Color Lehenga Choli With Pretty Dupatta","Lehenga Choli","GREEN","1299","4599","FREE SIZE:50","Elevate your ethnic wardrobe with our exquisite Lehenga Choli collection, curated to perfection for the modern Indian woman. Crafted with luxurious fabrics and adorned with intricate embroidery, each ensemble exudes timeless elegance and grace. From vibrant hues to subtle pastels, our range offers a diverse selection to suit every taste and occasion. Whether it's a wedding celebration, festive gala, or cultural event, our Lehenga Cholis are designed to make you feel confident and captivating. Discover the epitome of traditional charm and contemporary flair with our handpicked designs. Shop now and indulge in the allure of Lehenga Choli couture.","images/1T1NBDzk_0.webp|images/1T1NBDzk_1.webp|images/1T1NBDzk_2.webp|images/1T1NBDzk_3.webp|images/1T1NBDzk_4.webp|images/1T1NBDzk_5.webp","LEHENGA CHOLI","Fabric 1=DOLA SILK|Package Contents=1 Lehanga 1 Blouse 1 Dupatta (3 pc)|Wash Care=Dry Clean Only, Do Not Bleach|Product Weight=0.75|Colour Code=GREEN|Size=FREE SIZE UPTO 44|Country=India|Work=Lehenga Work : Patola Print With Foil Work|Occasions=Festival, Party, Traditional, Wedding, Dulhan Lehenga , Bridal Lehenga, Marriage Special, Party Wear, Lehenga|Brand=Zari Lane|Ideal for=Women|Blouse=Unstitched|Blouse Length=0.80 Mtr|Lehnga Length=42 Mtr|Lehnga Flair=3 Mtr|Dupatta Length=2.4 Mtr"
"Blue Patola Print Traditional Lehenga Choli","Lehenga Choli","BLUE","1299","4599","FREE SIZE:50","Elevate your ethnic wardrobe with our exquisite Lehenga Choli collection, curated to perfection for the modern Indian woman. Crafted with luxurious fabrics and adorned with intricate embroidery, each ensemble exudes timeless elegance and grace. From vibrant hues to subtle pastels, our range offers a diverse selection to suit every taste and occasion. Whether it's a wedding celebration, festive gala, or cultural event, our Lehenga Cholis are designed to make you feel confident and captivating. Discover the epitome of traditional charm and contemporary flair with our handpicked designs. Shop now and indulge in the allure of Lehenga Choli couture.","images/DXuSZr_J_0.webp","LEHENGA CHOLI","Fabric 1=DOLA SILK|Package Contents=1 Lehanga 1 Blouse 1 Dupatta (3 pc)|Wash Care=Dry Clean Only, Do Not Bleach|Product Weight=0.75|Colour Code=BLUE|Size=FREE SIZE UPTO 44|Country=India|Work=Lehenga Work : Patola Print With Foil Work|Occasions=Festival, Party, Traditional, Wedding, Dulhan Lehenga , Bridal Lehenga, Marriage Special, Party Wear, Lehenga|Brand=Zari Lane|Ideal for=Women|Blouse=Unstitched|Blouse Length=0.80 Mtr|Lehnga Length=42 Mtr|Lehnga Flair=3 Mtr|Dupatta Length=2.4 Mtr"
"dola silk Women's Wedding Special Floral Lehenga Choli with Foil Print & Gotta Patti Dupatta (purple)","Lehenga Choli","MULTI","1599","2899","FREE SIZE:50","","images/NGRDh1Th_0.webp|images/NGRDh1Th_1.webp|images/NGRDh1Th_2.webp|images/NGRDh1Th_3.webp|images/NGRDh1Th_4.webp|images/NGRDh1Th_5.webp","LEHENGA CHOLI","Brand=Zari Lane|Attribute Name=Lehenga Work : Patola Print With Foil Work"
"dola silk Women's Wedding Special Floral Lehenga Choli with Foil Print & Gotta Patti Dupatta (maroon)","Lehenga Choli","MULTI","1599","2899","FREE SIZE:50","","images/W8oMSG5Q_0.webp|images/W8oMSG5Q_1.webp|images/W8oMSG5Q_2.webp|images/W8oMSG5Q_3.webp|images/W8oMSG5Q_4.webp|images/W8oMSG5Q_5.webp","LEHENGA CHOLI","Brand=Zari Lane|Attribute Name=Lehenga Work : Patola Print With Foil Work"
"dola silk Women's Wedding Special Floral Lehenga Choli with Foil Print & Gotta Patti Dupatta (blue)","Lehenga Choli","MULTI","1599","2899","FREE SIZE:50","","images/98jqwetT_0.webp|images/98jqwetT_1.webp|images/98jqwetT_2.webp|images/98jqwetT_3.webp|images/98jqwetT_4.webp|images/98jqwetT_5.webp","LEHENGA CHOLI","Brand=Zari Lane|Attribute Name=Lehenga Work : Patola Print With Foil Work"
"Women's Wedding Special Floral Lehenga Choli with Foil Print & Gotta Patti Dupatta (purple)","Lehenga Choli","PURPLE","1599","2899","FREE SIZE:50","","images/OTnxejf9_0.webp|images/OTnxejf9_1.webp|images/OTnxejf9_2.webp|images/OTnxejf9_3.webp|images/OTnxejf9_4.webp","LEHENGA CHOLI","Brand=Zari Lane|Attribute Name=Lehenga Work : Patola Print With Foil Work"
"Women's Wedding Special Floral Lehenga Choli with Foil Print & Gotta Patti Dupatta (green)","Lehenga Choli","GREEN","1599","2899","FREE SIZE:50","","images/vXNiCkgl_0.webp|images/vXNiCkgl_1.webp|images/vXNiCkgl_2.webp|images/vXNiCkgl_3.webp|images/vXNiCkgl_4.webp","LEHENGA CHOLI","Brand=Zari Lane|Attribute Name=Lehenga Work : Patola Print With Foil Work"
"Women's Wedding Special Floral Lehenga Choli with Foil Print & Gotta Patti Dupatta (maroon)","Lehenga Choli","MAROON","1599","2899","FREE SIZE:50","","images/4usRuWbb_0.webp|images/4usRuWbb_1.webp|images/4usRuWbb_2.webp|images/4usRuWbb_3.webp|images/4usRuWbb_4.webp|images/4usRuWbb_5.webp","LEHENGA CHOLI","Brand=Zari Lane|Attribute Name=Lehenga Work : Patola Print With Foil Work"
"Green color tussar silk foil print lehenga choli","Lehenga Choli","GREEN","1299","4599","FREE SIZE:50","Elevate your ethnic wardrobe with our exquisite Lehenga Choli collection, curated to perfection for the modern Indian woman. Crafted with luxurious fabrics and adorned with intricate embroidery, each ensemble exudes timeless elegance and grace. From vibrant hues to subtle pastels, our range offers a diverse selection to suit every taste and occasion. Whether it's a wedding celebration, festive gala, or cultural event, our Lehenga Cholis are designed to make you feel confident and captivating. Discover the epitome of traditional charm and contemporary flair with our handpicked designs. Shop now and indulge in the allure of Lehenga Choli couture.","images/maHiDkXR_0.webp|images/maHiDkXR_1.webp|images/maHiDkXR_2.webp|images/maHiDkXR_3.webp|images/maHiDkXR_4.webp|images/maHiDkXR_5.webp","LEHENGA CHOLI","Fabric 1=DOLA SILK|Package Contents=1 Lehanga 1 Blouse 1 Dupatta (3 pc)|Wash Care=Dry Clean Only, Do Not Bleach|Product Weight=0.75|Colour Code=GREEN|Size=FREE SIZE UPTO 44|Country=India|Work=Lehenga Work : Patola Print With Foil Work|Occasions=Festival, Party, Traditional, Wedding, Dulhan Lehenga , Bridal Lehenga, Marriage Special, Party Wear, Lehenga|Brand=Zari Lane|Ideal for=Women|Blouse=Unstitched|Blouse Length=0.80 Mtr|Lehnga Length=42 Mtr|Lehnga Flair=3 Mtr|Dupatta Length=2.4 Mtr"
"Purple color tussar silk foil print lehenga choli","Lehenga Choli","PURPLE","1299","4599","FREE SIZE:50","Elevate your ethnic wardrobe with our exquisite Lehenga Choli collection, curated to perfection for the modern Indian woman. Crafted with luxurious fabrics and adorned with intricate embroidery, each ensemble exudes timeless elegance and grace. From vibrant hues to subtle pastels, our range offers a diverse selection to suit every taste and occasion. Whether it's a wedding celebration, festive gala, or cultural event, our Lehenga Cholis are designed to make you feel confident and captivating. Discover the epitome of traditional charm and contemporary flair with our handpicked designs. Shop now and indulge in the allure of Lehenga Choli couture.","images/PFcqCW2X_0.webp|images/PFcqCW2X_1.webp|images/PFcqCW2X_2.webp|images/PFcqCW2X_3.webp|images/PFcqCW2X_4.webp|images/PFcqCW2X_5.webp|images/PFcqCW2X_6.webp","LEHENGA CHOLI","Fabric 1=DOLA SILK|Package Contents=1 Lehanga 1 Blouse 1 Dupatta (3 pc)|Wash Care=Dry Clean Only, Do Not Bleach|Product Weight=0.75|Colour Code=PURPLE|Size=FREE SIZE UPTO 44|Country=India|Work=Lehenga Work : Patola Print With Foil Work|Occasions=Festival, Party, Traditional, Wedding, Dulhan Lehenga , Bridal Lehenga, Marriage Special, Party Wear, Lehenga|Brand=Zari Lane|Ideal for=Women|Blouse=Unstitched|Blouse Length=0.80 Mtr|Lehnga Length=42 Mtr|Lehnga Flair=3 Mtr|Dupatta Length=2.4 Mtr"
"White color tussar silk foil print lehenga choli","Lehenga Choli","WHITE","1299","4599","FREE SIZE:50","Elevate your ethnic wardrobe with our exquisite Lehenga Choli collection, curated to perfection for the modern Indian woman. Crafted with luxurious fabrics and adorned with intricate embroidery, each ensemble exudes timeless elegance and grace. From vibrant hues to subtle pastels, our range offers a diverse selection to suit every taste and occasion. Whether it's a wedding celebration, festive gala, or cultural event, our Lehenga Cholis are designed to make you feel confident and captivating. Discover the epitome of traditional charm and contemporary flair with our handpicked designs. Shop now and indulge in the allure of Lehenga Choli couture.","images/PBRninet_0.webp|images/PBRninet_1.webp|images/PBRninet_2.webp|images/PBRninet_3.webp|images/PBRninet_4.webp|images/PBRninet_5.webp|images/PBRninet_6.webp","LEHENGA CHOLI","Fabric 1=DOLA SILK|Package Contents=1 Lehanga 1 Blouse 1 Dupatta (3 pc)|Wash Care=Dry Clean Only, Do Not Bleach|Product Weight=0.75|Colour Code=WHITE|Size=FREE SIZE UPTO 44|Country=India|Work=Lehenga Work : Patola Print With Foil Work|Occasions=Festival, Party, Traditional, Wedding, Dulhan Lehenga , Bridal Lehenga, Marriage Special, Party Wear, Lehenga|Brand=Zari Lane|Ideal for=Women|Blouse=Unstitched|Blouse Length=0.80 Mtr|Lehnga Length=42 Mtr|Lehnga Flair=3 Mtr|Dupatta Length=2.4 Mtr"
"Red color tussar silk foil print lehenga choli","Lehenga Choli","RED","1299","4599","FREE SIZE:50","Elevate your ethnic wardrobe with our exquisite Lehenga Choli collection, curated to perfection for the modern Indian woman. Crafted with luxurious fabrics and adorned with intricate embroidery, each ensemble exudes timeless elegance and grace. From vibrant hues to subtle pastels, our range offers a diverse selection to suit every taste and occasion. Whether it's a wedding celebration, festive gala, or cultural event, our Lehenga Cholis are designed to make you feel confident and captivating. Discover the epitome of traditional charm and contemporary flair with our handpicked designs. Shop now and indulge in the allure of Lehenga Choli couture.","images/qoHgZ8cf_0.webp|images/qoHgZ8cf_1.webp|images/qoHgZ8cf_2.webp|images/qoHgZ8cf_3.webp|images/qoHgZ8cf_4.webp","LEHENGA CHOLI","Fabric 1=DOLA SILK|Package Contents=1 Lehanga 1 Blouse 1 Dupatta (3 pc)|Wash Care=Dry Clean Only, Do Not Bleach|Product Weight=0.75|Colour Code=RED|Size=FREE SIZE UPTO 44|Country=India|Work=Lehenga Work : Patola Print With Foil Work|Occasions=Festival, Party, Traditional, Wedding, Dulhan Lehenga , Bridal Lehenga, Marriage Special, Party Wear, Lehenga|Brand=Zari Lane|Ideal for=Women|Blouse=Unstitched|Blouse Length=0.80 Mtr|Lehnga Length=42 Mtr|Lehnga Flair=3 Mtr|Dupatta Length=2.4 Mtr"
"Lehenga Choli Dola Silk Patola Print&foil Work Belt Indian Lhenega Choli","Lehenga Choli","GREEN","1599","2899","FREE SIZE:50","","images/8lU_1fNY_0.webp|images/8lU_1fNY_1.webp|images/8lU_1fNY_2.webp|images/8lU_1fNY_3.webp","LEHENGA CHOLI","Brand=Zari Lane|Attribute Name=Lehenga Work : Patola Print With Foil Work"
"Lehenga Choli Dola Silk Patola Print&foil Work Belt Indian Lhenega Choli","Lehenga Choli","WHITE","1599","2899","FREE SIZE:50","","images/rAMpZJ-i_0.webp|images/rAMpZJ-i_1.webp|images/rAMpZJ-i_2.webp|images/rAMpZJ-i_3.webp|images/rAMpZJ-i_4.webp","LEHENGA CHOLI","Brand=Zari Lane|Attribute Name=Lehenga Work : Patola Print With Foil Work"
"Lehenga Choli Dola Silk Patola Print&foil Work Belt Indian Lhenega Choli","Lehenga Choli","PURPLE","1599","2899","FREE SIZE:50","","images/4XeWvnlu_0.webp|images/4XeWvnlu_1.webp|images/4XeWvnlu_2.webp|images/4XeWvnlu_3.webp|images/4XeWvnlu_4.webp","LEHENGA CHOLI","Brand=Zari Lane|Attribute Name=Lehenga Work : Patola Print With Foil Work"
"Lehenga Choli Dola Silk Patola Print&foil Work Belt Indian Lhenega Choli","Lehenga Choli","RED","1599","2899","FREE SIZE:50","","images/hqMW21dQ_0.webp|images/hqMW21dQ_1.webp|images/hqMW21dQ_2.webp|images/hqMW21dQ_3.webp","LEHENGA CHOLI","Brand=Zari Lane|Attribute Name=Lehenga Work : Patola Print With Foil Work"
"Women's Wedding Special Floral Lehenga Choli with Foil Print & Gotta Patti Dupatta (green)","Lehenga Choli","MULTI","1599","2899","FREE SIZE:50","","images/3jATlOYX_0.webp|images/3jATlOYX_1.webp|images/3jATlOYX_2.webp|images/3jATlOYX_3.webp","LEHENGA CHOLI","Brand=Zari Lane|Attribute Name=Lehenga Work : Patola Print With Foil Work"
"Women's Wedding Special Floral Lehenga Choli with Foil Print & Gotta Patti Dupatta (purple)","Lehenga Choli","YELLOW","1599","2899","FREE SIZE:50","","images/CYmYDM8f_0.webp|images/CYmYDM8f_1.webp|images/CYmYDM8f_2.webp|images/CYmYDM8f_3.webp","LEHENGA CHOLI","Brand=Zari Lane|Attribute Name=Lehenga Work : Patola Print With Foil Work"
"Women's Wedding Special Floral Lehenga Choli with Foil Print & Gotta Patti Dupatta (maroon)","Lehenga Choli","PINK","1599","2899","FREE SIZE:50","","images/VnbESpoC_0.webp|images/VnbESpoC_1.webp|images/VnbESpoC_2.webp|images/VnbESpoC_3.webp|images/VnbESpoC_4.webp","LEHENGA CHOLI","Brand=Zari Lane|Attribute Name=Lehenga Work : Patola Print With Foil Work"
"Lehenga Choli Dola Silk Patola Print&foil Work Belt Indian Lhenega Choli","Lehenga Choli","BROWN","1599","2899","FREE SIZE:50","","images/dAyhz-xy_0.webp|images/dAyhz-xy_1.webp|images/dAyhz-xy_2.webp|images/dAyhz-xy_3.webp","LEHENGA CHOLI","Brand=Zari Lane|Attribute Name=Lehenga Work : Patola Print With Foil Work"
"Women's Dola Silk (Jacquard Silk) Printed (Kalamkari) With Zari Weaving Border  Lehenga choli�","Lehenga Choli","MULTI","1599","2899","FREE SIZE:50","","images/3iAY43OW_0.webp|images/3iAY43OW_1.webp|images/3iAY43OW_2.webp|images/3iAY43OW_3.webp|images/3iAY43OW_4.webp","LEHENGA CHOLI","Attribute Name=Lehenga Work : Patola Print With Foil Work"
"Women's Dola Silk (Jacquard Silk) Printed (Kalamkari) With Zari Weaving Border  Lehenga choli�","Lehenga Choli","MULTI","1599","2899","FREE SIZE:50","","images/7YcvmhOi_0.webp|images/7YcvmhOi_1.webp|images/7YcvmhOi_2.webp|images/7YcvmhOi_3.webp|images/7YcvmhOi_4.webp","LEHENGA CHOLI","Brand=Zari Lane|Attribute Name=Lehenga Work : Patola Print With Foil Work"
"White Color Dola Silk Designer Kalamkari Print Lehenga Choli","Lehenga Choli","WHITE","1299","4599","FREE SIZE:50","Elevate your ethnic wardrobe with our exquisite Lehenga Choli collection, curated to perfection for the modern Indian woman. Crafted with luxurious fabrics and adorned with intricate embroidery, each ensemble exudes timeless elegance and grace. From vibrant hues to subtle pastels, our range offers a diverse selection to suit every taste and occasion. Whether it's a wedding celebration, festive gala, or cultural event, our Lehenga Cholis are designed to make you feel confident and captivating. Discover the epitome of traditional charm and contemporary flair with our handpicked designs. Shop now and indulge in the allure of Lehenga Choli couture.","images/786Jnv53_0.webp|images/786Jnv53_1.webp|images/786Jnv53_2.webp|images/786Jnv53_3.webp|images/786Jnv53_4.webp","LEHENGA CHOLI","Fabric 1=DOLA SILK|Package Contents=1 Lehanga 1 Blouse 1 Dupatta (3 pc)|Wash Care=Dry Clean Only, Do Not Bleach|Product Weight=0.75|Colour Code=WHITE|Size=FREE SIZE UPTO 44|Country=India|Work=Lehenga Work : Patola Print With Foil Work|Occasions=Festival, Party, Traditional, Wedding, Dulhan Lehenga , Bridal Lehenga, Marriage Special, Party Wear, Lehenga|Brand=Zari Lane|Ideal for=Women|Blouse=Unstitched|Blouse Length=0.80 Mtr|Lehnga Length=42 Mtr|Lehnga Flair=3 Mtr|Dupatta Length=2.4 Mtr"
"Women's Dola Silk (Jacquard Silk) Printed (Kalamkari) With Zari Weaving Border  Lehenga choli�","Lehenga Choli","MULTI","1599","2899","FREE SIZE:50","","images/Jsc3_IXN_0.webp|images/Jsc3_IXN_1.webp|images/Jsc3_IXN_2.webp|images/Jsc3_IXN_3.webp|images/Jsc3_IXN_4.webp","LEHENGA CHOLI","Brand=Zari Lane|Attribute Name=Lehenga Work : Patola Print With Foil Work"
"Wine Floral Lehenga Choli with Foil Print & Gotta Patti Dupatta","Lehenga Choli","PINK","1299","4599","FREE SIZE:50","Elevate your ethnic wardrobe with our exquisite Lehenga Choli collection, curated to perfection for the modern Indian woman. Crafted with luxurious fabrics and adorned with intricate embroidery, each ensemble exudes timeless elegance and grace. From vibrant hues to subtle pastels, our range offers a diverse selection to suit every taste and occasion. Whether it's a wedding celebration, festive gala, or cultural event, our Lehenga Cholis are designed to make you feel confident and captivating. Discover the epitome of traditional charm and contemporary flair with our handpicked designs. Shop now and indulge in the allure of Lehenga Choli couture.","images/tioWz-4k_0.webp|images/tioWz-4k_1.webp|images/tioWz-4k_2.webp|images/tioWz-4k_3.webp|images/tioWz-4k_4.webp","LEHENGA CHOLI","Fabric 1=DOLA SILK|Package Contents=1 Lehanga 1 Blouse 1 Dupatta (3 pc)|Wash Care=Dry Clean Only, Do Not Bleach|Product Weight=0.75|Colour Code=PINK|Size=FREE SIZE UPTO 44|Country=India|Work=Lehenga Work : Patola Print With Foil Work|Occasions=Festival, Party, Traditional, Wedding, Dulhan Lehenga , Bridal Lehenga, Marriage Special, Party Wear, Lehenga|Brand=Zari Lane|Ideal for=Women|Blouse=Unstitched|Blouse Length=0.80 Mtr|Lehnga Length=42 Mtr|Lehnga Flair=3 Mtr|Dupatta Length=2.4 Mtr"
"Rani Pink Floral Lehenga Choli with Foil Print & Gotta Patti Dupatta","Lehenga Choli","WINE","1299","4599","FREE SIZE:50","Elevate your ethnic wardrobe with our exquisite Lehenga Choli collection, curated to perfection for the modern Indian woman. Crafted with luxurious fabrics and adorned with intricate embroidery, each ensemble exudes timeless elegance and grace. From vibrant hues to subtle pastels, our range offers a diverse selection to suit every taste and occasion. Whether it's a wedding celebration, festive gala, or cultural event, our Lehenga Cholis are designed to make you feel confident and captivating. Discover the epitome of traditional charm and contemporary flair with our handpicked designs. Shop now and indulge in the allure of Lehenga Choli couture.","images/4vOz4eZ9_0.webp|images/4vOz4eZ9_1.webp|images/4vOz4eZ9_2.webp|images/4vOz4eZ9_3.webp|images/4vOz4eZ9_4.webp","LEHENGA CHOLI","Fabric 1=DOLA SILK|Package Contents=1 Lehanga 1 Blouse 1 Dupatta (3 pc)|Wash Care=Dry Clean Only, Do Not Bleach|Product Weight=0.75|Colour Code=WINE|Size=FREE SIZE UPTO 44|Country=India|Work=Lehenga Work : Patola Print With Foil Work|Occasions=Festival, Party, Traditional, Wedding, Dulhan Lehenga , Bridal Lehenga, Marriage Special, Party Wear, Lehenga|Brand=Zari Lane|Ideal for=Women|Blouse=Unstitched|Blouse Length=0.80 Mtr|Lehnga Length=42 Mtr|Lehnga Flair=3 Mtr|Dupatta Length=2.4 Mtr"
"Chanderi Dark Purple Festival Wear Weaving Readymade Lehenga Choli","Lehenga Choli","DARK PURPLE","2099","3799","FREE SIZE:50","Lehenga (Stitched)
Lehenga Fabric : Chanderi Weaving 
Lehenga work : Zari Weaving  
Lehenga Waist : SUPPORTED UP TO 44
Lehenga Closer : with Zip 
Stitching : Stitched With Canvas Belt
Length : 41
Flair : 3 Meter
Inner : Micro Cotton

Blouse (Unstitched)
Blouse Fabric : Chanderi Weaving 
Blouse Work : Zari Weaving 
Blouse Length : 0.80 Meter

Dupatta
Dupatta Fabric : Chanderi Weaving 
Dupatta Work :Zari Weaving  
Dupatta Length : 2.4 Meter","images/xEz9xcJ1_0.webp|images/xEz9xcJ1_1.webp|images/xEz9xcJ1_2.webp|images/xEz9xcJ1_3.webp|images/xEz9xcJ1_4.webp","LEHENGA CHOLI","Wash Care=Dry Clean|Brand=Zari Lane|Fabric Type=chanderi|Work Type=Zari weaving|Occasion=festival wear"
"Chanderi Black Festival Wear Weaving Readymade Lehenga Choli","Lehenga Choli","BLACK","2099","3799","FREE SIZE:22","Lehenga (Stitched)
Lehenga Fabric : Chanderi Weaving 
Lehenga work : Zari Weaving  
Lehenga Waist : SUPPORTED UP TO 44
Lehenga Closer : with Zip 
Stitching : Stitched With Canvas Belt
Length : 41
Flair : 3 Meter
Inner : Micro Cotton

Blouse (Unstitched)
Blouse Fabric : Chanderi Weaving 
Blouse Work : Zari Weaving 
Blouse Length : 0.80 Meter

Dupatta
Dupatta Fabric : Chanderi Weaving 
Dupatta Work :Zari Weaving  
Dupatta Length : 2.4 Meter","images/eKC76JLO_0.webp|images/eKC76JLO_1.webp|images/eKC76JLO_2.webp|images/eKC76JLO_3.webp|images/eKC76JLO_4.webp","LEHENGA CHOLI","Wash Care=Dry Clean|Brand=Zari Lane|Fabric Type=chanderi|Work Type=Zari weaving|occasion=festival wear"
"Chanderi Red Festival Wear Weaving Readymade Lehenga Choli","Lehenga Choli","WINE","2099","3799","FREE SIZE:50","Lehenga (Stitched)
Lehenga Fabric : Chanderi Weaving 
Lehenga work : Zari Weaving  
Lehenga Waist : SUPPORTED UP TO 44
Lehenga Closer : with Zip 
Stitching : Stitched With Canvas Belt
Length : 41
Flair : 3 Meter
Inner : Micro Cotton

Blouse (Unstitched)
Blouse Fabric : Chanderi Weaving 
Blouse Work : Zari Weaving 
Blouse Length : 0.80 Meter

Dupatta
Dupatta Fabric : Chanderi Weaving 
Dupatta Work :Zari Weaving  
Dupatta Length : 2.4 Meter","images/eG7iLxIK_0.webp|images/eG7iLxIK_1.webp|images/eG7iLxIK_2.webp|images/eG7iLxIK_3.webp|images/eG7iLxIK_4.webp","LEHENGA CHOLI","Wash Care=Dry Clean|Brand=Zari Lane|Fabric Type=chanderi|Work Type=Zari weaving|Occasion=festival wear"
"Tussar Silk Patola Print Trendy Lehenga Choli in Green","Lehenga Choli","GREEN","1399","4599","FREE SIZE:50","Elevate your ethnic wardrobe with our exquisite Lehenga Choli collection, curated to perfection for the modern Indian woman. Crafted with luxurious fabrics and adorned with intricate embroidery, each ensemble exudes timeless elegance and grace. From vibrant hues to subtle pastels, our range offers a diverse selection to suit every taste and occasion. Whether it's a wedding celebration, festive gala, or cultural event, our Lehenga Cholis are designed to make you feel confident and captivating. Discover the epitome of traditional charm and contemporary flair with our handpicked designs. Shop now and indulge in the allure of Lehenga Choli couture.","images/AZk9Yln7_0.webp|images/AZk9Yln7_1.webp|images/AZk9Yln7_2.webp|images/AZk9Yln7_3.webp|images/AZk9Yln7_4.webp|images/AZk9Yln7_5.webp|images/AZk9Yln7_6.webp","LEHENGA CHOLI","Fabric 1=DOLA SILK|Package Contents=1 Lehanga 1 Blouse 1 Dupatta (3 pc)|Wash Care=Dry Clean Only, Do Not Bleach|Product Weight=0.75|Colour Code=GREEN|Size=FREE SIZE UPTO 44|Country=India|Work=Lehenga Work : Patola Print With Foil Work|Occasions=Festival, Party, Traditional, Wedding, Dulhan Lehenga , Bridal Lehenga, Marriage Special, Party Wear, Lehenga|Brand=Zari Lane|Ideal for=Women|Blouse=Unstitched|Blouse Length=0.80 Mtr|Lehnga Length=42 Mtr|Lehnga Flair=3 Mtr|Dupatta Length=2.4 Mtr"
"Tussar Silk Patola Print Trendy Lehenga Choli in Firozi","Lehenga Choli","FIROJI","1399","4599","FREE SIZE:50","Elevate your ethnic wardrobe with our exquisite Lehenga Choli collection, curated to perfection for the modern Indian woman. Crafted with luxurious fabrics and adorned with intricate embroidery, each ensemble exudes timeless elegance and grace. From vibrant hues to subtle pastels, our range offers a diverse selection to suit every taste and occasion. Whether it's a wedding celebration, festive gala, or cultural event, our Lehenga Cholis are designed to make you feel confident and captivating. Discover the epitome of traditional charm and contemporary flair with our handpicked designs. Shop now and indulge in the allure of Lehenga Choli couture.","images/Au2sbJFv_0.webp|images/Au2sbJFv_1.webp|images/Au2sbJFv_2.webp|images/Au2sbJFv_3.webp|images/Au2sbJFv_4.webp|images/Au2sbJFv_5.webp|images/Au2sbJFv_6.webp","LEHENGA CHOLI","Fabric 1=DOLA SILK|Package Contents=1 Lehanga 1 Blouse 1 Dupatta (3 pc)|Wash Care=Dry Clean Only, Do Not Bleach|Product Weight=0.75|Colour Code=FIROJI|Size=FREE SIZE UPTO 44|Country=India|Work=Lehenga Work : Patola Print With Foil Work|Occasions=Festival, Party, Traditional, Wedding, Dulhan Lehenga , Bridal Lehenga, Marriage Special, Party Wear, Lehenga|Brand=Zari Lane|Ideal for=Women|Blouse=Unstitched|Blouse Length=0.80 Mtr|Lehnga Length=42 Mtr|Lehnga Flair=3 Mtr|Dupatta Length=2.4 Mtr"
"Tussar Silk Patola Print Trendy Lehenga Choli in Navy Blue","Lehenga Choli","NAVY BLUE","1399","4599","FREE SIZE:50","Elevate your ethnic wardrobe with our exquisite Lehenga Choli collection, curated to perfection for the modern Indian woman. Crafted with luxurious fabrics and adorned with intricate embroidery, each ensemble exudes timeless elegance and grace. From vibrant hues to subtle pastels, our range offers a diverse selection to suit every taste and occasion. Whether it's a wedding celebration, festive gala, or cultural event, our Lehenga Cholis are designed to make you feel confident and captivating. Discover the epitome of traditional charm and contemporary flair with our handpicked designs. Shop now and indulge in the allure of Lehenga Choli couture.","images/_q39-wAc_0.webp|images/_q39-wAc_1.webp|images/_q39-wAc_2.webp|images/_q39-wAc_3.webp|images/_q39-wAc_4.webp|images/_q39-wAc_5.webp|images/_q39-wAc_6.webp","LEHENGA CHOLI","Fabric 1=DOLA SILK|Package Contents=1 Lehanga 1 Blouse 1 Dupatta (3 pc)|Wash Care=Dry Clean Only, Do Not Bleach|Product Weight=0.75|Colour Code=NAVY BLUE|Size=FREE SIZE UPTO 44|Country=India|Work=Lehenga Work : Patola Print With Foil Work|Occasions=Festival, Party, Traditional, Wedding, Dulhan Lehenga , Bridal Lehenga, Marriage Special, Party Wear, Lehenga|Brand=Zari Lane|Ideal for=Women|Blouse=Unstitched|Blouse Length=0.80 Mtr|Lehnga Length=42 Mtr|Lehnga Flair=3 Mtr|Dupatta Length=2.4 Mtr"
"Tussar Silk Patola Print Trendy Lehenga Choli in Red","Lehenga Choli","RED","1399","4599","FREE SIZE:50","Elevate your ethnic wardrobe with our exquisite Lehenga Choli collection, curated to perfection for the modern Indian woman. Crafted with luxurious fabrics and adorned with intricate embroidery, each ensemble exudes timeless elegance and grace. From vibrant hues to subtle pastels, our range offers a diverse selection to suit every taste and occasion. Whether it's a wedding celebration, festive gala, or cultural event, our Lehenga Cholis are designed to make you feel confident and captivating. Discover the epitome of traditional charm and contemporary flair with our handpicked designs. Shop now and indulge in the allure of Lehenga Choli couture.","images/d7YoaLeW_0.webp|images/d7YoaLeW_1.webp|images/d7YoaLeW_2.webp|images/d7YoaLeW_3.webp|images/d7YoaLeW_4.webp|images/d7YoaLeW_5.webp|images/d7YoaLeW_6.webp","LEHENGA CHOLI","Fabric 1=DOLA SILK|Package Contents=1 Lehanga 1 Blouse 1 Dupatta (3 pc)|Wash Care=Dry Clean Only, Do Not Bleach|Product Weight=0.75|Colour Code=RED|Size=FREE SIZE UPTO 44|Country=India|Work=Lehenga Work : Patola Print With Foil Work|Occasions=Festival, Party, Traditional, Wedding, Dulhan Lehenga , Bridal Lehenga, Marriage Special, Party Wear, Lehenga|Brand=Zari Lane|Ideal for=Women|Blouse=Unstitched|Blouse Length=0.80 Mtr|Lehnga Length=42 Mtr|Lehnga Flair=3 Mtr|Dupatta Length=2.4 Mtr"
"Festive Fashion at Its Best: Rayon Lehenga and Gamthi Work Blouse for Navratri","Lehenga Choli","PARROT","1399","2899","FREE SIZE:50","Lehenga (Stitched)
Lehenga Fabric : Rayon 
Lehenga Work : Plain And Lace Border With Gotta Patti Touch Up
Lehenga Waist : Support Up To 44 
Lehenga Closer : Drawstring With Zip
Stitching : Stitched With Canvas And Full Inner
Length : 41
Flair : 4 Meter
Inner : Micro Cotton

Blouse (UN- Stitched)
Blouse Fabric : Rayon (UNStitched)
Blouse Work : Plain And Gamthi Work With Cowrie (Kodi) Lace Touch Up

Package Contain : Lehenga, Blouse","images/EFusgLtc_0.webp|images/EFusgLtc_1.webp|images/EFusgLtc_2.webp|images/EFusgLtc_3.webp|images/EFusgLtc_4.webp|images/EFusgLtc_5.webp","LEHENGA CHOLI","Fabric 1=REYON|Package Contents=1 Lehanga 1 Blouse|Wash Care=Dry Clean Only, Do Not Bleach|Product Weight=0.75|Colour Code=PARROT|Size=FREE SIZE UPTO 44|Country=India|Occasions=Festival, Party, Traditional, Wedding, Dulhan Lehenga , Bridal Lehenga, Marriage Special, Party Wear, Lehenga|Brand=Zari Lane|Ideal for=Women|Blouse=Unstitched|Blouse Length=0.80 Mtr|Lehnga Length=42 Mtr|Lehnga Flair=3 Mtr|Dupatta Length=2.4 Mtr|Attribute Name=India"
"Festive Fashion at Its Best: Rayon Lehenga and Gamthi Work Blouse for Navratri","Lehenga Choli","PINK","1399","2899","FREE SIZE:50","Lehenga (Stitched)
Lehenga Fabric : Rayon 
Lehenga Work : Plain And Lace Border With Gotta Patti Touch Up
Lehenga Waist : Support Up To 44 
Lehenga Closer : Drawstring With Zip
Stitching : Stitched With Canvas And Full Inner
Length : 41
Flair : 4 Meter
Inner : Micro Cotton

Blouse (UN- Stitched)
Blouse Fabric : Rayon (UNStitched)
Blouse Work : Plain And Gamthi Work With Cowrie (Kodi) Lace Touch Up

Package Contain : Lehenga, Blouse","images/6J5vuMY6_0.webp|images/6J5vuMY6_1.webp|images/6J5vuMY6_2.webp|images/6J5vuMY6_3.webp|images/6J5vuMY6_4.webp","LEHENGA CHOLI","Fabric 1=REYON|Package Contents=1 Lehanga 1 Blouse|Wash Care=Dry Clean Only, Do Not Bleach|Product Weight=0.75|Colour Code=PINK|Size=FREE SIZE UPTO 44|Country=India|Occasions=Festival, Party, Traditional, Wedding, Dulhan Lehenga , Bridal Lehenga, Marriage Special, Party Wear, Lehenga|Brand=Zari Lane|Ideal for=Women|Blouse=Unstitched|Blouse Length=0.80 Mtr|Lehnga Length=42 Mtr|Lehnga Flair=3 Mtr|Dupatta Length=2.4 Mtr|Attribute Name=India"
"Festive Fashion at Its Best: Rayon Lehenga and Gamthi Work Blouse for Navratri","Lehenga Choli","PARROT","1399","2899","FREE SIZE:50","Lehenga (Stitched)
Lehenga Fabric : Rayon 
Lehenga Work : Plain And Lace Border With Gotta Patti Touch Up
Lehenga Waist : Support Up To 44 
Lehenga Closer : Drawstring With Zip
Stitching : Stitched With Canvas And Full Inner
Length : 41
Flair : 4 Meter
Inner : Micro Cotton

Blouse (UN- Stitched)
Blouse Fabric : Rayon (UNStitched)
Blouse Work : Plain And Gamthi Work With Cowrie (Kodi) Lace Touch Up

Package Contain : Lehenga, Blouse","images/WfjS1bh__0.webp|images/WfjS1bh__1.webp|images/WfjS1bh__2.webp|images/WfjS1bh__3.webp","LEHENGA CHOLI","Fabric 1=REYON|Package Contents=1 Lehanga 1 Blouse|Wash Care=Dry Clean Only, Do Not Bleach|Product Weight=0.75|Colour Code=PERROT|Size=FREE SIZE UPTO 44|Country=India|Occasions=Festival, Party, Traditional, Wedding, Dulhan Lehenga , Bridal Lehenga, Marriage Special, Party Wear, Lehenga|Brand=Zari Lane|Ideal for=Women|Blouse=Unstitched|Blouse Length=0.80 Mtr|Lehnga Length=42 Mtr|Lehnga Flair=3 Mtr|Dupatta Length=2.4 Mtr|Attribute Name=India"
"Festive Fashion at Its Best: Rayon Lehenga and Gamthi Work Blouse for Navratri","Lehenga Choli","WINE","1399","2899","FREE SIZE:50","Lehenga (Stitched)
Lehenga Fabric : Rayon 
Lehenga Work : Plain And Lace Border With Gotta Patti Touch Up
Lehenga Waist : Support Up To 44 
Lehenga Closer : Drawstring With Zip
Stitching : Stitched With Canvas And Full Inner
Length : 41
Flair : 4 Meter
Inner : Micro Cotton

Blouse (UN- Stitched)
Blouse Fabric : Rayon (UNStitched)
Blouse Work : Plain And Gamthi Work With Cowrie (Kodi) Lace Touch Up

Package Contain : Lehenga, Blouse","images/x-4QyIta_0.webp|images/x-4QyIta_1.webp|images/x-4QyIta_2.webp|images/x-4QyIta_3.webp","LEHENGA CHOLI","Fabric 1=REYON|Package Contents=1 Lehanga 1 Blouse|Wash Care=Dry Clean Only, Do Not Bleach|Product Weight=0.75|Colour Code=WINE|Size=FREE SIZE UPTO 44|Country=India|Occasions=Festival, Party, Traditional, Wedding, Dulhan Lehenga , Bridal Lehenga, Marriage Special, Party Wear, Lehenga|Brand=Zari Lane|Ideal for=Women|Blouse=Unstitched|Blouse Length=0.80 Mtr|Lehnga Length=42 Mtr|Lehnga Flair=3 Mtr|Dupatta Length=2.4 Mtr|Attribute Name=India"
"Festive Fashion at Its Best: Rayon Lehenga and Gamthi Work Blouse for Navratri","Lehenga Choli","BLACK","1399","2899","FREE SIZE:50","Lehenga (Stitched)
Lehenga Fabric : Rayon 
Lehenga Work : Plain And Lace Border With Gotta Patti Touch Up
Lehenga Waist : Support Up To 44 
Lehenga Closer : Drawstring With Zip
Stitching : Stitched With Canvas And Full Inner
Length : 41
Flair : 4 Meter
Inner : Micro Cotton

Blouse (UN- Stitched)
Blouse Fabric : Rayon (UNStitched)
Blouse Work : Plain And Gamthi Work With Cowrie (Kodi) Lace Touch Up

Package Contain : Lehenga, Blouse","images/FRlitU-P_0.webp|images/FRlitU-P_1.webp|images/FRlitU-P_2.webp|images/FRlitU-P_3.webp|images/FRlitU-P_4.webp","LEHENGA CHOLI","Fabric 1=REYON|Package Contents=1 Lehanga 1 Blouse|Wash Care=Dry Clean Only, Do Not Bleach|Product Weight=0.75|Colour Code=BLACK|Size=FREE SIZE UPTO 44|Country=India|Occasions=Festival, Party, Traditional, Wedding, Dulhan Lehenga , Bridal Lehenga, Marriage Special, Party Wear, Lehenga|Brand=Zari Lane|Ideal for=Women|Blouse=Unstitched|Blouse Length=0.80 Mtr|Lehnga Length=42 Mtr|Lehnga Flair=3 Mtr|Dupatta Length=2.4 Mtr|Attribute Name=India"
"Festive Fashion at Its Best: Rayon Lehenga and Gamthi Work Blouse for Navratri","Lehenga Choli","BLACK","1399","2899","FREE SIZE:50","Lehenga (Stitched)
Lehenga Fabric : Rayon 
Lehenga Work : Plain And Lace Border With Gotta Patti Touch Up
Lehenga Waist : Support Up To 44 
Lehenga Closer : Drawstring With Zip
Stitching : Stitched With Canvas And Full Inner
Length : 41
Flair : 4 Meter
Inner : Micro Cotton

Blouse (UN- Stitched)
Blouse Fabric : Rayon (UNStitched)
Blouse Work : Plain And Gamthi Work With Cowrie (Kodi) Lace Touch Up

Package Contain : Lehenga, Blouse","images/rsRvQTC6_0.webp|images/rsRvQTC6_1.webp|images/rsRvQTC6_2.webp|images/rsRvQTC6_3.webp|images/rsRvQTC6_4.webp|images/rsRvQTC6_5.webp","LEHENGA CHOLI","Fabric 1=REYON|Package Contents=1 Lehanga 1 Blouse|Wash Care=Dry Clean Only, Do Not Bleach|Product Weight=0.75|Colour Code=BLACK|Size=FREE SIZE UPTO 44|Country=India|Occasions=Festival, Party, Traditional, Wedding, Dulhan Lehenga , Bridal Lehenga, Marriage Special, Party Wear, Lehenga|Brand=Zari Lane|Ideal for=Women|Blouse=Unstitched|Blouse Length=0.80 Mtr|Lehnga Length=42 Mtr|Lehnga Flair=3 Mtr|Dupatta Length=2.4 Mtr|Attribute Name=India"
"Festive Fashion at Its Best: Rayon Lehenga and Gamthi Work Blouse for Navratri","Lehenga Choli","WINE","1399","2899","FREE SIZE:50","Lehenga (Stitched)
Lehenga Fabric : Rayon 
Lehenga Work : Plain And Lace Border With Gotta Patti Touch Up
Lehenga Waist : Support Up To 44 
Lehenga Closer : Drawstring With Zip
Stitching : Stitched With Canvas And Full Inner
Length : 41
Flair : 4 Meter
Inner : Micro Cotton

Blouse (UN- Stitched)
Blouse Fabric : Rayon (UNStitched)
Blouse Work : Plain And Gamthi Work With Cowrie (Kodi) Lace Touch Up

Package Contain : Lehenga, Blouse","images/_Prl_jGu_0.webp|images/_Prl_jGu_1.webp|images/_Prl_jGu_2.webp|images/_Prl_jGu_3.webp|images/_Prl_jGu_4.webp","LEHENGA CHOLI","Fabric 1=REYON|Package Contents=1 Lehanga 1 Blouse|Wash Care=Dry Clean Only, Do Not Bleach|Product Weight=0.75|Colour Code=WINE|Size=FREE SIZE UPTO 44|Country=India|Occasions=Festival, Party, Traditional, Wedding, Dulhan Lehenga , Bridal Lehenga, Marriage Special, Party Wear, Lehenga|Brand=Zari Lane|Ideal for=Women|Blouse=Unstitched|Blouse Length=0.80 Mtr|Lehnga Length=42 Mtr|Lehnga Flair=3 Mtr|Dupatta Length=2.4 Mtr|Attribute Name=India"
"Tussar Silk Patola Print Trendy Lehenga Choli in Firozi","Lehenga Choli","PURPLE","1399","4599","FREE SIZE:50","Elevate your ethnic wardrobe with our exquisite Lehenga Choli collection, curated to perfection for the modern Indian woman. Crafted with luxurious fabrics and adorned with intricate embroidery, each ensemble exudes timeless elegance and grace. From vibrant hues to subtle pastels, our range offers a diverse selection to suit every taste and occasion. Whether it's a wedding celebration, festive gala, or cultural event, our Lehenga Cholis are designed to make you feel confident and captivating. Discover the epitome of traditional charm and contemporary flair with our handpicked designs. Shop now and indulge in the allure of Lehenga Choli couture.","images/7xj0Ov1m_0.webp|images/7xj0Ov1m_1.webp|images/7xj0Ov1m_2.webp|images/7xj0Ov1m_3.webp|images/7xj0Ov1m_4.webp|images/7xj0Ov1m_5.webp","LEHENGA CHOLI","Fabric 1=DOLA SILK|Package Contents=1 Lehanga 1 Blouse 1 Dupatta (3 pc)|Wash Care=Dry Clean Only, Do Not Bleach|Product Weight=0.75|Colour Code=PURPLE|Size=FREE SIZE UPTO 44|Country=India|Work=Lehenga Work : Patola Print With Foil Work|Occasions=Festival, Party, Traditional, Wedding, Dulhan Lehenga , Bridal Lehenga, Marriage Special, Party Wear, Lehenga|Brand=Zari Lane|Ideal for=Women|Blouse=Unstitched|Blouse Length=0.80 Mtr|Lehnga Length=42 Mtr|Lehnga Flair=3 Mtr|Dupatta Length=2.4 Mtr"
"Tussar Silk Patola Print Trendy Lehenga Choli in Red","Lehenga Choli","RED","1399","4599","FREE SIZE:50","Elevate your ethnic wardrobe with our exquisite Lehenga Choli collection, curated to perfection for the modern Indian woman. Crafted with luxurious fabrics and adorned with intricate embroidery, each ensemble exudes timeless elegance and grace. From vibrant hues to subtle pastels, our range offers a diverse selection to suit every taste and occasion. Whether it's a wedding celebration, festive gala, or cultural event, our Lehenga Cholis are designed to make you feel confident and captivating. Discover the epitome of traditional charm and contemporary flair with our handpicked designs. Shop now and indulge in the allure of Lehenga Choli couture.","images/WLFPnUkk_0.webp|images/WLFPnUkk_1.webp|images/WLFPnUkk_2.webp|images/WLFPnUkk_3.webp|images/WLFPnUkk_4.webp|images/WLFPnUkk_5.webp|images/WLFPnUkk_6.webp","LEHENGA CHOLI","Fabric 1=DOLA SILK|Package Contents=1 Lehanga 1 Blouse 1 Dupatta (3 pc)|Wash Care=Dry Clean Only, Do Not Bleach|Product Weight=0.75|Colour Code=LUVENDER|Size=FREE SIZE UPTO 44|Country=India|Work=Lehenga Work : Patola Print With Foil Work|Occasions=Festival, Party, Traditional, Wedding, Dulhan Lehenga , Bridal Lehenga, Marriage Special, Party Wear, Lehenga|Brand=Zari Lane|Ideal for=Women|Blouse=Unstitched|Blouse Length=0.80 Mtr|Lehnga Length=42 Mtr|Lehnga Flair=3 Mtr|Dupatta Length=2.4 Mtr"
"Tussar Silk Patola Print Trendy Lehenga Choli in White","Lehenga Choli","WHITE","1399","4599","FREE SIZE:50","Elevate your ethnic wardrobe with our exquisite Lehenga Choli collection, curated to perfection for the modern Indian woman. Crafted with luxurious fabrics and adorned with intricate embroidery, each ensemble exudes timeless elegance and grace. From vibrant hues to subtle pastels, our range offers a diverse selection to suit every taste and occasion. Whether it's a wedding celebration, festive gala, or cultural event, our Lehenga Cholis are designed to make you feel confident and captivating. Discover the epitome of traditional charm and contemporary flair with our handpicked designs. Shop now and indulge in the allure of Lehenga Choli couture.","images/kPcHJ6wq_0.webp|images/kPcHJ6wq_1.webp|images/kPcHJ6wq_2.webp|images/kPcHJ6wq_3.webp|images/kPcHJ6wq_4.webp|images/kPcHJ6wq_5.webp","LEHENGA CHOLI","Fabric 1=DOLA SILK|Package Contents=1 Lehanga 1 Blouse 1 Dupatta (3 pc)|Wash Care=Dry Clean Only, Do Not Bleach|Product Weight=0.75|Colour Code=WHITE|Size=FREE SIZE UPTO 44|Country=India|Work=Lehenga Work : Patola Print With Foil Work|Occasions=Festival, Party, Traditional, Wedding, Dulhan Lehenga , Bridal Lehenga, Marriage Special, Party Wear, Lehenga|Brand=Zari Lane|Ideal for=Women|Blouse=Unstitched|Blouse Length=0.80 Mtr|Lehnga Length=42 Mtr|Lehnga Flair=3 Mtr|Dupatta Length=2.4 Mtr"
"Tussar Silk Patola Print Trendy Lehenga Choli in Navy Blue","Lehenga Choli","NAVY BLUE","1399","4599","FREE SIZE:50","Elevate your ethnic wardrobe with our exquisite Lehenga Choli collection, curated to perfection for the modern Indian woman. Crafted with luxurious fabrics and adorned with intricate embroidery, each ensemble exudes timeless elegance and grace. From vibrant hues to subtle pastels, our range offers a diverse selection to suit every taste and occasion. Whether it's a wedding celebration, festive gala, or cultural event, our Lehenga Cholis are designed to make you feel confident and captivating. Discover the epitome of traditional charm and contemporary flair with our handpicked designs. Shop now and indulge in the allure of Lehenga Choli couture.","images/2npRX1dl_0.webp|images/2npRX1dl_1.webp|images/2npRX1dl_2.webp|images/2npRX1dl_3.webp|images/2npRX1dl_4.webp","LEHENGA CHOLI","Fabric 1=DOLA SILK|Package Contents=1 Lehanga 1 Blouse 1 Dupatta (3 pc)|Wash Care=Dry Clean Only, Do Not Bleach|Product Weight=0.75|Colour Code=NAVY BLUE|Size=FREE SIZE UPTO 44|Country=India|Work=Lehenga Work : Patola Print With Foil Work|Occasions=Festival, Party, Traditional, Wedding, Dulhan Lehenga , Bridal Lehenga, Marriage Special, Party Wear, Lehenga|Brand=Zari Lane|Ideal for=Women|Blouse=Unstitched|Blouse Length=0.80 Mtr|Lehnga Length=42 Mtr|Lehnga Flair=3 Mtr|Dupatta Length=2.4 Mtr"
"Navratri Multi Rayon Lehenga and Gamthi Work Blouse for Navratri Festive Fashion at Its Best:","Lehenga Choli","MULTI COLOR","1399","2199","FREE SIZE UPTO 44 WAIST SIZE:50","Lehenga (Stitched)
Lehenga Fabric : Rayon 
Lehenga Work : Plain And Lace Border With Gotta Patti Touch Up
Lehenga Waist : Support Up To 44 
Lehenga Closer : Drawstring With Zip
Stitching : Stitched With Canvas And Full Inner
Length : 41
Flair : 4 Meter
Inner : Micro Cotton

Blouse (UN- Stitched)
Blouse Fabric : Rayon (UNStitched)
Blouse Work : Plain And Gamthi Work With Cowrie (Kodi) Lace Touch Up

Package Contain : Lehenga, Blouse","images/rqnoab4Y_0.webp|images/rqnoab4Y_1.webp|images/rqnoab4Y_2.webp|images/rqnoab4Y_3.webp|images/rqnoab4Y_4.webp|images/rqnoab4Y_5.webp","LEHENGA CHOLI","Fabric 1=REYON|Package Contents=1 Lehanga 1 Blouse|Wash Care=Dry Clean Only, Do Not Bleach|Product Weight=0.75|Colour Code=MULTI COLOR|Size=FREE SIZE UPTO 44|Country=India|Occasions=Festival, Party, Traditional, Wedding, Dulhan Lehenga , Bridal Lehenga, Marriage Special, Party Wear, Lehenga|Brand=Zari Lane|Ideal for=Women|Blouse=Unstitched|Blouse Length=0.80 Mtr|Lehnga Length=42 Mtr|Lehnga Flair=3 Mtr|Dupatta Length=2.4 Mtr|Care Instruction=Dry Clean Only, Do Not Bleach"
"Multi Colors Rayon Lehenga and Gamthi Work Blouse for Navratri Festive Fashion at Its Best","Lehenga Choli","MULTI COLOR","1399","2949","FREE SIZE UPTO 44 WAIST SIZE:50","Lehenga (Stitched)
Lehenga Fabric : Rayon 
Lehenga Work : Plain And Lace Border With Gotta Patti Touch Up
Lehenga Waist : Support Up To 44 
Lehenga Closer : Drawstring With Zip
Stitching : Stitched With Canvas And Full Inner
Length : 41
Flair : 4 Meter
Inner : Micro Cotton

Blouse (UN- Stitched)
Blouse Fabric : Rayon (UNStitched)
Blouse Work : Plain And Gamthi Work With Cowrie (Kodi) Lace Touch Up

Package Contain : Lehenga, Blouse","images/ml_3OYKC_0.webp|images/ml_3OYKC_1.webp|images/ml_3OYKC_2.webp|images/ml_3OYKC_3.webp|images/ml_3OYKC_4.webp","LEHENGA CHOLI","Fabric 1=REYON|Package Contents=1 Lehanga 1 Blouse|Wash Care=Dry Clean Only, Do Not Bleach|Product Weight=0.75|Colour Code=MULTI COLOR|Size=FREE SIZE UPTO 44|Country=India|Occasions=Festival, Party, Traditional, Wedding, Dulhan Lehenga , Bridal Lehenga, Marriage Special, Party Wear, Lehenga|Brand=Zari Lane|Ideal for=Women|Blouse=Unstitched|Blouse Length=0.80 Mtr|Lehnga Length=42 Mtr|Lehnga Flair=3 Mtr|Dupatta Length=2.4 Mtr|Care Instruction=Dry Clean Only, Do Not Bleach"
"Festive Fashion at Its Best: Rayon Lehenga and Gamthi Work Blouse for Navratri","Lehenga Choli","MULTICOLOR","1399","2899","FREE SIZE:50","Lehenga (Stitched)
Lehenga Fabric : Rayon 
Lehenga Work : Plain And Lace Border With Gotta Patti Touch Up
Lehenga Waist : Support Up To 44 
Lehenga Closer : Drawstring With Zip
Stitching : Stitched With Canvas And Full Inner
Length : 41
Flair : 4 Meter
Inner : Micro Cotton

Blouse (UN- Stitched)
Blouse Fabric : Rayon (UNStitched)
Blouse Work : Plain And Gamthi Work With Cowrie (Kodi) Lace Touch Up

Package Contain : Lehenga, Blouse","images/TOV2dlQL_0.webp|images/TOV2dlQL_1.webp|images/TOV2dlQL_2.webp|images/TOV2dlQL_3.webp|images/TOV2dlQL_4.webp|images/TOV2dlQL_5.webp|images/TOV2dlQL_6.webp","LEHENGA CHOLI","Fabric 1=REYON|Package Contents=1 Lehanga 1 Blouse|Wash Care=Dry Clean Only, Do Not Bleach|Product Weight=0.75|Colour Code=MULTI COLOR|Size=FREE SIZE UPTO 44|Country=India|Occasions=Festival, Party, Traditional, Wedding, Dulhan Lehenga , Bridal Lehenga, Marriage Special, Party Wear, Lehenga|Brand=Zari Lane|Ideal for=Women|Blouse=Unstitched|Blouse Length=0.80 Mtr|Lehnga Length=42 Mtr|Lehnga Flair=3 Mtr|Dupatta Length=2.4 Mtr|Attribute Name=India"
"Tussar Silk Patola Print Trendy Lehenga Choli in Green","Lehenga Choli","GREEN","1399","4599","FREE SIZE:50","Elevate your ethnic wardrobe with our exquisite Lehenga Choli collection, curated to perfection for the modern Indian woman. Crafted with luxurious fabrics and adorned with intricate embroidery, each ensemble exudes timeless elegance and grace. From vibrant hues to subtle pastels, our range offers a diverse selection to suit every taste and occasion. Whether it's a wedding celebration, festive gala, or cultural event, our Lehenga Cholis are designed to make you feel confident and captivating. Discover the epitome of traditional charm and contemporary flair with our handpicked designs. Shop now and indulge in the allure of Lehenga Choli couture.","images/2LfaIvhn_0.webp|images/2LfaIvhn_1.webp|images/2LfaIvhn_2.webp|images/2LfaIvhn_3.webp|images/2LfaIvhn_4.webp","LEHENGA CHOLI","Fabric 1=DOLA SILK|Package Contents=1 Lehanga 1 Blouse 1 Dupatta (3 pc)|Wash Care=Dry Clean Only, Do Not Bleach|Product Weight=0.75|Colour Code=GREEN|Size=FREE SIZE UPTO 44|Country=India|Work=Lehenga Work : Patola Print With Foil Work|Occasions=Festival, Party, Traditional, Wedding, Dulhan Lehenga , Bridal Lehenga, Marriage Special, Party Wear, Lehenga|Brand=Zari Lane|Ideal for=Women|Blouse=Unstitched|Blouse Length=0.80 Mtr|Lehnga Length=42 Mtr|Lehnga Flair=3 Mtr|Dupatta Length=2.4 Mtr"
"Tussar Silk Patola Print Trendy Lehenga Choli in Green","Lehenga Choli","GREEN","1399","4599","FREE SIZE:50","Elevate your ethnic wardrobe with our exquisite Lehenga Choli collection, curated to perfection for the modern Indian woman. Crafted with luxurious fabrics and adorned with intricate embroidery, each ensemble exudes timeless elegance and grace. From vibrant hues to subtle pastels, our range offers a diverse selection to suit every taste and occasion. Whether it's a wedding celebration, festive gala, or cultural event, our Lehenga Cholis are designed to make you feel confident and captivating. Discover the epitome of traditional charm and contemporary flair with our handpicked designs. Shop now and indulge in the allure of Lehenga Choli couture.","images/AztO5Bhr_0.webp|images/AztO5Bhr_1.webp|images/AztO5Bhr_2.webp|images/AztO5Bhr_3.webp|images/AztO5Bhr_4.webp|images/AztO5Bhr_5.webp|images/AztO5Bhr_6.webp","LEHENGA CHOLI","Fabric 1=DOLA SILK|Package Contents=1 Lehanga 1 Blouse 1 Dupatta (3 pc)|Wash Care=Dry Clean Only, Do Not Bleach|Product Weight=0.75|Colour Code=GREEN|Size=FREE SIZE UPTO 44|Country=India|Work=Lehenga Work : Patola Print With Foil Work|Occasions=Festival, Party, Traditional, Wedding, Dulhan Lehenga , Bridal Lehenga, Marriage Special, Party Wear, Lehenga|Brand=Zari Lane|Ideal for=Women|Blouse=Unstitched|Blouse Length=0.80 Mtr|Lehnga Length=42 Mtr|Lehnga Flair=3 Mtr|Dupatta Length=2.4 Mtr"
"Tussar Silk Patola Print Trendy Lehenga Choli in Firoji","Lehenga Choli","FIROJI","1399","4599","FREE SIZE:50","Elevate your ethnic wardrobe with our exquisite Lehenga Choli collection, curated to perfection for the modern Indian woman. Crafted with luxurious fabrics and adorned with intricate embroidery, each ensemble exudes timeless elegance and grace. From vibrant hues to subtle pastels, our range offers a diverse selection to suit every taste and occasion. Whether it's a wedding celebration, festive gala, or cultural event, our Lehenga Cholis are designed to make you feel confident and captivating. Discover the epitome of traditional charm and contemporary flair with our handpicked designs. Shop now and indulge in the allure of Lehenga Choli couture.","images/rgxlUp77_0.webp|images/rgxlUp77_1.webp|images/rgxlUp77_2.webp|images/rgxlUp77_3.webp|images/rgxlUp77_4.webp|images/rgxlUp77_5.webp|images/rgxlUp77_6.webp","LEHENGA CHOLI","Fabric 1=DOLA SILK|Package Contents=1 Lehanga 1 Blouse 1 Dupatta (3 pc)|Wash Care=Dry Clean Only, Do Not Bleach|Product Weight=0.75|Colour Code=FIROJI|Size=FREE SIZE UPTO 44|Country=India|Work=Lehenga Work : Patola Print With Foil Work|Occasions=Festival, Party, Traditional, Wedding, Dulhan Lehenga , Bridal Lehenga, Marriage Special, Party Wear, Lehenga|Brand=Zari Lane|Ideal for=Women|Blouse=Unstitched|Blouse Length=0.80 Mtr|Lehnga Length=42 Mtr|Lehnga Flair=3 Mtr|Dupatta Length=2.4 Mtr"
"Tussar Silk Patola Print Trendy Lehenga Choli in Firoji","Lehenga Choli","FIROJI","1399","4599","FREE SIZE:50","Elevate your ethnic wardrobe with our exquisite Lehenga Choli collection, curated to perfection for the modern Indian woman. Crafted with luxurious fabrics and adorned with intricate embroidery, each ensemble exudes timeless elegance and grace. From vibrant hues to subtle pastels, our range offers a diverse selection to suit every taste and occasion. Whether it's a wedding celebration, festive gala, or cultural event, our Lehenga Cholis are designed to make you feel confident and captivating. Discover the epitome of traditional charm and contemporary flair with our handpicked designs. Shop now and indulge in the allure of Lehenga Choli couture.","images/dXcRQqb6_0.webp|images/dXcRQqb6_1.webp|images/dXcRQqb6_2.webp|images/dXcRQqb6_3.webp|images/dXcRQqb6_4.webp","LEHENGA CHOLI","Fabric 1=DOLA SILK|Package Contents=1 Lehanga 1 Blouse 1 Dupatta (3 pc)|Wash Care=Dry Clean Only, Do Not Bleach|Product Weight=0.75|Colour Code=FIROJI|Size=FREE SIZE UPTO 44|Country=India|Work=Lehenga Work : Patola Print With Foil Work|Occasions=Festival, Party, Traditional, Wedding, Dulhan Lehenga , Bridal Lehenga, Marriage Special, Party Wear, Lehenga|Brand=Zari Lane|Ideal for=Women|Blouse=Unstitched|Blouse Length=0.80 Mtr|Lehnga Length=42 Mtr|Lehnga Flair=3 Mtr|Dupatta Length=2.4 Mtr"
"Tussar Silk Patola Print Trendy Lehenga Choli in Black","Lehenga Choli","BLACK","1399","4599","FREE SIZE:50","Elevate your ethnic wardrobe with our exquisite Lehenga Choli collection, curated to perfection for the modern Indian woman. Crafted with luxurious fabrics and adorned with intricate embroidery, each ensemble exudes timeless elegance and grace. From vibrant hues to subtle pastels, our range offers a diverse selection to suit every taste and occasion. Whether it's a wedding celebration, festive gala, or cultural event, our Lehenga Cholis are designed to make you feel confident and captivating. Discover the epitome of traditional charm and contemporary flair with our handpicked designs. Shop now and indulge in the allure of Lehenga Choli couture.","images/GfaDav8F_0.webp|images/GfaDav8F_1.webp|images/GfaDav8F_2.webp|images/GfaDav8F_3.webp|images/GfaDav8F_4.webp|images/GfaDav8F_5.webp|images/GfaDav8F_6.webp","LEHENGA CHOLI","Fabric 1=DOLA SILK|Package Contents=1 Lehanga 1 Blouse 1 Dupatta (3 pc)|Wash Care=Dry Clean Only, Do Not Bleach|Product Weight=0.75|Colour Code=BLACK|Size=FREE SIZE UPTO 44|Country=India|Work=Lehenga Work : Patola Print With Foil Work|Occasions=Festival, Party, Traditional, Wedding, Dulhan Lehenga , Bridal Lehenga, Marriage Special, Party Wear, Lehenga|Brand=Zari Lane|Ideal for=Women|Blouse=Unstitched|Blouse Length=0.80 Mtr|Lehnga Length=42 Mtr|Lehnga Flair=3 Mtr|Dupatta Length=2.4 Mtr"
"Tussar Silk Patola Print Trendy Lehenga Choli in Yellow","Lehenga Choli","YELLOW","1399","4599","FREE SIZE:50","Elevate your ethnic wardrobe with our exquisite Lehenga Choli collection, curated to perfection for the modern Indian woman. Crafted with luxurious fabrics and adorned with intricate embroidery, each ensemble exudes timeless elegance and grace. From vibrant hues to subtle pastels, our range offers a diverse selection to suit every taste and occasion. Whether it's a wedding celebration, festive gala, or cultural event, our Lehenga Cholis are designed to make you feel confident and captivating. Discover the epitome of traditional charm and contemporary flair with our handpicked designs. Shop now and indulge in the allure of Lehenga Choli couture.","images/U04i-g0k_0.webp|images/U04i-g0k_1.webp|images/U04i-g0k_2.webp|images/U04i-g0k_3.webp|images/U04i-g0k_4.webp|images/U04i-g0k_5.webp|images/U04i-g0k_6.webp","LEHENGA CHOLI","Fabric 1=DOLA SILK|Package Contents=1 Lehanga 1 Blouse 1 Dupatta (3 pc)|Wash Care=Dry Clean Only, Do Not Bleach|Product Weight=0.75|Colour Code=YELLOW|Size=FREE SIZE UPTO 44|Country=India|Work=Lehenga Work : Patola Print With Foil Work|Occasions=Festival, Party, Traditional, Wedding, Dulhan Lehenga , Bridal Lehenga, Marriage Special, Party Wear, Lehenga|Brand=Zari Lane|Ideal for=Women|Blouse=Unstitched|Blouse Length=0.80 Mtr|Lehnga Length=42 Mtr|Lehnga Flair=3 Mtr|Dupatta Length=2.4 Mtr"
"Tussar Silk Patola Print Trendy Lehenga Choli in Yellow","Lehenga Choli","YELLOW","1399","4599","FREE SIZE:50","Elevate your ethnic wardrobe with our exquisite Lehenga Choli collection, curated to perfection for the modern Indian woman. Crafted with luxurious fabrics and adorned with intricate embroidery, each ensemble exudes timeless elegance and grace. From vibrant hues to subtle pastels, our range offers a diverse selection to suit every taste and occasion. Whether it's a wedding celebration, festive gala, or cultural event, our Lehenga Cholis are designed to make you feel confident and captivating. Discover the epitome of traditional charm and contemporary flair with our handpicked designs. Shop now and indulge in the allure of Lehenga Choli couture.","images/N9T6VOMF_0.webp|images/N9T6VOMF_1.webp|images/N9T6VOMF_2.webp|images/N9T6VOMF_3.webp|images/N9T6VOMF_4.webp","LEHENGA CHOLI","Fabric 1=DOLA SILK|Package Contents=1 Lehanga 1 Blouse 1 Dupatta (3 pc)|Wash Care=Dry Clean Only, Do Not Bleach|Product Weight=0.75|Colour Code=YELLOW|Size=FREE SIZE UPTO 44|Country=India|Work=Lehenga Work : Patola Print With Foil Work|Occasions=Festival, Party, Traditional, Wedding, Dulhan Lehenga , Bridal Lehenga, Marriage Special, Party Wear, Lehenga|Brand=Zari Lane|Ideal for=Women|Blouse=Unstitched|Blouse Length=0.80 Mtr|Lehnga Length=42 Mtr|Lehnga Flair=3 Mtr|Dupatta Length=2.4 Mtr"
"Tussar Silk Patola Print Trendy Lehenga Choli in Black","Lehenga Choli","BLACK","1399","4599","FREE SIZE:50","Elevate your ethnic wardrobe with our exquisite Lehenga Choli collection, curated to perfection for the modern Indian woman. Crafted with luxurious fabrics and adorned with intricate embroidery, each ensemble exudes timeless elegance and grace. From vibrant hues to subtle pastels, our range offers a diverse selection to suit every taste and occasion. Whether it's a wedding celebration, festive gala, or cultural event, our Lehenga Cholis are designed to make you feel confident and captivating. Discover the epitome of traditional charm and contemporary flair with our handpicked designs. Shop now and indulge in the allure of Lehenga Choli couture.","images/gFWlXJrm_0.webp|images/gFWlXJrm_1.webp|images/gFWlXJrm_2.webp|images/gFWlXJrm_3.webp|images/gFWlXJrm_4.webp","LEHENGA CHOLI","Fabric 1=DOLA SILK|Package Contents=1 Lehanga 1 Blouse 1 Dupatta (3 pc)|Wash Care=Dry Clean Only, Do Not Bleach|Product Weight=0.75|Colour Code=BLACK|Size=FREE SIZE UPTO 44|Country=India|Work=Lehenga Work : Patola Print With Foil Work|Occasions=Festival, Party, Traditional, Wedding, Dulhan Lehenga , Bridal Lehenga, Marriage Special, Party Wear, Lehenga|Brand=Zari Lane|Ideal for=Women|Blouse=Unstitched|Blouse Length=0.80 Mtr|Lehnga Length=42 Mtr|Lehnga Flair=3 Mtr|Dupatta Length=2.4 Mtr"
"Perfectly blended Tussar silk lehenga for festive season to charm your look","Lehenga Choli","RAMA","1499","4599","FREE SIZE:50","Elevate your ethnic wardrobe with our exquisite Lehenga Choli collection, curated to perfection for the modern Indian woman. Crafted with luxurious fabrics and adorned with intricate embroidery, each ensemble exudes timeless elegance and grace. From vibrant hues to subtle pastels, our range offers a diverse selection to suit every taste and occasion. Whether it's a wedding celebration, festive gala, or cultural event, our Lehenga Cholis are designed to make you feel confident and captivating. Discover the epitome of traditional charm and contemporary flair with our handpicked designs. Shop now and indulge in the allure of Lehenga Choli couture.","images/lPxX0FeI_0.webp|images/lPxX0FeI_1.webp|images/lPxX0FeI_2.webp","LEHENGA CHOLI","Fabric 1=DOLA SILK|Package Contents=1 Lehanga 1 Blouse 1 Dupatta (3 pc)|Wash Care=Dry Clean Only, Do Not Bleach|Product Weight=0.75|Colour Code=RAMA|Country=India|Work=Lehenga Work : Patola Print With Foil Work|Occasions=Festival, Party, Traditional, Wedding, Dulhan Lehenga , Bridal Lehenga, Marriage Special, Party Wear, Lehenga|Brand=Zari Lane|Ideal for=Women|Blouse=Unstitched|Blouse Length=0.80 Mtr|Lehnga Length=42 Mtr|Lehnga Flair=3 Mtr|Dupatta Length=2.4 Mtr"
"Navy Blue Dola Silk Patola Print Traditional Lehenga Choli","Lehenga Choli","NAVY BLUE","1299","4599","FREE SIZE:50","Zari Lane's Patola Print Traditional Lehenga Choli strikes a perfect balance between timeless tradition and contemporary elegance. Whether attending a special occasion or celebrating India's cultural richness, this outfit is a fantastic choice. It's more than just clothing; it's a reflection of your refined fashion taste, allowing you to cherish the beauty of tradition while embracing modern style. In the Patola Print Traditional Lehenga Choli, you're not just wearing an outfit; you're showcasing a piece of India's cultural legacy and making a remarkable fashion statement.
 In the Patola Print Traditional Lehenga Choli, you're not just wearing an outfit; you're showcasing a piece of India's cultural legacy and making a remarkable fashion statement.""","images/6UWYH9vQ_0.webp|images/6UWYH9vQ_1.webp|images/6UWYH9vQ_2.webp|images/6UWYH9vQ_3.webp","LEHENGA CHOLI","Fabric 1=DOLA SILK|Package Contents=1 Lehanga 1 Blouse 1 Dupatta (3 pc)|Wash Care=Dry Clean Only, Do Not Bleach|Product Weight=0.75|Colour Code=NAVY BLUE|Country=India|Work=Lehenga Work : Patola Print With Foil Work|Occasions=Festival, Party, Traditional, Wedding, Dulhan Lehenga , Bridal Lehenga, Marriage Special, Party Wear, Lehenga|Brand=Zari Lane|Ideal for=Women|Blouse=Unstitched|Blouse Length=0.80 Mtr|Lehnga Length=42 Mtr|Lehnga Flair=3 Mtr|Dupatta Length=2.4 Mtr|Lehnga length=41Mtr"
"Perfectly blended Tussar silk lehenga for festive season to charm your look","Lehenga Choli","BLUE","1499","4599","FREE SIZE:50","Elevate your ethnic wardrobe with our exquisite Lehenga Choli collection, curated to perfection for the modern Indian woman. Crafted with luxurious fabrics and adorned with intricate embroidery, each ensemble exudes timeless elegance and grace. From vibrant hues to subtle pastels, our range offers a diverse selection to suit every taste and occasion. Whether it's a wedding celebration, festive gala, or cultural event, our Lehenga Cholis are designed to make you feel confident and captivating. Discover the epitome of traditional charm and contemporary flair with our handpicked designs. Shop now and indulge in the allure of Lehenga Choli couture.","images/2AARFVEf_0.webp|images/2AARFVEf_1.webp","LEHENGA CHOLI","Fabric 1=DOLA SILK|Package Contents=1 Lehanga 1 Blouse 1 Dupatta (3 pc)|Wash Care=Dry Clean Only, Do Not Bleach|Product Weight=0.75|Colour Code=BLUE|Country=India|Work=Lehenga Work : Patola Print With Foil Work|Occasions=Festival, Party, Traditional, Wedding, Dulhan Lehenga , Bridal Lehenga, Marriage Special, Party Wear, Lehenga|Brand=Zari Lane|Ideal for=Women|Blouse=Unstitched|Blouse Length=0.80 Mtr|Lehnga Length=42 Mtr|Lehnga Flair=3 Mtr|Dupatta Length=2.4 Mtr"
"Navratri Special Red Color Patola Print Lehenga Choli","Lehenga Choli","RED","1299","4599","FREE SIZE:50","Elevate your ethnic wardrobe with our exquisite Lehenga Choli collection, curated to perfection for the modern Indian woman. Crafted with luxurious fabrics and adorned with intricate embroidery, each ensemble exudes timeless elegance and grace. From vibrant hues to subtle pastels, our range offers a diverse selection to suit every taste and occasion. Whether it's a wedding celebration, festive gala, or cultural event, our Lehenga Cholis are designed to make you feel confident and captivating. Discover the epitome of traditional charm and contemporary flair with our handpicked designs. Shop now and indulge in the allure of Lehenga Choli couture.","images/Pl02I80Q_0.webp|images/Pl02I80Q_1.webp|images/Pl02I80Q_2.webp|images/Pl02I80Q_3.webp","LEHENGA CHOLI","Fabric 1=DOLA SILK|Package Contents=1 Lehanga 1 Blouse 1 Dupatta (3 pc)|Wash Care=Dry Clean Only, Do Not Bleach|Product Weight=0.75|Colour Code=RED|Country=India|Work=Lehenga Work : Patola Print With Foil Work|Occasions=Festival, Party, Traditional, Wedding, Dulhan Lehenga , Bridal Lehenga, Marriage Special, Party Wear, Lehenga|Brand=Zari Lane|Ideal for=Women|Blouse=Unstitched|Blouse Length=0.80 Mtr|Lehnga Length=42 Mtr|Lehnga Flair=3 Mtr|Dupatta Length=2.4 Mtr"
"White Color Dola Silk Designer Kalamkari Print Lehenga Choli","Lehenga Choli","WHITE","1299","4599","FREE SIZE:50","Elevate your ethnic wardrobe with our exquisite Lehenga Choli collection, curated to perfection for the modern Indian woman. Crafted with luxurious fabrics and adorned with intricate embroidery, each ensemble exudes timeless elegance and grace. From vibrant hues to subtle pastels, our range offers a diverse selection to suit every taste and occasion. Whether it's a wedding celebration, festive gala, or cultural event, our Lehenga Cholis are designed to make you feel confident and captivating. Discover the epitome of traditional charm and contemporary flair with our handpicked designs. Shop now and indulge in the allure of Lehenga Choli couture.","images/UrtWkYLt_0.webp|images/UrtWkYLt_1.webp|images/UrtWkYLt_2.webp|images/UrtWkYLt_3.webp","LEHENGA CHOLI","Fabric 1=DOLA SILK|Package Contents=1 Lehanga 1 Blouse 1 Dupatta (3 pc)|Wash Care=Dry Clean Only, Do Not Bleach|Product Weight=0.75|Colour Code=WHITE|Country=India|Work=Lehenga Work : Patola Print With Foil Work|Occasions=Festival, Party, Traditional, Wedding, Dulhan Lehenga , Bridal Lehenga, Marriage Special, Party Wear, Lehenga|Brand=Zari Lane|Ideal for=Women|Blouse=Unstitched|Blouse Length=0.80 Mtr|Lehnga Length=42 Mtr|Lehnga Flair=3 Mtr|Dupatta Length=2.4 Mtr"
"Perfectly blended Tussar silk lehenga for festive season to charm your look","Lehenga Choli","PURPLE","1499","4599","FREE SIZE:50","Elevate your ethnic wardrobe with our exquisite Lehenga Choli collection, curated to perfection for the modern Indian woman. Crafted with luxurious fabrics and adorned with intricate embroidery, each ensemble exudes timeless elegance and grace. From vibrant hues to subtle pastels, our range offers a diverse selection to suit every taste and occasion. Whether it's a wedding celebration, festive gala, or cultural event, our Lehenga Cholis are designed to make you feel confident and captivating. Discover the epitome of traditional charm and contemporary flair with our handpicked designs. Shop now and indulge in the allure of Lehenga Choli couture.","images/nq1fJ8aF_0.webp|images/nq1fJ8aF_1.webp|images/nq1fJ8aF_2.webp","LEHENGA CHOLI","Fabric 1=DOLA SILK|Package Contents=1 Lehanga 1 Blouse 1 Dupatta (3 pc)|Wash Care=Dry Clean Only, Do Not Bleach|Product Weight=0.75|Colour Code=PURPLE|Country=India|Work=Lehenga Work : Patola Print With Foil Work|Occasions=Festival, Party, Traditional, Wedding, Dulhan Lehenga , Bridal Lehenga, Marriage Special, Party Wear, Lehenga|Brand=Zari Lane|Ideal for=Women|Blouse=Unstitched|Blouse Length=0.80 Mtr|Lehnga Length=42 Mtr|Lehnga Flair=3 Mtr|Dupatta Length=2.4 Mtr"
"Navratri Special Green Color Patola Print Lehenga Choli","Lehenga Choli","GREEN","1299","4599","FREE SIZE:50","Elevate your ethnic wardrobe with our exquisite Lehenga Choli collection, curated to perfection for the modern Indian woman. Crafted with luxurious fabrics and adorned with intricate embroidery, each ensemble exudes timeless elegance and grace. From vibrant hues to subtle pastels, our range offers a diverse selection to suit every taste and occasion. Whether it's a wedding celebration, festive gala, or cultural event, our Lehenga Cholis are designed to make you feel confident and captivating. Discover the epitome of traditional charm and contemporary flair with our handpicked designs. Shop now and indulge in the allure of Lehenga Choli couture.","images/FyaSA5H0_0.webp|images/FyaSA5H0_1.webp|images/FyaSA5H0_2.webp|images/FyaSA5H0_3.webp","LEHENGA CHOLI","Fabric 1=DOLA SILK|Package Contents=1 Lehanga 1 Blouse 1 Dupatta (3 pc)|Wash Care=Dry Clean Only, Do Not Bleach|Product Weight=0.75|Colour Code=GREEN|Country=India|Work=Lehenga Work : Patola Print With Foil Work|Occasions=Festival, Party, Traditional, Wedding, Dulhan Lehenga , Bridal Lehenga, Marriage Special, Party Wear, Lehenga|Brand=Zari Lane|Ideal for=Women|Blouse=Unstitched|Blouse Length=0.80 Mtr|Lehnga Length=42 Mtr|Lehnga Flair=3 Mtr|Dupatta Length=2.4 Mtr"
"Tussar Silk Patola Print Trendy Lehenga Choli in White","Lehenga Choli","WHITE","1399","4599","FREE SIZE:50","Elevate your ethnic wardrobe with our exquisite Lehenga Choli collection, curated to perfection for the modern Indian woman. Crafted with luxurious fabrics and adorned with intricate embroidery, each ensemble exudes timeless elegance and grace. From vibrant hues to subtle pastels, our range offers a diverse selection to suit every taste and occasion. Whether it's a wedding celebration, festive gala, or cultural event, our Lehenga Cholis are designed to make you feel confident and captivating. Discover the epitome of traditional charm and contemporary flair with our handpicked designs. Shop now and indulge in the allure of Lehenga Choli couture.","images/uZlwAvr9_0.webp|images/uZlwAvr9_1.webp|images/uZlwAvr9_2.webp","LEHENGA CHOLI","Fabric 1=DOLA SILK|Package Contents=1 Lehanga 1 Blouse 1 Dupatta (3 pc)|Wash Care=Dry Clean Only, Do Not Bleach|Product Weight=0.75|Colour Code=WHITE|Country=India|Work=Lehenga Work : Patola Print With Foil Work|Occasions=Festival, Party, Traditional, Wedding, Dulhan Lehenga , Bridal Lehenga, Marriage Special, Party Wear, Lehenga|Brand=Zari Lane|Ideal for=Women|Blouse=Unstitched|Blouse Length=0.80 Mtr|Lehnga Length=42 Mtr|Lehnga Flair=3 Mtr|Dupatta Length=2.4 Mtr"
"Perfectly blended Tussar silk lehenga for festive season to charm your look","Lehenga Choli","RED","1499","4599","FREE SIZE:50","Elevate your ethnic wardrobe with our exquisite Lehenga Choli collection, curated to perfection for the modern Indian woman. Crafted with luxurious fabrics and adorned with intricate embroidery, each ensemble exudes timeless elegance and grace. From vibrant hues to subtle pastels, our range offers a diverse selection to suit every taste and occasion. Whether it's a wedding celebration, festive gala, or cultural event, our Lehenga Cholis are designed to make you feel confident and captivating. Discover the epitome of traditional charm and contemporary flair with our handpicked designs. Shop now and indulge in the allure of Lehenga Choli couture.","images/WfHY9IiC_0.webp|images/WfHY9IiC_1.webp|images/WfHY9IiC_2.webp","LEHENGA CHOLI","Fabric 1=DOLA SILK|Package Contents=1 Lehanga 1 Blouse 1 Dupatta (3 pc)|Wash Care=Dry Clean Only, Do Not Bleach|Product Weight=0.75|Colour Code=RED|Country=India|Work=Lehenga Work : Patola Print With Foil Work|Occasions=Festival, Party, Traditional, Wedding, Dulhan Lehenga , Bridal Lehenga, Marriage Special, Party Wear, Lehenga|Brand=Zari Lane|Ideal for=Women|Blouse=Unstitched|Blouse Length=0.80 Mtr|Lehnga Length=42 Mtr|Lehnga Flair=3 Mtr|Dupatta Length=2.4 Mtr"
"Navratri Special Wine Color Patola Print Lehenga Choli","Lehenga Choli","WINE","1299","4599","FREE SIZE:50","Elevate your ethnic wardrobe with our exquisite Lehenga Choli collection, curated to perfection for the modern Indian woman. Crafted with luxurious fabrics and adorned with intricate embroidery, each ensemble exudes timeless elegance and grace. From vibrant hues to subtle pastels, our range offers a diverse selection to suit every taste and occasion. Whether it's a wedding celebration, festive gala, or cultural event, our Lehenga Cholis are designed to make you feel confident and captivating. Discover the epitome of traditional charm and contemporary flair with our handpicked designs. Shop now and indulge in the allure of Lehenga Choli couture.","images/hq9aEQ34_0.webp|images/hq9aEQ34_1.webp|images/hq9aEQ34_2.webp|images/hq9aEQ34_3.webp|images/hq9aEQ34_4.webp","LEHENGA CHOLI","Fabric 1=DOLA SILK|Package Contents=1 Lehanga 1 Blouse 1 Dupatta (3 pc)|Wash Care=Dry Clean Only, Do Not Bleach|Product Weight=0.75|Colour Code=WINE|Country=India|Work=Lehenga Work : Patola Print With Foil Work|Occasions=Festival, Party, Traditional, Wedding, Dulhan Lehenga , Bridal Lehenga, Marriage Special, Party Wear, Lehenga|Brand=Zari Lane|Ideal for=Women|Blouse=Unstitched|Blouse Length=0.80 Mtr|Lehnga Length=42 Mtr|Lehnga Flair=3 Mtr|Dupatta Length=2.4 Mtr"
"Green Color Dola Silk Designer Kalamkari Print Lehenga Choli","Lehenga Choli","PISTA","1299","4599","FREE SIZE:50","Elevate your ethnic wardrobe with our exquisite Lehenga Choli collection, curated to perfection for the modern Indian woman. Crafted with luxurious fabrics and adorned with intricate embroidery, each ensemble exudes timeless elegance and grace. From vibrant hues to subtle pastels, our range offers a diverse selection to suit every taste and occasion. Whether it's a wedding celebration, festive gala, or cultural event, our Lehenga Cholis are designed to make you feel confident and captivating. Discover the epitome of traditional charm and contemporary flair with our handpicked designs. Shop now and indulge in the allure of Lehenga Choli couture.","images/dLtGWhbt_0.webp|images/dLtGWhbt_1.webp|images/dLtGWhbt_2.webp","LEHENGA CHOLI","Fabric 1=DOLA SILK|Package Contents=1 Lehanga 1 Blouse 1 Dupatta (3 pc)|Wash Care=Dry Clean Only, Do Not Bleach|Product Weight=0.75|Colour Code=GREEN|Country=India|Work=Lehenga Work : Patola Print With Foil Work|Occasions=Festival, Party, Traditional, Wedding, Dulhan Lehenga , Bridal Lehenga, Marriage Special, Party Wear, Lehenga|Brand=Zari Lane|Ideal for=Women|Blouse=Unstitched|Blouse Length=0.80 Mtr|Lehnga Length=42 Mtr|Lehnga Flair=3 Mtr|Dupatta Length=2.4 Mtr"
"Navratri Special Navy Blue Color Patola Print Lehenga Choli","Lehenga Choli","NAVY BLUE","1299","4599","FREE SIZE:50","Elevate your ethnic wardrobe with our exquisite Lehenga Choli collection, curated to perfection for the modern Indian woman. Crafted with luxurious fabrics and adorned with intricate embroidery, each ensemble exudes timeless elegance and grace. From vibrant hues to subtle pastels, our range offers a diverse selection to suit every taste and occasion. Whether it's a wedding celebration, festive gala, or cultural event, our Lehenga Cholis are designed to make you feel confident and captivating. Discover the epitome of traditional charm and contemporary flair with our handpicked designs. Shop now and indulge in the allure of Lehenga Choli couture.","images/oNHdlAEw_0.webp|images/oNHdlAEw_1.webp|images/oNHdlAEw_2.webp|images/oNHdlAEw_3.webp","LEHENGA CHOLI","Fabric 1=DOLA SILK|Package Contents=1 Lehanga 1 Blouse 1 Dupatta (3 pc)|Wash Care=Dry Clean Only, Do Not Bleach|Product Weight=0.75|Colour Code=NAVY BLUE|Country=India|Work=Lehenga Work : Patola Print With Foil Work|Occasions=Festival, Party, Traditional, Wedding, Dulhan Lehenga , Bridal Lehenga, Marriage Special, Party Wear, Lehenga|Brand=Zari Lane|Ideal for=Women|Blouse=Unstitched|Blouse Length=0.80 Mtr|Lehnga Length=42 Mtr|Lehnga Flair=3 Mtr|Dupatta Length=2.4 Mtr"
"Yellow color tussar silk foil print lehenga choli","Lehenga Choli","YELLOW","1299","4599","FREE SIZE:50","Elevate your ethnic wardrobe with our exquisite Lehenga Choli collection, curated to perfection for the modern Indian woman. Crafted with luxurious fabrics and adorned with intricate embroidery, each ensemble exudes timeless elegance and grace. From vibrant hues to subtle pastels, our range offers a diverse selection to suit every taste and occasion. Whether it's a wedding celebration, festive gala, or cultural event, our Lehenga Cholis are designed to make you feel confident and captivating. Discover the epitome of traditional charm and contemporary flair with our handpicked designs. Shop now and indulge in the allure of Lehenga Choli couture.","images/RmgxYAHS_0.webp|images/RmgxYAHS_1.webp|images/RmgxYAHS_2.webp","LEHENGA CHOLI","Fabric 1=DOLA SILK|Package Contents=1 Lehanga 1 Blouse 1 Dupatta (3 pc)|Wash Care=Dry Clean Only, Do Not Bleach|Product Weight=0.75|Colour Code=YELLOW|Country=India|Work=Lehenga Work : Patola Print With Foil Work|Occasions=Festival, Party, Traditional, Wedding, Dulhan Lehenga , Bridal Lehenga, Marriage Special, Party Wear, Lehenga|Brand=Zari Lane|Ideal for=Women|Blouse=Unstitched|Blouse Length=0.80 Mtr|Lehnga Length=42 Mtr|Lehnga Flair=3 Mtr|Dupatta Length=2.4 Mtr"
"Yellow Color Dola Silk Designer Kalamkari Print Lehenga Choli","Lehenga Choli","YELLOW","1299","4599","FREE SIZE:50","Elevate your ethnic wardrobe with our exquisite Lehenga Choli collection, curated to perfection for the modern Indian woman. Crafted with luxurious fabrics and adorned with intricate embroidery, each ensemble exudes timeless elegance and grace. From vibrant hues to subtle pastels, our range offers a diverse selection to suit every taste and occasion. Whether it's a wedding celebration, festive gala, or cultural event, our Lehenga Cholis are designed to make you feel confident and captivating. Discover the epitome of traditional charm and contemporary flair with our handpicked designs. Shop now and indulge in the allure of Lehenga Choli couture.","images/D_D4Jb-3_0.webp|images/D_D4Jb-3_1.webp|images/D_D4Jb-3_2.webp|images/D_D4Jb-3_3.webp","LEHENGA CHOLI","Fabric 1=DOLA SILK|Package Contents=1 Lehanga 1 Blouse 1 Dupatta (3 pc)|Wash Care=Dry Clean Only, Do Not Bleach|Product Weight=0.75|Colour Code=YELLOW|Country=India|Work=Lehenga Work : Patola Print With Foil Work|Occasions=Festival, Party, Traditional, Wedding, Dulhan Lehenga , Bridal Lehenga, Marriage Special, Party Wear, Lehenga|Brand=Zari Lane|Ideal for=Women|Blouse=Unstitched|Blouse Length=0.80 Mtr|Lehnga Length=42 Mtr|Lehnga Flair=3 Mtr|Dupatta Length=2.4 Mtr"
"Perfectly blended Tussar silk lehenga for festive season to charm your look","Lehenga Choli","RED","1499","4599","FREE SIZE:50","Elevate your ethnic wardrobe with our exquisite Lehenga Choli collection, curated to perfection for the modern Indian woman. Crafted with luxurious fabrics and adorned with intricate embroidery, each ensemble exudes timeless elegance and grace. From vibrant hues to subtle pastels, our range offers a diverse selection to suit every taste and occasion. Whether it's a wedding celebration, festive gala, or cultural event, our Lehenga Cholis are designed to make you feel confident and captivating. Discover the epitome of traditional charm and contemporary flair with our handpicked designs. Shop now and indulge in the allure of Lehenga Choli couture.","images/ZbH3GaNa_0.webp|images/ZbH3GaNa_1.webp|images/ZbH3GaNa_2.webp|images/ZbH3GaNa_3.webp|images/ZbH3GaNa_4.webp|images/ZbH3GaNa_5.webp","LEHENGA CHOLI","Fabric 1=DOLA SILK|Package Contents=1 Lehanga 1 Blouse 1 Dupatta (3 pc)|Wash Care=Dry Clean Only, Do Not Bleach|Product Weight=0.75|Colour Code=RED|Country=India|Work=Lehenga Work : Patola Print With Foil Work|Occasions=Festival, Party, Traditional, Wedding, Dulhan Lehenga , Bridal Lehenga, Marriage Special, Party Wear, Lehenga|Brand=Zari Lane|Ideal for=Women|Blouse=Unstitched|Blouse Length=0.80 Mtr|Lehnga Length=42 Mtr|Lehnga Flair=3 Mtr|Dupatta Length=2.4 Mtr"
"Perrot With Heavy Lichi Fabric With Jacquard Border Jari Lining With Print","Other","PERROT","1599","2999","FREE SIZE:50","??Royal threads. Modern souls. Presenting our latest lehenga collection??

  ??Lehenga (Stitched) ??
Lehenga Fabric:- Heavy Lichi Fabric WIth Jacquard Border
Lehenga Work:- Jacquard With Jari Lining With Print 
Lehenga Inner:- Micro Cotton
Lehenga Flair:- 3 Meter
Lehenga Size:- upto 44 
Lehenga Stitch Type:– Stitched (Standard Canvas Attached)

  ??Blouse Unstitched??
Blouse Fabric:- Heavy Lichi Fabric WIth Jacquard Border
Blouse Work:- Jacquard With Jari Lining With Print 
Blouse Length : 1 Meter 
 
   ??Dupatta??
Dupatta Fabric:- Heavy Lichi Fabric WIth Jacquard Border
Dupatta Size:- 2.40 Meter
Dupatta Work:- Jacquard With Jari Lining With Print

Package Contain : Lehenga, Blouse, Dupatta 

Weight : 0.700 KG

??Real quality doesn’t need to shout – it shows??","images/aE9kHTNJ_0.webp|images/aE9kHTNJ_1.webp|images/aE9kHTNJ_2.webp|images/aE9kHTNJ_3.webp|images/aE9kHTNJ_4.webp|images/aE9kHTNJ_5.webp|images/aE9kHTNJ_6.webp","LEHENGA CHOLI","Fabric 1=DOLA SILK|Package Contents=1 Lehanga 1 Blouse 1 Dupatta (3 pc)|Wash Care=Dry Clean Only, Do Not Bleach|Product Weight=0.75|Colour Code=GREEN|Size=FREE SIZE UPTO 44|Country=India|Work=Heavy Lichi Fabric WIth Jacquard Border|Occasions=Festival, Party, Traditional, Wedding, Dulhan Lehenga , Bridal Lehenga, Marriage Special, Party Wear, Lehenga|Brand=Zari Lane|Ideal for=Women|Blouse=Unstitched|Blouse Length=0.80 Mtr|Lehnga Length=42 Mtr|Lehnga Flair=3 Mtr|Dupatta Length=2.4 Mtr"
"Wine With Presenting a perfectly blended Tussar silk lehenga for festive season to charm your look","Lehenga Choli","WINE","1599","2999","FREE SIZE:50","??Royal threads. Modern souls. Presenting our latest lehenga collection??

  ??Lehenga (Stitched) ??
Lehenga Fabric:- Heavy Lichi Fabric WIth Jacquard Border
Lehenga Work:- Jacquard With Jari Lining With Print 
Lehenga Inner:- Micro Cotton
Lehenga Flair:- 3 Meter
Lehenga Size:- upto 44 
Lehenga Stitch Type:– Stitched (Standard Canvas Attached)

  ??Blouse Unstitched??
Blouse Fabric:- Heavy Lichi Fabric WIth Jacquard Border
Blouse Work:- Jacquard With Jari Lining With Print 
Blouse Length : 1 Meter 
 
   ??Dupatta??
Dupatta Fabric:- Heavy Lichi Fabric WIth Jacquard Border
Dupatta Size:- 2.40 Meter
Dupatta Work:- Jacquard With Jari Lining With Print

Package Contain : Lehenga, Blouse, Dupatta 

Weight : 0.700 KG

??Real quality doesn’t need to shout – it shows??","images/_nvJhNWe_0.webp|images/_nvJhNWe_1.webp|images/_nvJhNWe_2.webp|images/_nvJhNWe_3.webp|images/_nvJhNWe_4.webp","LEHENGA CHOLI","Fabric 1=DOLA SILK|Package Contents=1 Lehanga 1 Blouse 1 Dupatta (3 pc)|Wash Care=Dry Clean Only, Do Not Bleach|Product Weight=0.75|Colour Code=WINE|Size=FREE SIZE UPTO 44|Country=India|Work=Heavy Lichi Fabric WIth Jacquard Border|Occasions=Festival, Party, Traditional, Wedding, Dulhan Lehenga , Bridal Lehenga, Marriage Special, Party Wear, Lehenga|Brand=Zari Lane|Ideal for=Women|Blouse=Unstitched|Blouse Length=0.80 Mtr|Lehnga Length=42 Mtr|Lehnga Flair=3 Mtr|Dupatta Length=2.4 Mtr"
"Perfectly blended Tussar silk lehenga for festive season to charm your look","Lehenga Choli","BLUE","1499","4599","FREE SIZE:50","Elevate your ethnic wardrobe with our exquisite Lehenga Choli collection, curated to perfection for the modern Indian woman. Crafted with luxurious fabrics and adorned with intricate embroidery, each ensemble exudes timeless elegance and grace. From vibrant hues to subtle pastels, our range offers a diverse selection to suit every taste and occasion. Whether it's a wedding celebration, festive gala, or cultural event, our Lehenga Cholis are designed to make you feel confident and captivating. Discover the epitome of traditional charm and contemporary flair with our handpicked designs. Shop now and indulge in the allure of Lehenga Choli couture.","images/eXyWjUQa_0.webp|images/eXyWjUQa_1.webp|images/eXyWjUQa_2.webp|images/eXyWjUQa_3.webp|images/eXyWjUQa_4.webp|images/eXyWjUQa_5.webp","LEHENGA CHOLI","Fabric 1=DOLA SILK|Package Contents=1 Lehanga 1 Blouse 1 Dupatta (3 pc)|Wash Care=Dry Clean Only, Do Not Bleach|Product Weight=0.75|Colour Code=BLUE|Country=India|Work=Lehenga Work : Patola Print With Foil Work|Occasions=Festival, Party, Traditional, Wedding, Dulhan Lehenga , Bridal Lehenga, Marriage Special, Party Wear, Lehenga|Brand=Zari Lane|Ideal for=Women|Blouse=Unstitched|Blouse Length=0.80 Mtr|Lehnga Length=42 Mtr|Lehnga Flair=3 Mtr|Dupatta Length=2.4 Mtr"
"Red With Heavy Lichi Fabric With Jacquard Border Jari Lining With Print","Other","RED","1599","2999","FREE SIZE:50","??Royal threads. Modern souls. Presenting our latest lehenga collection??

  ??Lehenga (Stitched) ??
Lehenga Fabric:- Heavy Lichi Fabric WIth Jacquard Border
Lehenga Work:- Jacquard With Jari Lining With Print 
Lehenga Inner:- Micro Cotton
Lehenga Flair:- 3 Meter
Lehenga Size:- upto 44 
Lehenga Stitch Type:– Stitched (Standard Canvas Attached)

  ??Blouse Unstitched??
Blouse Fabric:- Heavy Lichi Fabric WIth Jacquard Border
Blouse Work:- Jacquard With Jari Lining With Print 
Blouse Length : 1 Meter 
 
   ??Dupatta??
Dupatta Fabric:- Heavy Lichi Fabric WIth Jacquard Border
Dupatta Size:- 2.40 Meter
Dupatta Work:- Jacquard With Jari Lining With Print

Package Contain : Lehenga, Blouse, Dupatta 

Weight : 0.700 KG

??Real quality doesn’t need to shout – it shows??","images/H44jWC87_0.webp|images/H44jWC87_1.webp|images/H44jWC87_2.webp|images/H44jWC87_3.webp|images/H44jWC87_4.webp|images/H44jWC87_5.webp|images/H44jWC87_6.webp","LEHENGA CHOLI","Fabric 1=DOLA SILK|Package Contents=1 Lehanga 1 Blouse 1 Dupatta (3 pc)|Wash Care=Dry Clean Only, Do Not Bleach|Product Weight=0.75|Colour Code=RED|Size=FREE SIZE UPTO 44|Country=India|Work=Heavy Lichi Fabric WIth Jacquard Border|Occasions=Festival, Party, Traditional, Wedding, Dulhan Lehenga , Bridal Lehenga, Marriage Special, Party Wear, Lehenga|Brand=Zari Lane|Ideal for=Women|Blouse=Unstitched|Blouse Length=0.80 Mtr|Lehnga Length=42 Mtr|Lehnga Flair=3 Mtr|Dupatta Length=2.4 Mtr"
"Green With Presenting a perfectly blended Tussar silk lehenga for festive season to charm your look","Lehenga Choli","GREEN","1599","2999","FREE SIZE:50","??Royal threads. Modern souls. Presenting our latest lehenga collection??

  ??Lehenga (Stitched) ??
Lehenga Fabric:- Heavy Lichi Fabric WIth Jacquard Border
Lehenga Work:- Jacquard With Jari Lining With Print 
Lehenga Inner:- Micro Cotton
Lehenga Flair:- 3 Meter
Lehenga Size:- upto 44 
Lehenga Stitch Type:– Stitched (Standard Canvas Attached)

  ??Blouse Unstitched??
Blouse Fabric:- Heavy Lichi Fabric WIth Jacquard Border
Blouse Work:- Jacquard With Jari Lining With Print 
Blouse Length : 1 Meter 
 
   ??Dupatta??
Dupatta Fabric:- Heavy Lichi Fabric WIth Jacquard Border
Dupatta Size:- 2.40 Meter
Dupatta Work:- Jacquard With Jari Lining With Print

Package Contain : Lehenga, Blouse, Dupatta 

Weight : 0.700 KG

??Real quality doesn’t need to shout – it shows??","images/-dhxB_PM_0.webp|images/-dhxB_PM_1.webp|images/-dhxB_PM_2.webp|images/-dhxB_PM_3.webp|images/-dhxB_PM_4.webp","LEHENGA CHOLI","Fabric 1=DOLA SILK|Package Contents=1 Lehanga 1 Blouse 1 Dupatta (3 pc)|Wash Care=Dry Clean Only, Do Not Bleach|Product Weight=0.75|Colour Code=GREEN|Size=FREE SIZE UPTO 44|Country=India|Work=Heavy Lichi Fabric WIth Jacquard Border|Occasions=Festival, Party, Traditional, Wedding, Dulhan Lehenga , Bridal Lehenga, Marriage Special, Party Wear, Lehenga|Brand=Zari Lane|Ideal for=Women|Blouse=Unstitched|Blouse Length=0.80 Mtr|Lehnga Length=42 Mtr|Lehnga Flair=3 Mtr|Dupatta Length=2.4 Mtr"
"Green With Presenting a perfectly blended Tussar silk lehenga for festive season to charm your look","Lehenga Choli","GREEN","1599","2999","FREE SIZE:50","??Royal threads. Modern souls. Presenting our latest lehenga collection??

  ??Lehenga (Stitched) ??
Lehenga Fabric:- Heavy Lichi Fabric WIth Jacquard Border
Lehenga Work:- Jacquard With Jari Lining With Print 
Lehenga Inner:- Micro Cotton
Lehenga Flair:- 3 Meter
Lehenga Size:- upto 44 
Lehenga Stitch Type:– Stitched (Standard Canvas Attached)

  ??Blouse Unstitched??
Blouse Fabric:- Heavy Lichi Fabric WIth Jacquard Border
Blouse Work:- Jacquard With Jari Lining With Print 
Blouse Length : 1 Meter 
 
   ??Dupatta??
Dupatta Fabric:- Heavy Lichi Fabric WIth Jacquard Border
Dupatta Size:- 2.40 Meter
Dupatta Work:- Jacquard With Jari Lining With Print

Package Contain : Lehenga, Blouse, Dupatta 

Weight : 0.700 KG

??Real quality doesn’t need to shout – it shows??","images/3GdIiBnq_0.webp|images/3GdIiBnq_1.webp|images/3GdIiBnq_2.webp|images/3GdIiBnq_3.webp|images/3GdIiBnq_4.webp","LEHENGA CHOLI","Fabric 1=DOLA SILK|Package Contents=1 Lehanga 1 Blouse 1 Dupatta (3 pc)|Wash Care=Dry Clean Only, Do Not Bleach|Product Weight=0.75|Colour Code=GREEN|Size=FREE SIZE UPTO 44|Country=India|Work=Heavy Lichi Fabric WIth Jacquard Border|Occasions=Festival, Party, Traditional, Wedding, Dulhan Lehenga , Bridal Lehenga, Marriage Special, Party Wear, Lehenga|Brand=Zari Lane|Ideal for=Women|Blouse=Unstitched|Blouse Length=0.80 Mtr|Lehnga Length=42 Mtr|Lehnga Flair=3 Mtr|Dupatta Length=2.4 Mtr"
"Wine With Heavy Lichi Fabric With Jacquard Border Jari Lining With Print","Other","WINE","1599","2999","FREE SIZE:50","??Royal threads. Modern souls. Presenting our latest lehenga collection??

  ??Lehenga (Stitched) ??
Lehenga Fabric:- Heavy Lichi Fabric WIth Jacquard Border
Lehenga Work:- Jacquard With Jari Lining With Print 
Lehenga Inner:- Micro Cotton
Lehenga Flair:- 3 Meter
Lehenga Size:- upto 44 
Lehenga Stitch Type:– Stitched (Standard Canvas Attached)

  ??Blouse Unstitched??
Blouse Fabric:- Heavy Lichi Fabric WIth Jacquard Border
Blouse Work:- Jacquard With Jari Lining With Print 
Blouse Length : 1 Meter 
 
   ??Dupatta??
Dupatta Fabric:- Heavy Lichi Fabric WIth Jacquard Border
Dupatta Size:- 2.40 Meter
Dupatta Work:- Jacquard With Jari Lining With Print

Package Contain : Lehenga, Blouse, Dupatta 

Weight : 0.700 KG

??Real quality doesn’t need to shout – it shows??","images/gwH8KJDU_0.webp|images/gwH8KJDU_1.webp|images/gwH8KJDU_2.webp|images/gwH8KJDU_3.webp|images/gwH8KJDU_4.webp|images/gwH8KJDU_5.webp","LEHENGA CHOLI","Fabric 1=DOLA SILK|Package Contents=1 Lehanga 1 Blouse 1 Dupatta (3 pc)|Wash Care=Dry Clean Only, Do Not Bleach|Product Weight=0.75|Colour Code=WINE|Size=FREE SIZE UPTO 44|Country=India|Work=Heavy Lichi Fabric WIth Jacquard Border|Occasions=Festival, Party, Traditional, Wedding, Dulhan Lehenga , Bridal Lehenga, Marriage Special, Party Wear, Lehenga|Brand=Zari Lane|Ideal for=Women|Blouse=Unstitched|Blouse Length=0.80 Mtr|Lehnga Length=42 Mtr|Lehnga Flair=3 Mtr|Dupatta Length=2.4 Mtr"
"Perfectly blended Tussar silk lehenga for festive season to charm your look","Lehenga Choli","PURPLE","1499","4599","FREE SIZE:50","Elevate your ethnic wardrobe with our exquisite Lehenga Choli collection, curated to perfection for the modern Indian woman. Crafted with luxurious fabrics and adorned with intricate embroidery, each ensemble exudes timeless elegance and grace. From vibrant hues to subtle pastels, our range offers a diverse selection to suit every taste and occasion. Whether it's a wedding celebration, festive gala, or cultural event, our Lehenga Cholis are designed to make you feel confident and captivating. Discover the epitome of traditional charm and contemporary flair with our handpicked designs. Shop now and indulge in the allure of Lehenga Choli couture.","images/UASMEE7d_0.webp|images/UASMEE7d_1.webp|images/UASMEE7d_2.webp|images/UASMEE7d_3.webp|images/UASMEE7d_4.webp|images/UASMEE7d_5.webp","LEHENGA CHOLI","Fabric 1=DOLA SILK|Package Contents=1 Lehanga 1 Blouse 1 Dupatta (3 pc)|Wash Care=Dry Clean Only, Do Not Bleach|Product Weight=0.75|Colour Code=PURPLE|Country=India|Work=Lehenga Work : Patola Print With Foil Work|Occasions=Festival, Party, Traditional, Wedding, Dulhan Lehenga , Bridal Lehenga, Marriage Special, Party Wear, Lehenga|Brand=Zari Lane|Ideal for=Women|Blouse=Unstitched|Blouse Length=0.80 Mtr|Lehnga Length=42 Mtr|Lehnga Flair=3 Mtr|Dupatta Length=2.4 Mtr"
"Red With Presenting a perfectly blended Tussar silk lehenga for festive season to charm your look","Lehenga Choli","RED","1599","2999","FREE SIZE:50","??Royal threads. Modern souls. Presenting our latest lehenga collection??

  ??Lehenga (Stitched) ??
Lehenga Fabric:- Heavy Lichi Fabric WIth Jacquard Border
Lehenga Work:- Jacquard With Jari Lining With Print 
Lehenga Inner:- Micro Cotton
Lehenga Flair:- 3 Meter
Lehenga Size:- upto 44 
Lehenga Stitch Type:– Stitched (Standard Canvas Attached)

  ??Blouse Unstitched??
Blouse Fabric:- Heavy Lichi Fabric WIth Jacquard Border
Blouse Work:- Jacquard With Jari Lining With Print 
Blouse Length : 1 Meter 
 
   ??Dupatta??
Dupatta Fabric:- Heavy Lichi Fabric WIth Jacquard Border
Dupatta Size:- 2.40 Meter
Dupatta Work:- Jacquard With Jari Lining With Print

Package Contain : Lehenga, Blouse, Dupatta 

Weight : 0.700 KG

??Real quality doesn’t need to shout – it shows??","images/ivrGgNEC_0.webp|images/ivrGgNEC_1.webp|images/ivrGgNEC_2.webp|images/ivrGgNEC_3.webp|images/ivrGgNEC_4.webp","LEHENGA CHOLI","Fabric 1=DOLA SILK|Package Contents=1 Lehanga 1 Blouse 1 Dupatta (3 pc)|Wash Care=Dry Clean Only, Do Not Bleach|Product Weight=0.75|Colour Code=RED|Size=FREE SIZE UPTO 44|Country=India|Work=Heavy Lichi Fabric WIth Jacquard Border|Occasions=Festival, Party, Traditional, Wedding, Dulhan Lehenga , Bridal Lehenga, Marriage Special, Party Wear, Lehenga|Brand=Zari Lane|Ideal for=Women|Blouse=Unstitched|Blouse Length=0.80 Mtr|Lehnga Length=42 Mtr|Lehnga Flair=3 Mtr|Dupatta Length=2.4 Mtr"
"Yellow With Heavy Lichi Fabric With Jacquard Border Jari Lining With Print","Other","YELLOW","1599","2999","FREE SIZE:50","??Royal threads. Modern souls. Presenting our latest lehenga collection??

  ??Lehenga (Stitched) ??
Lehenga Fabric:- Heavy Lichi Fabric WIth Jacquard Border
Lehenga Work:- Jacquard With Jari Lining With Print 
Lehenga Inner:- Micro Cotton
Lehenga Flair:- 3 Meter
Lehenga Size:- upto 44 
Lehenga Stitch Type:– Stitched (Standard Canvas Attached)

  ??Blouse Unstitched??
Blouse Fabric:- Heavy Lichi Fabric WIth Jacquard Border
Blouse Work:- Jacquard With Jari Lining With Print 
Blouse Length : 1 Meter 
 
   ??Dupatta??
Dupatta Fabric:- Heavy Lichi Fabric WIth Jacquard Border
Dupatta Size:- 2.40 Meter
Dupatta Work:- Jacquard With Jari Lining With Print

Package Contain : Lehenga, Blouse, Dupatta 

Weight : 0.700 KG

??Real quality doesn’t need to shout – it shows??","images/hHjM_1EC_0.webp|images/hHjM_1EC_1.webp|images/hHjM_1EC_2.webp|images/hHjM_1EC_3.webp|images/hHjM_1EC_4.webp","LEHENGA CHOLI","Fabric 1=DOLA SILK|Package Contents=1 Lehanga 1 Blouse 1 Dupatta (3 pc)|Wash Care=Dry Clean Only, Do Not Bleach|Product Weight=0.75|Colour Code=YELLOW|Size=FREE SIZE UPTO 44|Country=India|Work=Heavy Lichi Fabric WIth Jacquard Border|Occasions=Festival, Party, Traditional, Wedding, Dulhan Lehenga , Bridal Lehenga, Marriage Special, Party Wear, Lehenga|Brand=Zari Lane|Ideal for=Women|Blouse=Unstitched|Blouse Length=0.80 Mtr|Lehnga Length=42 Mtr|Lehnga Flair=3 Mtr|Dupatta Length=2.4 Mtr"
"Pink With Heavy Lichi Fabric With Jacquard Border Jari Lining With Print","Other","PINK","1599","2999","FREE SIZE:50","??Royal threads. Modern souls. Presenting our latest lehenga collection??

  ??Lehenga (Stitched) ??
Lehenga Fabric:- Heavy Lichi Fabric WIth Jacquard Border
Lehenga Work:- Jacquard With Jari Lining With Print 
Lehenga Inner:- Micro Cotton
Lehenga Flair:- 3 Meter
Lehenga Size:- upto 44 
Lehenga Stitch Type:– Stitched (Standard Canvas Attached)

  ??Blouse Unstitched??
Blouse Fabric:- Heavy Lichi Fabric WIth Jacquard Border
Blouse Work:- Jacquard With Jari Lining With Print 
Blouse Length : 1 Meter 
 
   ??Dupatta??
Dupatta Fabric:- Heavy Lichi Fabric WIth Jacquard Border
Dupatta Size:- 2.40 Meter
Dupatta Work:- Jacquard With Jari Lining With Print

Package Contain : Lehenga, Blouse, Dupatta 

Weight : 0.700 KG

??Real quality doesn’t need to shout – it shows??","images/RDMnRx0f_0.webp|images/RDMnRx0f_1.webp|images/RDMnRx0f_2.webp|images/RDMnRx0f_3.webp|images/RDMnRx0f_4.webp","LEHENGA CHOLI","Fabric 1=DOLA SILK|Package Contents=1 Lehanga 1 Blouse 1 Dupatta (3 pc)|Wash Care=Dry Clean Only, Do Not Bleach|Product Weight=0.75|Colour Code=PINK|Size=FREE SIZE UPTO 44|Country=India|Work=Heavy Lichi Fabric WIth Jacquard Border|Occasions=Festival, Party, Traditional, Wedding, Dulhan Lehenga , Bridal Lehenga, Marriage Special, Party Wear, Lehenga|Brand=Zari Lane|Ideal for=Women|Blouse=Unstitched|Blouse Length=0.80 Mtr|Lehnga Length=42 Mtr|Lehnga Flair=3 Mtr|Dupatta Length=2.4 Mtr"
"Wine With Heavy Lichi Fabric With Jacquard Border Jari Lining With Print","Other","WINE","1599","2999","FREE SIZE:50","??Royal threads. Modern souls. Presenting our latest lehenga collection??

  ??Lehenga (Stitched) ??
Lehenga Fabric:- Heavy Lichi Fabric WIth Jacquard Border
Lehenga Work:- Jacquard With Jari Lining With Print 
Lehenga Inner:- Micro Cotton
Lehenga Flair:- 3 Meter
Lehenga Size:- upto 44 
Lehenga Stitch Type:– Stitched (Standard Canvas Attached)

  ??Blouse Unstitched??
Blouse Fabric:- Heavy Lichi Fabric WIth Jacquard Border
Blouse Work:- Jacquard With Jari Lining With Print 
Blouse Length : 1 Meter 
 
   ??Dupatta??
Dupatta Fabric:- Heavy Lichi Fabric WIth Jacquard Border
Dupatta Size:- 2.40 Meter
Dupatta Work:- Jacquard With Jari Lining With Print

Package Contain : Lehenga, Blouse, Dupatta 

Weight : 0.700 KG

??Real quality doesn’t need to shout – it shows??","images/QMcNooIw_0.webp|images/QMcNooIw_1.webp|images/QMcNooIw_2.webp|images/QMcNooIw_3.webp|images/QMcNooIw_4.webp","LEHENGA CHOLI","Fabric 1=DOLA SILK|Package Contents=1 Lehanga 1 Blouse 1 Dupatta (3 pc)|Wash Care=Dry Clean Only, Do Not Bleach|Product Weight=0.75|Colour Code=WINE|Size=FREE SIZE UPTO 44|Country=India|Work=Heavy Lichi Fabric WIth Jacquard Border|Occasions=Festival, Party, Traditional, Wedding, Dulhan Lehenga , Bridal Lehenga, Marriage Special, Party Wear, Lehenga|Brand=Zari Lane|Ideal for=Women|Blouse=Unstitched|Blouse Length=0.80 Mtr|Lehnga Length=42 Mtr|Lehnga Flair=3 Mtr|Dupatta Length=2.4 Mtr"
"Yellow With Presenting a perfectly blended Tussar silk lehenga for festive season to charm your look","Lehenga Choli","YELLOW","1599","2999","FREE SIZE:50","??Royal threads. Modern souls. Presenting our latest lehenga collection??

  ??Lehenga (Stitched) ??
Lehenga Fabric:- Heavy Lichi Fabric WIth Jacquard Border
Lehenga Work:- Jacquard With Jari Lining With Print 
Lehenga Inner:- Micro Cotton
Lehenga Flair:- 3 Meter
Lehenga Size:- upto 44 
Lehenga Stitch Type:– Stitched (Standard Canvas Attached)

  ??Blouse Unstitched??
Blouse Fabric:- Heavy Lichi Fabric WIth Jacquard Border
Blouse Work:- Jacquard With Jari Lining With Print 
Blouse Length : 1 Meter 
 
   ??Dupatta??
Dupatta Fabric:- Heavy Lichi Fabric WIth Jacquard Border
Dupatta Size:- 2.40 Meter
Dupatta Work:- Jacquard With Jari Lining With Print

Package Contain : Lehenga, Blouse, Dupatta 

Weight : 0.700 KG

??Real quality doesn’t need to shout – it shows??","images/3GyhGG1Q_0.webp|images/3GyhGG1Q_1.webp|images/3GyhGG1Q_2.webp|images/3GyhGG1Q_3.webp|images/3GyhGG1Q_4.webp","LEHENGA CHOLI","Fabric 1=DOLA SILK|Package Contents=1 Lehanga 1 Blouse 1 Dupatta (3 pc)|Wash Care=Dry Clean Only, Do Not Bleach|Product Weight=0.75|Colour Code=YELLOW|Size=FREE SIZE UPTO 44|Country=India|Work=Heavy Lichi Fabric WIth Jacquard Border|Occasions=Festival, Party, Traditional, Wedding, Dulhan Lehenga , Bridal Lehenga, Marriage Special, Party Wear, Lehenga|Brand=Zari Lane|Ideal for=Women|Blouse=Unstitched|Blouse Length=0.80 Mtr|Lehnga Length=42 Mtr|Lehnga Flair=3 Mtr|Dupatta Length=2.4 Mtr"
"Wine With Heavy Lichi Fabric With Jacquard Border Jari Lining With Print","Other","WINE","1599","2999","FREE SIZE:50","??Royal threads. Modern souls. Presenting our latest lehenga collection??

  ??Lehenga (Stitched) ??
Lehenga Fabric:- Heavy Lichi Fabric WIth Jacquard Border
Lehenga Work:- Jacquard With Jari Lining With Print 
Lehenga Inner:- Micro Cotton
Lehenga Flair:- 3 Meter
Lehenga Size:- upto 44 
Lehenga Stitch Type:– Stitched (Standard Canvas Attached)

  ??Blouse Unstitched??
Blouse Fabric:- Heavy Lichi Fabric WIth Jacquard Border
Blouse Work:- Jacquard With Jari Lining With Print 
Blouse Length : 1 Meter 
 
   ??Dupatta??
Dupatta Fabric:- Heavy Lichi Fabric WIth Jacquard Border
Dupatta Size:- 2.40 Meter
Dupatta Work:- Jacquard With Jari Lining With Print

Package Contain : Lehenga, Blouse, Dupatta 

Weight : 0.700 KG

??Real quality doesn’t need to shout – it shows??","images/QjYdMtq8_0.webp|images/QjYdMtq8_1.webp|images/QjYdMtq8_2.webp|images/QjYdMtq8_3.webp|images/QjYdMtq8_4.webp","LEHENGA CHOLI","Fabric 1=DOLA SILK|Package Contents=1 Lehanga 1 Blouse 1 Dupatta (3 pc)|Wash Care=Dry Clean Only, Do Not Bleach|Product Weight=0.75|Colour Code=WINE|Size=FREE SIZE UPTO 44|Country=India|Work=Heavy Lichi Fabric WIth Jacquard Border|Occasions=Festival, Party, Traditional, Wedding, Dulhan Lehenga , Bridal Lehenga, Marriage Special, Party Wear, Lehenga|Brand=Zari Lane|Ideal for=Women|Blouse=Unstitched|Blouse Length=0.80 Mtr|Lehnga Length=42 Mtr|Lehnga Flair=3 Mtr|Dupatta Length=2.4 Mtr"
"Pink With Presenting a perfectly blended Tussar silk lehenga for festive season to charm your look","Lehenga Choli","PINK","1599","2999","FREE SIZE:50","??Royal threads. Modern souls. Presenting our latest lehenga collection??

  ??Lehenga (Stitched) ??
Lehenga Fabric:- Heavy Lichi Fabric WIth Jacquard Border
Lehenga Work:- Jacquard With Jari Lining With Print 
Lehenga Inner:- Micro Cotton
Lehenga Flair:- 3 Meter
Lehenga Size:- upto 44 
Lehenga Stitch Type:– Stitched (Standard Canvas Attached)

  ??Blouse Unstitched??
Blouse Fabric:- Heavy Lichi Fabric WIth Jacquard Border
Blouse Work:- Jacquard With Jari Lining With Print 
Blouse Length : 1 Meter 
 
   ??Dupatta??
Dupatta Fabric:- Heavy Lichi Fabric WIth Jacquard Border
Dupatta Size:- 2.40 Meter
Dupatta Work:- Jacquard With Jari Lining With Print

Package Contain : Lehenga, Blouse, Dupatta 

Weight : 0.700 KG

??Real quality doesn’t need to shout – it shows??","images/le0NaBZ8_0.webp|images/le0NaBZ8_1.webp|images/le0NaBZ8_2.webp|images/le0NaBZ8_3.webp|images/le0NaBZ8_4.webp","LEHENGA CHOLI","Fabric 1=DOLA SILK|Package Contents=1 Lehanga 1 Blouse 1 Dupatta (3 pc)|Wash Care=Dry Clean Only, Do Not Bleach|Product Weight=0.75|Colour Code=PINK|Size=FREE SIZE UPTO 44|Country=India|Work=Heavy Lichi Fabric WIth Jacquard Border|Occasions=Festival, Party, Traditional, Wedding, Dulhan Lehenga , Bridal Lehenga, Marriage Special, Party Wear, Lehenga|Brand=Zari Lane|Ideal for=Women|Blouse=Unstitched|Blouse Length=0.80 Mtr|Lehnga Length=42 Mtr|Lehnga Flair=3 Mtr|Dupatta Length=2.4 Mtr"
"Pink With Presenting a perfectly blended Tussar silk lehenga for festive season to charm your look","Lehenga Choli","PINK","1599","2999","FREE SIZE:50","??Royal threads. Modern souls. Presenting our latest lehenga collection??

  ??Lehenga (Stitched) ??
Lehenga Fabric:- Heavy Lichi Fabric WIth Jacquard Border
Lehenga Work:- Jacquard With Jari Lining With Print 
Lehenga Inner:- Micro Cotton
Lehenga Flair:- 3 Meter
Lehenga Size:- upto 44 
Lehenga Stitch Type:– Stitched (Standard Canvas Attached)

  ??Blouse Unstitched??
Blouse Fabric:- Heavy Lichi Fabric WIth Jacquard Border
Blouse Work:- Jacquard With Jari Lining With Print 
Blouse Length : 1 Meter 
 
   ??Dupatta??
Dupatta Fabric:- Heavy Lichi Fabric WIth Jacquard Border
Dupatta Size:- 2.40 Meter
Dupatta Work:- Jacquard With Jari Lining With Print

Package Contain : Lehenga, Blouse, Dupatta 

Weight : 0.700 KG

??Real quality doesn’t need to shout – it shows??","images/uDlDJdVo_0.webp|images/uDlDJdVo_1.webp|images/uDlDJdVo_2.webp|images/uDlDJdVo_3.webp|images/uDlDJdVo_4.webp|images/uDlDJdVo_5.webp","LEHENGA CHOLI","Fabric 1=DOLA SILK|Package Contents=1 Lehanga 1 Blouse 1 Dupatta (3 pc)|Wash Care=Dry Clean Only, Do Not Bleach|Product Weight=0.75|Colour Code=PINK|Size=FREE SIZE UPTO 44|Country=India|Work=Heavy Lichi Fabric WIth Jacquard Border|Occasions=Festival, Party, Traditional, Wedding, Dulhan Lehenga , Bridal Lehenga, Marriage Special, Party Wear, Lehenga|Brand=Zari Lane|Ideal for=Women|Blouse=Unstitched|Blouse Length=0.80 Mtr|Lehnga Length=42 Mtr|Lehnga Flair=3 Mtr|Dupatta Length=2.4 Mtr"
"Pure Soft Fox Georgette Most Trendy Padding Fabric Fully Flair Lehenga,With Duppta Set","Lehenga Choli","RED","1899","2299","FREE SIZE:50","*LEHENGHA STITCH*:FREE SIZE FULLY STTICHED WITH ATTACHED CANVAS PATTA 
UPTO 44 INCH WAIST

*LEHENGHA FABRIC*:PURE SOFT FOX GEORGETTE BLOOMING

*LEHENGHA INNER*:MICRO COTTON FULL INNER

*LEHENGHA FLAIR*: 6 MTR 

*LEHENGHA LENGTH*:42 43 approx 

*BLOUSE FABRICS*:*PURE SOFT FOX GEORGETTE BLOOMING 9 NEEDLE EMBROIDERY THREAD SEQUENCE AND DORI JARI WORK,SLEEV PLAIN FABRIC ATTACHED INSIDE* 

*DUPPTA TYPE*:NECK BELT TYPE DUPPTA PURE SOFT FOX BLOOMING GEORGETTE 

*WEIGHT* 1 kg","images/fJ6WZs9__0.webp|images/fJ6WZs9__1.webp|images/fJ6WZs9__2.webp|images/fJ6WZs9__3.webp|images/fJ6WZs9__4.webp|images/fJ6WZs9__5.webp|images/fJ6WZs9__6.webp|images/fJ6WZs9__7.webp","LEHENGA CHOLI","Fabric 1=FOX GEORGETTE BLOOMING|Package Contents=LEHENGA FULL STITCH, BLOUSE UNSTITCH, DUPPATTA READY|Wash Care=Dry Clean Only, Do Not Bleach|Product Weight=0.75|Colour Code=RED|Size=FREE SIZE UPTO 44|Country=India|Occasions=Festival, Party, Traditional, Wedding, Dulhan Lehenga , Bridal Lehenga, Marriage Special, Party Wear, Lehenga|Brand=Zari Lane|Ideal for=Women|Blouse=Unstitched|Blouse Length=0.80 Mtr|Lehnga Length=42 Mtr|Lehnga Flair=3 Mtr|Dupatta Length=2.4 Mtr|Product Type=LEHENGA, CHOLI, DUPPATTA|Standard Size=FREE SIZE UPTO 44"
"Yellow With Heavy Lichi Fabric With Jacquard Border Jari Lining With Print","Other","YELLOW","1599","2999","FREE SIZE:50","??Royal threads. Modern souls. Presenting our latest lehenga collection??

  ??Lehenga (Stitched) ??
Lehenga Fabric:- Heavy Lichi Fabric WIth Jacquard Border
Lehenga Work:- Jacquard With Jari Lining With Print 
Lehenga Inner:- Micro Cotton
Lehenga Flair:- 3 Meter
Lehenga Size:- upto 44 
Lehenga Stitch Type:– Stitched (Standard Canvas Attached)

  ??Blouse Unstitched??
Blouse Fabric:- Heavy Lichi Fabric WIth Jacquard Border
Blouse Work:- Jacquard With Jari Lining With Print 
Blouse Length : 1 Meter 
 
   ??Dupatta??
Dupatta Fabric:- Heavy Lichi Fabric WIth Jacquard Border
Dupatta Size:- 2.40 Meter
Dupatta Work:- Jacquard With Jari Lining With Print

Package Contain : Lehenga, Blouse, Dupatta 

Weight : 0.700 KG

??Real quality doesn’t need to shout – it shows??","images/WSmfPRtt_0.webp|images/WSmfPRtt_1.webp|images/WSmfPRtt_2.webp|images/WSmfPRtt_3.webp|images/WSmfPRtt_4.webp|images/WSmfPRtt_5.webp","LEHENGA CHOLI","Fabric 1=DOLA SILK|Package Contents=1 Lehanga 1 Blouse 1 Dupatta (3 pc)|Wash Care=Dry Clean Only, Do Not Bleach|Product Weight=0.75|Colour Code=YELLOW|Size=FREE SIZE UPTO 44|Country=India|Work=Heavy Lichi Fabric WIth Jacquard Border|Occasions=Festival, Party, Traditional, Wedding, Dulhan Lehenga , Bridal Lehenga, Marriage Special, Party Wear, Lehenga|Brand=Zari Lane|Ideal for=Women|Blouse=Unstitched|Blouse Length=0.80 Mtr|Lehnga Length=42 Mtr|Lehnga Flair=3 Mtr|Dupatta Length=2.4 Mtr"
"Blue With Heavy Lichi Fabric With Jacquard Border Jari Lining With Print","Other","BLUE","1599","2999","FREE SIZE:50","??Royal threads. Modern souls. Presenting our latest lehenga collection??

  ??Lehenga (Stitched) ??
Lehenga Fabric:- Heavy Lichi Fabric WIth Jacquard Border
Lehenga Work:- Jacquard With Jari Lining With Print 
Lehenga Inner:- Micro Cotton
Lehenga Flair:- 3 Meter
Lehenga Size:- upto 44 
Lehenga Stitch Type:– Stitched (Standard Canvas Attached)

  ??Blouse Unstitched??
Blouse Fabric:- Heavy Lichi Fabric WIth Jacquard Border
Blouse Work:- Jacquard With Jari Lining With Print 
Blouse Length : 1 Meter 
 
   ??Dupatta??
Dupatta Fabric:- Heavy Lichi Fabric WIth Jacquard Border
Dupatta Size:- 2.40 Meter
Dupatta Work:- Jacquard With Jari Lining With Print

Package Contain : Lehenga, Blouse, Dupatta 

Weight : 0.700 KG

??Real quality doesn’t need to shout – it shows??","images/SAkmMjkW_0.webp|images/SAkmMjkW_1.webp|images/SAkmMjkW_2.webp|images/SAkmMjkW_3.webp|images/SAkmMjkW_4.webp|images/SAkmMjkW_5.webp","LEHENGA CHOLI","Fabric 1=DOLA SILK|Package Contents=1 Lehanga 1 Blouse 1 Dupatta (3 pc)|Wash Care=Dry Clean Only, Do Not Bleach|Product Weight=0.75|Colour Code=BLUE|Size=FREE SIZE UPTO 44|Country=India|Work=Heavy Lichi Fabric WIth Jacquard Border|Occasions=Festival, Party, Traditional, Wedding, Dulhan Lehenga , Bridal Lehenga, Marriage Special, Party Wear, Lehenga|Brand=Zari Lane|Ideal for=Women|Blouse=Unstitched|Blouse Length=0.80 Mtr|Lehnga Length=42 Mtr|Lehnga Flair=3 Mtr|Dupatta Length=2.4 Mtr"
"Green With Heavy Lichi Fabric With Jacquard Border Jari Lining With Print","Other","GREEN","1599","2999","FREE SIZE:50","??Royal threads. Modern souls. Presenting our latest lehenga collection??

  ??Lehenga (Stitched) ??
Lehenga Fabric:- Heavy Lichi Fabric WIth Jacquard Border
Lehenga Work:- Jacquard With Jari Lining With Print 
Lehenga Inner:- Micro Cotton
Lehenga Flair:- 3 Meter
Lehenga Size:- upto 44 
Lehenga Stitch Type:– Stitched (Standard Canvas Attached)

  ??Blouse Unstitched??
Blouse Fabric:- Heavy Lichi Fabric WIth Jacquard Border
Blouse Work:- Jacquard With Jari Lining With Print 
Blouse Length : 1 Meter 
 
   ??Dupatta??
Dupatta Fabric:- Heavy Lichi Fabric WIth Jacquard Border
Dupatta Size:- 2.40 Meter
Dupatta Work:- Jacquard With Jari Lining With Print

Package Contain : Lehenga, Blouse, Dupatta 

Weight : 0.700 KG

??Real quality doesn’t need to shout – it shows??","images/FjP2o7ha_0.webp|images/FjP2o7ha_1.webp|images/FjP2o7ha_2.webp|images/FjP2o7ha_3.webp|images/FjP2o7ha_4.webp|images/FjP2o7ha_5.webp","LEHENGA CHOLI","Fabric 1=DOLA SILK|Package Contents=1 Lehanga 1 Blouse 1 Dupatta (3 pc)|Wash Care=Dry Clean Only, Do Not Bleach|Product Weight=0.75|Colour Code=GREEN|Size=FREE SIZE UPTO 44|Country=India|Work=Heavy Lichi Fabric WIth Jacquard Border|Occasions=Festival, Party, Traditional, Wedding, Dulhan Lehenga , Bridal Lehenga, Marriage Special, Party Wear, Lehenga|Brand=Zari Lane|Ideal for=Women|Blouse=Unstitched|Blouse Length=0.80 Mtr|Lehnga Length=42 Mtr|Lehnga Flair=3 Mtr|Dupatta Length=2.4 Mtr"
"Pure Soft Fox Georgette Most Trendy Padding Fabric Fully Flair Lehenga,With Duppta Set","Lehenga Choli","YELLOW","1899","3599","FREE SIZE:50","*LEHENGHA STITCH*:FREE SIZE FULLY STTICHED WITH ATTACHED CANVAS PATTA 
UPTO 44 INCH WAIST

*LEHENGHA FABRIC*:PURE SOFT FOX GEORGETTE BLOOMING

*LEHENGHA INNER*:MICRO COTTON FULL INNER

*LEHENGHA FLAIR*: 6 MTR 

*LEHENGHA LENGTH*:42 43 approx 

*BLOUSE FABRICS*:*PURE SOFT FOX GEORGETTE BLOOMING 9 NEEDLE EMBROIDERY THREAD SEQUENCE AND DORI JARI WORK,SLEEV PLAIN FABRIC ATTACHED INSIDE* 

*DUPPTA TYPE*:NECK BELT TYPE DUPPTA PURE SOFT FOX BLOOMING GEORGETTE 

*WEIGHT* 1 kg","images/0V7YZZzG_0.webp|images/0V7YZZzG_1.webp|images/0V7YZZzG_2.webp|images/0V7YZZzG_3.webp|images/0V7YZZzG_4.webp|images/0V7YZZzG_5.webp|images/0V7YZZzG_6.webp|images/0V7YZZzG_7.webp|images/0V7YZZzG_8.webp","LEHENGA CHOLI","Fabric 1=FOX GEORGETTE BLOOMING|Package Contents=LEHENGA FULL STITCH, BLOUSE UNSTITCH, DUPPATTA READY|Wash Care=Dry Clean Only, Do Not Bleach|Product Weight=0.75|Colour Code=YELLOW|Country=India|Occasions=Festival, Party, Traditional, Wedding, Dulhan Lehenga , Bridal Lehenga, Marriage Special, Party Wear, Lehenga|Brand=Zari Lane|Ideal for=Women|Blouse=Unstitched|Blouse Length=0.80 Mtr|Lehnga Length=42 Mtr|Lehnga Flair=3 Mtr|Dupatta Length=2.4 Mtr|Product Type=LEHENGA, CHOLI, DUPPATTA|Standard Size=FREE SIZE UPTO 44|Blouse Work Type=HEAVY EMBROIDERY WORK"
"Red With Presenting a perfectly blended Tussar silk lehenga for festive season to charm your look","Lehenga Choli","RED","1599","2999","FREE SIZE:50","??Royal threads. Modern souls. Presenting our latest lehenga collection??

  ??Lehenga (Stitched) ??
Lehenga Fabric:- Heavy Lichi Fabric WIth Jacquard Border
Lehenga Work:- Jacquard With Jari Lining With Print 
Lehenga Inner:- Micro Cotton
Lehenga Flair:- 3 Meter
Lehenga Size:- upto 44 
Lehenga Stitch Type:– Stitched (Standard Canvas Attached)

  ??Blouse Unstitched??
Blouse Fabric:- Heavy Lichi Fabric WIth Jacquard Border
Blouse Work:- Jacquard With Jari Lining With Print 
Blouse Length : 1 Meter 
 
   ??Dupatta??
Dupatta Fabric:- Heavy Lichi Fabric WIth Jacquard Border
Dupatta Size:- 2.40 Meter
Dupatta Work:- Jacquard With Jari Lining With Print

Package Contain : Lehenga, Blouse, Dupatta 

Weight : 0.700 KG

??Real quality doesn’t need to shout – it shows??","images/VGEKTGaQ_0.webp|images/VGEKTGaQ_1.webp|images/VGEKTGaQ_2.webp|images/VGEKTGaQ_3.webp|images/VGEKTGaQ_4.webp","LEHENGA CHOLI","Fabric 1=DOLA SILK|Package Contents=1 Lehanga 1 Blouse 1 Dupatta (3 pc)|Wash Care=Dry Clean Only, Do Not Bleach|Product Weight=0.75|Colour Code=RED|Size=FREE SIZE UPTO 44|Country=India|Work=Heavy Lichi Fabric WIth Jacquard Border|Occasions=Festival, Party, Traditional, Wedding, Dulhan Lehenga , Bridal Lehenga, Marriage Special, Party Wear, Lehenga|Brand=Zari Lane|Ideal for=Women|Blouse=Unstitched|Blouse Length=0.80 Mtr|Lehnga Length=42 Mtr|Lehnga Flair=3 Mtr|Dupatta Length=2.4 Mtr"
"Yellow With Heavy Lichi Fabric With Jacquard Border Jari Lining With Print","Other","YELLOW","1599","2999","FREE SIZE:50","??Royal threads. Modern souls. Presenting our latest lehenga collection??

  ??Lehenga (Stitched) ??
Lehenga Fabric:- Heavy Lichi Fabric WIth Jacquard Border
Lehenga Work:- Jacquard With Jari Lining With Print 
Lehenga Inner:- Micro Cotton
Lehenga Flair:- 3 Meter
Lehenga Size:- upto 44 
Lehenga Stitch Type:– Stitched (Standard Canvas Attached)

  ??Blouse Unstitched??
Blouse Fabric:- Heavy Lichi Fabric WIth Jacquard Border
Blouse Work:- Jacquard With Jari Lining With Print 
Blouse Length : 1 Meter 
 
   ??Dupatta??
Dupatta Fabric:- Heavy Lichi Fabric WIth Jacquard Border
Dupatta Size:- 2.40 Meter
Dupatta Work:- Jacquard With Jari Lining With Print

Package Contain : Lehenga, Blouse, Dupatta 

Weight : 0.700 KG

??Real quality doesn’t need to shout – it shows??","images/GBkSsyjX_0.webp|images/GBkSsyjX_1.webp|images/GBkSsyjX_2.webp|images/GBkSsyjX_3.webp|images/GBkSsyjX_4.webp|images/GBkSsyjX_5.webp","LEHENGA CHOLI","Fabric 1=DOLA SILK|Package Contents=1 Lehanga 1 Blouse 1 Dupatta (3 pc)|Wash Care=Dry Clean Only, Do Not Bleach|Product Weight=0.75|Colour Code=YELLOW|Size=FREE SIZE UPTO 44|Country=India|Work=Heavy Lichi Fabric WIth Jacquard Border|Occasions=Festival, Party, Traditional, Wedding, Dulhan Lehenga , Bridal Lehenga, Marriage Special, Party Wear, Lehenga|Brand=Zari Lane|Ideal for=Women|Blouse=Unstitched|Blouse Length=0.80 Mtr|Lehnga Length=42 Mtr|Lehnga Flair=3 Mtr|Dupatta Length=2.4 Mtr"
"Perfectly blended Tussar silk lehenga for festive season to charm your look","Lehenga Choli","RAMA","1499","4599","FREE SIZE:50","Elevate your ethnic wardrobe with our exquisite Lehenga Choli collection, curated to perfection for the modern Indian woman. Crafted with luxurious fabrics and adorned with intricate embroidery, each ensemble exudes timeless elegance and grace. From vibrant hues to subtle pastels, our range offers a diverse selection to suit every taste and occasion. Whether it's a wedding celebration, festive gala, or cultural event, our Lehenga Cholis are designed to make you feel confident and captivating. Discover the epitome of traditional charm and contemporary flair with our handpicked designs. Shop now and indulge in the allure of Lehenga Choli couture.","images/Xxe-FauP_0.webp|images/Xxe-FauP_1.webp|images/Xxe-FauP_2.webp|images/Xxe-FauP_3.webp|images/Xxe-FauP_4.webp","LEHENGA CHOLI","Fabric 1=DOLA SILK|Package Contents=1 Lehanga 1 Blouse 1 Dupatta (3 pc)|Wash Care=Dry Clean Only, Do Not Bleach|Product Weight=0.75|Colour Code=RAMA|Country=India|Work=Lehenga Work : Patola Print With Foil Work|Occasions=Festival, Party, Traditional, Wedding, Dulhan Lehenga , Bridal Lehenga, Marriage Special, Party Wear, Lehenga|Brand=Zari Lane|Ideal for=Women|Blouse=Unstitched|Blouse Length=0.80 Mtr|Lehnga Length=42 Mtr|Lehnga Flair=3 Mtr|Dupatta Length=2.4 Mtr"
"Pink With Heavy Lichi Fabric With Jacquard Border Jari Lining With Print","Other","PINK","1599","2999","FREE SIZE:50","??Royal threads. Modern souls. Presenting our latest lehenga collection??

  ??Lehenga (Stitched) ??
Lehenga Fabric:- Heavy Lichi Fabric WIth Jacquard Border
Lehenga Work:- Jacquard With Jari Lining With Print 
Lehenga Inner:- Micro Cotton
Lehenga Flair:- 3 Meter
Lehenga Size:- upto 44 
Lehenga Stitch Type:– Stitched (Standard Canvas Attached)

  ??Blouse Unstitched??
Blouse Fabric:- Heavy Lichi Fabric WIth Jacquard Border
Blouse Work:- Jacquard With Jari Lining With Print 
Blouse Length : 1 Meter 
 
   ??Dupatta??
Dupatta Fabric:- Heavy Lichi Fabric WIth Jacquard Border
Dupatta Size:- 2.40 Meter
Dupatta Work:- Jacquard With Jari Lining With Print

Package Contain : Lehenga, Blouse, Dupatta 

Weight : 0.700 KG

??Real quality doesn’t need to shout – it shows??","images/3Y-NI91j_0.webp|images/3Y-NI91j_1.webp|images/3Y-NI91j_2.webp|images/3Y-NI91j_3.webp|images/3Y-NI91j_4.webp","LEHENGA CHOLI","Fabric 1=DOLA SILK|Package Contents=1 Lehanga 1 Blouse 1 Dupatta (3 pc)|Wash Care=Dry Clean Only, Do Not Bleach|Product Weight=0.75|Colour Code=PINK|Size=FREE SIZE UPTO 44|Country=India|Work=Heavy Lichi Fabric WIth Jacquard Border|Occasions=Festival, Party, Traditional, Wedding, Dulhan Lehenga , Bridal Lehenga, Marriage Special, Party Wear, Lehenga|Brand=Zari Lane|Ideal for=Women|Blouse=Unstitched|Blouse Length=0.80 Mtr|Lehnga Length=42 Mtr|Lehnga Flair=3 Mtr|Dupatta Length=2.4 Mtr|Secondary Color=BLUE"
"Blue With Heavy Lichi Fabric With Jacquard Border Jari Lining With Print","Other","BLUE","1599","2999","FREE SIZE:50","??Royal threads. Modern souls. Presenting our latest lehenga collection??

  ??Lehenga (Stitched) ??
Lehenga Fabric:- Heavy Lichi Fabric WIth Jacquard Border
Lehenga Work:- Jacquard With Jari Lining With Print 
Lehenga Inner:- Micro Cotton
Lehenga Flair:- 3 Meter
Lehenga Size:- upto 44 
Lehenga Stitch Type:– Stitched (Standard Canvas Attached)

  ??Blouse Unstitched??
Blouse Fabric:- Heavy Lichi Fabric WIth Jacquard Border
Blouse Work:- Jacquard With Jari Lining With Print 
Blouse Length : 1 Meter 
 
   ??Dupatta??
Dupatta Fabric:- Heavy Lichi Fabric WIth Jacquard Border
Dupatta Size:- 2.40 Meter
Dupatta Work:- Jacquard With Jari Lining With Print

Package Contain : Lehenga, Blouse, Dupatta 

Weight : 0.700 KG

??Real quality doesn’t need to shout – it shows??","images/rxAMunF8_0.webp|images/rxAMunF8_1.webp|images/rxAMunF8_2.webp|images/rxAMunF8_3.webp|images/rxAMunF8_4.webp","LEHENGA CHOLI","Fabric 1=DOLA SILK|Package Contents=1 Lehanga 1 Blouse 1 Dupatta (3 pc)|Wash Care=Dry Clean Only, Do Not Bleach|Product Weight=0.75|Colour Code=BLUE|Size=FREE SIZE UPTO 44|Country=India|Work=Heavy Lichi Fabric WIth Jacquard Border|Occasions=Festival, Party, Traditional, Wedding, Dulhan Lehenga , Bridal Lehenga, Marriage Special, Party Wear, Lehenga|Brand=Zari Lane|Ideal for=Women|Blouse=Unstitched|Blouse Length=0.80 Mtr|Lehnga Length=42 Mtr|Lehnga Flair=3 Mtr|Dupatta Length=2.4 Mtr"
"Blue With Heavy Lichi Fabric With Jacquard Border Jari Lining With Print","Other","BLUE","1599","2999","FREE SIZE:50","??Royal threads. Modern souls. Presenting our latest lehenga collection??

  ??Lehenga (Stitched) ??
Lehenga Fabric:- Heavy Lichi Fabric WIth Jacquard Border
Lehenga Work:- Jacquard With Jari Lining With Print 
Lehenga Inner:- Micro Cotton
Lehenga Flair:- 3 Meter
Lehenga Size:- upto 44 
Lehenga Stitch Type:– Stitched (Standard Canvas Attached)

  ??Blouse Unstitched??
Blouse Fabric:- Heavy Lichi Fabric WIth Jacquard Border
Blouse Work:- Jacquard With Jari Lining With Print 
Blouse Length : 1 Meter 
 
   ??Dupatta??
Dupatta Fabric:- Heavy Lichi Fabric WIth Jacquard Border
Dupatta Size:- 2.40 Meter
Dupatta Work:- Jacquard With Jari Lining With Print

Package Contain : Lehenga, Blouse, Dupatta 

Weight : 0.700 KG

??Real quality doesn’t need to shout – it shows??","images/BJsCX91w_0.webp|images/BJsCX91w_1.webp|images/BJsCX91w_2.webp|images/BJsCX91w_3.webp|images/BJsCX91w_4.webp","LEHENGA CHOLI","Fabric 1=DOLA SILK|Package Contents=1 Lehanga 1 Blouse 1 Dupatta (3 pc)|Wash Care=Dry Clean Only, Do Not Bleach|Product Weight=0.75|Colour Code=BLUE|Size=FREE SIZE UPTO 44|Country=India|Work=Heavy Lichi Fabric WIth Jacquard Border|Occasions=Festival, Party, Traditional, Wedding, Dulhan Lehenga , Bridal Lehenga, Marriage Special, Party Wear, Lehenga|Brand=Zari Lane|Ideal for=Women|Blouse=Unstitched|Blouse Length=0.80 Mtr|Lehnga Length=42 Mtr|Lehnga Flair=3 Mtr|Dupatta Length=2.4 Mtr"
"Yellow With Presenting a perfectly blended Tussar silk lehenga for festive season to charm your look","Lehenga Choli","YELLOW","1599","2999","FREE SIZE:50","??Royal threads. Modern souls. Presenting our latest lehenga collection??

  ??Lehenga (Stitched) ??
Lehenga Fabric:- Heavy Lichi Fabric WIth Jacquard Border
Lehenga Work:- Jacquard With Jari Lining With Print 
Lehenga Inner:- Micro Cotton
Lehenga Flair:- 3 Meter
Lehenga Size:- upto 44 
Lehenga Stitch Type:– Stitched (Standard Canvas Attached)

  ??Blouse Unstitched??
Blouse Fabric:- Heavy Lichi Fabric WIth Jacquard Border
Blouse Work:- Jacquard With Jari Lining With Print 
Blouse Length : 1 Meter 
 
   ??Dupatta??
Dupatta Fabric:- Heavy Lichi Fabric WIth Jacquard Border
Dupatta Size:- 2.40 Meter
Dupatta Work:- Jacquard With Jari Lining With Print

Package Contain : Lehenga, Blouse, Dupatta 

Weight : 0.700 KG

??Real quality doesn’t need to shout – it shows??","images/bTUbEgEs_0.webp|images/bTUbEgEs_1.webp|images/bTUbEgEs_2.webp|images/bTUbEgEs_3.webp|images/bTUbEgEs_4.webp","LEHENGA CHOLI","Fabric 1=DOLA SILK|Package Contents=1 Lehanga 1 Blouse 1 Dupatta (3 pc)|Wash Care=Dry Clean Only, Do Not Bleach|Product Weight=0.75|Colour Code=YELLOW|Size=FREE SIZE UPTO 44|Country=India|Work=Heavy Lichi Fabric WIth Jacquard Border|Occasions=Festival, Party, Traditional, Wedding, Dulhan Lehenga , Bridal Lehenga, Marriage Special, Party Wear, Lehenga|Brand=Zari Lane|Ideal for=Women|Blouse=Unstitched|Blouse Length=0.80 Mtr|Lehnga Length=42 Mtr|Lehnga Flair=3 Mtr|Dupatta Length=2.4 Mtr"
"Wine With Presenting a perfectly blended Tussar silk lehenga for festive season to charm your look","Lehenga Choli","RED","1599","2999","FREE SIZE:50","??Royal threads. Modern souls. Presenting our latest lehenga collection??

  ??Lehenga (Stitched) ??
Lehenga Fabric:- Heavy Lichi Fabric WIth Jacquard Border
Lehenga Work:- Jacquard With Jari Lining With Print 
Lehenga Inner:- Micro Cotton
Lehenga Flair:- 3 Meter
Lehenga Size:- upto 44 
Lehenga Stitch Type:– Stitched (Standard Canvas Attached)

  ??Blouse Unstitched??
Blouse Fabric:- Heavy Lichi Fabric WIth Jacquard Border
Blouse Work:- Jacquard With Jari Lining With Print 
Blouse Length : 1 Meter 
 
   ??Dupatta??
Dupatta Fabric:- Heavy Lichi Fabric WIth Jacquard Border
Dupatta Size:- 2.40 Meter
Dupatta Work:- Jacquard With Jari Lining With Print

Package Contain : Lehenga, Blouse, Dupatta 

Weight : 0.700 KG

??Real quality doesn’t need to shout – it shows??","images/aXEg_HHL_0.webp|images/aXEg_HHL_1.webp|images/aXEg_HHL_2.webp|images/aXEg_HHL_3.webp|images/aXEg_HHL_4.webp","LEHENGA CHOLI","Fabric 1=DOLA SILK|Package Contents=1 Lehanga 1 Blouse 1 Dupatta (3 pc)|Wash Care=Dry Clean Only, Do Not Bleach|Product Weight=0.75|Colour Code=WINE|Size=FREE SIZE UPTO 44|Country=India|Work=Heavy Lichi Fabric WIth Jacquard Border|Occasions=Festival, Party, Traditional, Wedding, Dulhan Lehenga , Bridal Lehenga, Marriage Special, Party Wear, Lehenga|Brand=Zari Lane|Ideal for=Women|Blouse=Unstitched|Blouse Length=0.80 Mtr|Lehnga Length=42 Mtr|Lehnga Flair=3 Mtr|Dupatta Length=2.4 Mtr"
"Tussar Silk Patola Print Trendy Lehenga Choli in Red","Lehenga Choli","RED","1399","4599","FREE SIZE:50","Elevate your ethnic wardrobe with our exquisite Lehenga Choli collection, curated to perfection for the modern Indian woman. Crafted with luxurious fabrics and adorned with intricate embroidery, each ensemble exudes timeless elegance and grace. From vibrant hues to subtle pastels, our range offers a diverse selection to suit every taste and occasion. Whether it's a wedding celebration, festive gala, or cultural event, our Lehenga Cholis are designed to make you feel confident and captivating. Discover the epitome of traditional charm and contemporary flair with our handpicked designs. Shop now and indulge in the allure of Lehenga Choli couture.","images/0-6KGSA__0.webp|images/0-6KGSA__1.webp|images/0-6KGSA__2.webp","LEHENGA CHOLI","Fabric 1=DOLA SILK|Package Contents=1 Lehanga 1 Blouse 1 Dupatta (3 pc)|Wash Care=Dry Clean Only, Do Not Bleach|Product Weight=0.75|Colour Code=LUVENDER|Size=FREE SIZE UPTO 44|Country=India|Work=Lehenga Work : Patola Print With Foil Work|Occasions=Festival, Party, Traditional, Wedding, Dulhan Lehenga , Bridal Lehenga, Marriage Special, Party Wear, Lehenga|Brand=Zari Lane|Ideal for=Women|Blouse=Unstitched|Blouse Length=0.80 Mtr|Lehnga Length=42 Mtr|Lehnga Flair=3 Mtr|Dupatta Length=2.4 Mtr"
"Tussar Silk Patola Print Trendy Lehenga Choli in Firozi","Lehenga Choli","PURPLE","1399","4599","FREE SIZE:50","Elevate your ethnic wardrobe with our exquisite Lehenga Choli collection, curated to perfection for the modern Indian woman. Crafted with luxurious fabrics and adorned with intricate embroidery, each ensemble exudes timeless elegance and grace. From vibrant hues to subtle pastels, our range offers a diverse selection to suit every taste and occasion. Whether it's a wedding celebration, festive gala, or cultural event, our Lehenga Cholis are designed to make you feel confident and captivating. Discover the epitome of traditional charm and contemporary flair with our handpicked designs. Shop now and indulge in the allure of Lehenga Choli couture.","images/HEsPA6ZW_0.webp|images/HEsPA6ZW_1.webp|images/HEsPA6ZW_2.webp","LEHENGA CHOLI","Fabric 1=DOLA SILK|Package Contents=1 Lehanga 1 Blouse 1 Dupatta (3 pc)|Wash Care=Dry Clean Only, Do Not Bleach|Product Weight=0.75|Colour Code=PURPLE|Size=FREE SIZE UPTO 44|Country=India|Work=Lehenga Work : Patola Print With Foil Work|Occasions=Festival, Party, Traditional, Wedding, Dulhan Lehenga , Bridal Lehenga, Marriage Special, Party Wear, Lehenga|Brand=Zari Lane|Ideal for=Women|Blouse=Unstitched|Blouse Length=0.80 Mtr|Lehnga Length=42 Mtr|Lehnga Flair=3 Mtr|Dupatta Length=2.4 Mtr"
"Dola Silk Blue Patola Print Traditional Lehenga Choli (Flower N.Blue)","Lehenga Choli","N.BLUE","1299","4599","FREE SIZE:50","This Festive Session You Definitely Would Have Worn One Of Your Favourite Outfit. So We Have Curated A Collection Of Patola Print Traditional Lehanga Choli. 
Lehenga(Stitched)
Lehenga Fabric : Dola Silk 
Lehenga Work : Patola Print With Foil Work 
Waist : Supported Up To 42
Stitching : Stitched With Canvas And Attached With Can Can
Length : 41
Flair : 3.30 Meter 
Inner : Micro Cotton

Blouse(Unstitched)
Blouse Fabric : Dola Silk  
Blouse Work : Patola Print 
Blouse Length : 0.80 Meter

Dupatta
Dupatta Fabric : Dola Silk
Dupatta Work : Patola Print With Gotta Patti Lace Border Also Comes With Tassels 
Dupatta Length : 2.5 Meter

Package Contain : Lehenga, Blouse, Dupatta","images/kNCgds4m_0.webp|images/kNCgds4m_1.webp|images/kNCgds4m_2.webp","LEHENGA CHOLI","Fabric 1=DOLA SILK|Package Contents=1 Lehanga 1 Blouse 1 Dupatta (3 pc)|Wash Care=Dry Clean Only, Do Not Bleach|Product Weight=0.75|Colour Code=NAVY BLUE|Size=FREE SIZE UPTO 44|Country=India|Work=Lehenga Work : Patola Print With Foil Work|Occasions=Festival, Party, Traditional, Wedding, Dulhan Lehenga , Bridal Lehenga, Marriage Special, Party Wear, Lehenga|Brand=Zari Lane|Ideal for=Women|Blouse=Unstitched|Blouse Length=0.80 Mtr|Lehnga Length=42 Mtr|Lehnga Flair=3 Mtr|Dupatta Length=2.4 Mtr|Product Type=Lehenga Choli|Made In
=India|Ideal For
=Women|Inner=Micro Cotton| Lehenga Work=Patola Print With Foil Work|Dupatta Work=Potala Print with Gotta Patti Lace Border Also Comes with Tassels"
"Dola Silk Wine Patola Print Traditional Lehenga Choli (Flower Wine)","Lehenga Choli","WINE","1299","4599","FREE SIZE:50","This Festive Session You Definitely Would Have Worn One Of Your Favourite Outfit. So We Have Curated A Collection Of Patola Print Traditional Lehanga Choli. 
Lehenga(Stitched)
Lehenga Fabric : Dola Silk 
Lehenga Work : Patola Print With Foil Work 
Waist : Supported Up To 46
Lehenga Closer : Drawstring With Heavy Tassels And Zip
Stitching : Stitched With Canvas And Attached With Can Can
Length : 41
Flair : 3.80 Meter 
Inner : Micro Cotton

Blouse(Unstitched)
Blouse Fabric : Dola Silk  
Blouse Work : Patola Print 
Blouse Length : 0.80 Meter

Dupatta
Dupatta Fabric : Dola Silk
Dupatta Work : Patola Print With Gotta Patti Lace Border Also Comes With Tassels 
Dupatta Length : 2.5 Meter

Package Contain : Lehenga, Blouse, Dupatta","images/HWdp9IfK_0.webp|images/HWdp9IfK_1.webp|images/HWdp9IfK_2.webp","LEHENGA CHOLI","Fabric 1=DOLA SILK|Package Contents=1 Lehanga 1 Blouse 1 Dupatta (3 pc)|Wash Care=Dry Clean Only, Do Not Bleach|Product Weight=0.75|Colour Code=WINE|Size=FREE SIZE UPTO 44|Country=India|Work=Lehenga Work : Patola Print With Foil Work|Occasions=Festival, Party, Traditional, Wedding, Dulhan Lehenga , Bridal Lehenga, Marriage Special, Party Wear, Lehenga|Brand=Zari Lane|Ideal for=Women|Blouse=Unstitched|Blouse Length=0.80 Mtr|Lehnga Length=42 Mtr|Lehnga Flair=3 Mtr|Dupatta Length=2.4 Mtr|Product Type=Lehenga Choli|Made In
=India|Ideal For
=Women|Inner=Micro Cotton| Lehenga Work=Patola Print With Foil Work|Dupatta Work=Potala Print with Gotta Patti Lace Border Also Comes with Tassels"
"Green color tussar silk foil print lehenga choli","Lehenga Choli","GREEN","1299","4599","FREE SIZE:50","Elevate your ethnic wardrobe with our exquisite Lehenga Choli collection, curated to perfection for the modern Indian woman. Crafted with luxurious fabrics and adorned with intricate embroidery, each ensemble exudes timeless elegance and grace. From vibrant hues to subtle pastels, our range offers a diverse selection to suit every taste and occasion. Whether it's a wedding celebration, festive gala, or cultural event, our Lehenga Cholis are designed to make you feel confident and captivating. Discover the epitome of traditional charm and contemporary flair with our handpicked designs. Shop now and indulge in the allure of Lehenga Choli couture.","images/wlb57zT0_0.webp|images/wlb57zT0_1.webp|images/wlb57zT0_2.webp|images/wlb57zT0_3.webp|images/wlb57zT0_4.webp","LEHENGA CHOLI","Fabric 1=DOLA SILK|Package Contents=1 Lehanga 1 Blouse 1 Dupatta (3 pc)|Wash Care=Dry Clean Only, Do Not Bleach|Product Weight=0.75|Colour Code=GREEN|Size=FREE SIZE UPTO 44|Country=India|Work=Lehenga Work : Patola Print With Foil Work|Occasions=Festival, Party, Traditional, Wedding, Dulhan Lehenga , Bridal Lehenga, Marriage Special, Party Wear, Lehenga|Brand=Zari Lane|Ideal for=Women|Blouse=Unstitched|Blouse Length=0.80 Mtr|Lehnga Length=42 Mtr|Lehnga Flair=3 Mtr|Dupatta Length=2.4 Mtr"
"Tussar Silk Patola Print Trendy Lehenga Choli in Yellow","Lehenga Choli","YELLOW","1399","4599","FREE SIZE:50","Elevate your ethnic wardrobe with our exquisite Lehenga Choli collection, curated to perfection for the modern Indian woman. Crafted with luxurious fabrics and adorned with intricate embroidery, each ensemble exudes timeless elegance and grace. From vibrant hues to subtle pastels, our range offers a diverse selection to suit every taste and occasion. Whether it's a wedding celebration, festive gala, or cultural event, our Lehenga Cholis are designed to make you feel confident and captivating. Discover the epitome of traditional charm and contemporary flair with our handpicked designs. Shop now and indulge in the allure of Lehenga Choli couture.","images/3OfSL7Hm_0.webp|images/3OfSL7Hm_1.webp|images/3OfSL7Hm_2.webp","LEHENGA CHOLI","Fabric 1=DOLA SILK|Package Contents=1 Lehanga 1 Blouse 1 Dupatta (3 pc)|Wash Care=Dry Clean Only, Do Not Bleach|Product Weight=0.75|Colour Code=YELLOW|Size=FREE SIZE UPTO 44|Country=India|Work=Lehenga Work : Patola Print With Foil Work|Occasions=Festival, Party, Traditional, Wedding, Dulhan Lehenga , Bridal Lehenga, Marriage Special, Party Wear, Lehenga|Brand=Zari Lane|Ideal for=Women|Blouse=Unstitched|Blouse Length=0.80 Mtr|Lehnga Length=42 Mtr|Lehnga Flair=3 Mtr|Dupatta Length=2.4 Mtr"
"Navratri Special Navy Blue Color Patola Print Lehenga Choli","Lehenga Choli","NAVY BLUE","1299","4599","FREE SIZE:50","Elevate your ethnic wardrobe with our exquisite Lehenga Choli collection, curated to perfection for the modern Indian woman. Crafted with luxurious fabrics and adorned with intricate embroidery, each ensemble exudes timeless elegance and grace. From vibrant hues to subtle pastels, our range offers a diverse selection to suit every taste and occasion. Whether it's a wedding celebration, festive gala, or cultural event, our Lehenga Cholis are designed to make you feel confident and captivating. Discover the epitome of traditional charm and contemporary flair with our handpicked designs. Shop now and indulge in the allure of Lehenga Choli couture.","images/7FB_UPff_0.webp|images/7FB_UPff_1.webp|images/7FB_UPff_2.webp","LEHENGA CHOLI","Fabric 1=DOLA SILK|Package Contents=1 Lehanga 1 Blouse 1 Dupatta (3 pc)|Wash Care=Dry Clean Only, Do Not Bleach|Product Weight=0.75|Colour Code=NAVY BLUE|Size=FREE SIZE UPTO 44|Country=India|Work=Lehenga Work : Patola Print With Foil Work|Occasions=Festival, Party, Traditional, Wedding, Dulhan Lehenga , Bridal Lehenga, Marriage Special, Party Wear, Lehenga|Brand=Zari Lane|Ideal for=Women|Blouse=Unstitched|Blouse Length=0.80 Mtr|Lehnga Length=42 Mtr|Lehnga Flair=3 Mtr|Dupatta Length=2.4 Mtr"
"Perfectly blended Tussar silk lehenga for festive season to charm your look","Lehenga Choli","RED","1499","4599","FREE SIZE:50","Elevate your ethnic wardrobe with our exquisite Lehenga Choli collection, curated to perfection for the modern Indian woman. Crafted with luxurious fabrics and adorned with intricate embroidery, each ensemble exudes timeless elegance and grace. From vibrant hues to subtle pastels, our range offers a diverse selection to suit every taste and occasion. Whether it's a wedding celebration, festive gala, or cultural event, our Lehenga Cholis are designed to make you feel confident and captivating. Discover the epitome of traditional charm and contemporary flair with our handpicked designs. Shop now and indulge in the allure of Lehenga Choli couture.","images/eMq3KUNt_0.webp|images/eMq3KUNt_1.webp|images/eMq3KUNt_2.webp","LEHENGA CHOLI","Fabric 1=DOLA SILK|Package Contents=1 Lehanga 1 Blouse 1 Dupatta (3 pc)|Wash Care=Dry Clean Only, Do Not Bleach|Product Weight=0.75|Colour Code=RED|Country=India|Work=Lehenga Work : Patola Print With Foil Work|Occasions=Festival, Party, Traditional, Wedding, Dulhan Lehenga , Bridal Lehenga, Marriage Special, Party Wear, Lehenga|Brand=Zari Lane|Ideal for=Women|Blouse=Unstitched|Blouse Length=0.80 Mtr|Lehnga Length=42 Mtr|Lehnga Flair=3 Mtr|Dupatta Length=2.4 Mtr"
"Wine Dola Silk Patola Print Traditional Lehenga Choli","Lehenga Choli","WINE","1299","4599","FREE SIZE:50","Zari Lane's Patola Print Traditional Lehenga Choli strikes a perfect balance between timeless tradition and contemporary elegance. Whether attending a special occasion or celebrating India's cultural richness, this outfit is a fantastic choice. It's more than just clothing; it's a reflection of your refined fashion taste, allowing you to cherish the beauty of tradition while embracing modern style. In the Patola Print Traditional Lehenga Choli, you're not just wearing an outfit; you're showcasing a piece of India's cultural legacy and making a remarkable fashion statement.
 In the Patola Print Traditional Lehenga Choli, you're not just wearing an outfit; you're showcasing a piece of India's cultural legacy and making a remarkable fashion statement.""","images/gdSfYC5H_0.webp|images/gdSfYC5H_1.webp|images/gdSfYC5H_2.webp","LEHENGA CHOLI","Fabric 1=DOLA SILK|Package Contents=1 Lehanga 1 Blouse 1 Dupatta (3 pc)|Wash Care=Dry Clean Only, Do Not Bleach|Product Weight=0.75|Colour Code=PURPLE|Size=FREE SIZE UPTO 44|Country=India|Work=Lehenga Work : Patola Print With Foil Work|Occasions=Festival, Party, Traditional, Wedding, Dulhan Lehenga , Bridal Lehenga, Marriage Special, Party Wear, Lehenga|Brand=Zari Lane|Ideal for=Women|Blouse=Unstitched|Blouse Length=0.80 Mtr|Lehnga Length=42 Mtr|Lehnga Flair=3 Mtr|Dupatta Length=2.4 Mtr|Color=Purple"
"Pink With Heavy Lichi Fabric With Jacquard Border Jari Lining With Print","Other","PINK","1599","2999","FREE SIZE:50","??Royal threads. Modern souls. Presenting our latest lehenga collection??

  ??Lehenga (Stitched) ??
Lehenga Fabric:- Heavy Lichi Fabric WIth Jacquard Border
Lehenga Work:- Jacquard With Jari Lining With Print 
Lehenga Inner:- Micro Cotton
Lehenga Flair:- 3 Meter
Lehenga Size:- upto 44 
Lehenga Stitch Type:– Stitched (Standard Canvas Attached)

  ??Blouse Unstitched??
Blouse Fabric:- Heavy Lichi Fabric WIth Jacquard Border
Blouse Work:- Jacquard With Jari Lining With Print 
Blouse Length : 1 Meter 
 
   ??Dupatta??
Dupatta Fabric:- Heavy Lichi Fabric WIth Jacquard Border
Dupatta Size:- 2.40 Meter
Dupatta Work:- Jacquard With Jari Lining With Print

Package Contain : Lehenga, Blouse, Dupatta 

Weight : 0.700 KG

??Real quality doesn’t need to shout – it shows??","images/AmFMUDy7_0.webp|images/AmFMUDy7_1.webp|images/AmFMUDy7_2.webp","LEHENGA CHOLI","Fabric 1=DOLA SILK|Package Contents=1 Lehanga 1 Blouse 1 Dupatta (3 pc)|Wash Care=Dry Clean Only, Do Not Bleach|Product Weight=0.75|Colour Code=PINK|Size=FREE SIZE UPTO 44|Country=India|Work=Heavy Lichi Fabric WIth Jacquard Border|Occasions=Festival, Party, Traditional, Wedding, Dulhan Lehenga , Bridal Lehenga, Marriage Special, Party Wear, Lehenga|Brand=Zari Lane|Ideal for=Women|Blouse=Unstitched|Blouse Length=0.80 Mtr|Lehnga Length=42 Mtr|Lehnga Flair=3 Mtr|Dupatta Length=2.4 Mtr"
"Navy Blue Dola Silk Patola Print Traditional Lehenga Choli","Lehenga Choli","NAVY BLUE","1299","4599","FREE SIZE:50","Zari Lane's Patola Print Traditional Lehenga Choli strikes a perfect balance between timeless tradition and contemporary elegance. Whether attending a special occasion or celebrating India's cultural richness, this outfit is a fantastic choice. It's more than just clothing; it's a reflection of your refined fashion taste, allowing you to cherish the beauty of tradition while embracing modern style. In the Patola Print Traditional Lehenga Choli, you're not just wearing an outfit; you're showcasing a piece of India's cultural legacy and making a remarkable fashion statement.
 In the Patola Print Traditional Lehenga Choli, you're not just wearing an outfit; you're showcasing a piece of India's cultural legacy and making a remarkable fashion statement.""","images/jxxVo4-f_0.webp|images/jxxVo4-f_1.webp|images/jxxVo4-f_2.webp","LEHENGA CHOLI","Fabric 1=DOLA SILK|Package Contents=1 Lehanga 1 Blouse 1 Dupatta (3 pc)|Wash Care=Dry Clean Only, Do Not Bleach|Product Weight=0.75|Colour Code=NAVY BLUE|Size=FREE SIZE UPTO 44|Country=India|Work=Lehenga Work : Patola Print With Foil Work|Occasions=Festival, Party, Traditional, Wedding, Dulhan Lehenga , Bridal Lehenga, Marriage Special, Party Wear, Lehenga|Brand=Zari Lane|Ideal for=Women|Blouse=Unstitched|Blouse Length=0.80 Mtr|Lehnga Length=42 Mtr|Lehnga Flair=3 Mtr|Dupatta Length=2.4 Mtr|Lehnga length=41Mtr"
"Traditional Wear Green Color Lehenga Choli With Pretty Dupatta","Lehenga Choli","GREEN","1299","4599","FREE SIZE:50","Elevate your ethnic wardrobe with our exquisite Lehenga Choli collection, curated to perfection for the modern Indian woman. Crafted with luxurious fabrics and adorned with intricate embroidery, each ensemble exudes timeless elegance and grace. From vibrant hues to subtle pastels, our range offers a diverse selection to suit every taste and occasion. Whether it's a wedding celebration, festive gala, or cultural event, our Lehenga Cholis are designed to make you feel confident and captivating. Discover the epitome of traditional charm and contemporary flair with our handpicked designs. Shop now and indulge in the allure of Lehenga Choli couture.","images/pyUROkxP_0.webp|images/pyUROkxP_1.webp|images/pyUROkxP_2.webp","LEHENGA CHOLI","Fabric 1=DOLA SILK|Package Contents=1 Lehanga 1 Blouse 1 Dupatta (3 pc)|Wash Care=Dry Clean Only, Do Not Bleach|Product Weight=0.75|Colour Code=GREEN|Size=FREE SIZE UPTO 44|Country=India|Work=Lehenga Work : Patola Print With Foil Work|Occasions=Festival, Party, Traditional, Wedding, Dulhan Lehenga , Bridal Lehenga, Marriage Special, Party Wear, Lehenga|Brand=Zari Lane|Ideal for=Women|Blouse=Unstitched|Blouse Length=0.80 Mtr|Lehnga Length=42 Mtr|Lehnga Flair=3 Mtr|Dupatta Length=2.4 Mtr"
"Tussar Silk Patola Print Trendy Lehenga Choli in Navy Blue","Lehenga Choli","NAVY BLUE","1399","4599","FREE SIZE:50","Elevate your ethnic wardrobe with our exquisite Lehenga Choli collection, curated to perfection for the modern Indian woman. Crafted with luxurious fabrics and adorned with intricate embroidery, each ensemble exudes timeless elegance and grace. From vibrant hues to subtle pastels, our range offers a diverse selection to suit every taste and occasion. Whether it's a wedding celebration, festive gala, or cultural event, our Lehenga Cholis are designed to make you feel confident and captivating. Discover the epitome of traditional charm and contemporary flair with our handpicked designs. Shop now and indulge in the allure of Lehenga Choli couture.","images/peLLoeJH_0.webp|images/peLLoeJH_1.webp|images/peLLoeJH_2.webp","LEHENGA CHOLI","Fabric 1=DOLA SILK|Package Contents=1 Lehanga 1 Blouse 1 Dupatta (3 pc)|Wash Care=Dry Clean Only, Do Not Bleach|Product Weight=0.75|Colour Code=NAVY BLUE|Size=FREE SIZE UPTO 44|Country=India|Work=Lehenga Work : Patola Print With Foil Work|Occasions=Festival, Party, Traditional, Wedding, Dulhan Lehenga , Bridal Lehenga, Marriage Special, Party Wear, Lehenga|Brand=Zari Lane|Ideal for=Women|Blouse=Unstitched|Blouse Length=0.80 Mtr|Lehnga Length=42 Mtr|Lehnga Flair=3 Mtr|Dupatta Length=2.4 Mtr"
"Green With Heavy Lichi Fabric With Jacquard Border Jari Lining With Print","Other","GREEN","1599","2999","FREE SIZE:50","??Royal threads. Modern souls. Presenting our latest lehenga collection??

  ??Lehenga (Stitched) ??
Lehenga Fabric:- Heavy Lichi Fabric WIth Jacquard Border
Lehenga Work:- Jacquard With Jari Lining With Print 
Lehenga Inner:- Micro Cotton
Lehenga Flair:- 3 Meter
Lehenga Size:- upto 44 
Lehenga Stitch Type:– Stitched (Standard Canvas Attached)

  ??Blouse Unstitched??
Blouse Fabric:- Heavy Lichi Fabric WIth Jacquard Border
Blouse Work:- Jacquard With Jari Lining With Print 
Blouse Length : 1 Meter 
 
   ??Dupatta??
Dupatta Fabric:- Heavy Lichi Fabric WIth Jacquard Border
Dupatta Size:- 2.40 Meter
Dupatta Work:- Jacquard With Jari Lining With Print

Package Contain : Lehenga, Blouse, Dupatta 

Weight : 0.700 KG

??Real quality doesn’t need to shout – it shows??","images/D2I-AJ2m_0.webp|images/D2I-AJ2m_1.webp|images/D2I-AJ2m_2.webp","LEHENGA CHOLI","Fabric 1=DOLA SILK|Package Contents=1 Lehanga 1 Blouse 1 Dupatta (3 pc)|Wash Care=Dry Clean Only, Do Not Bleach|Product Weight=0.75|Colour Code=GREEN|Size=FREE SIZE UPTO 44|Country=India|Work=Heavy Lichi Fabric WIth Jacquard Border|Occasions=Festival, Party, Traditional, Wedding, Dulhan Lehenga , Bridal Lehenga, Marriage Special, Party Wear, Lehenga|Brand=Zari Lane|Ideal for=Women|Blouse=Unstitched|Blouse Length=0.80 Mtr|Lehnga Length=42 Mtr|Lehnga Flair=3 Mtr|Dupatta Length=2.4 Mtr"
"Pure Soft Fox Georgette Most Trendy Padding Fabric Fully Flair Lehenga,With Duppta Set","Lehenga Choli","RED","1899","2299","FREE SIZE:50","*LEHENGHA STITCH*:FREE SIZE FULLY STTICHED WITH ATTACHED CANVAS PATTA 
UPTO 44 INCH WAIST

*LEHENGHA FABRIC*:PURE SOFT FOX GEORGETTE BLOOMING

*LEHENGHA INNER*:MICRO COTTON FULL INNER

*LEHENGHA FLAIR*: 6 MTR 

*LEHENGHA LENGTH*:42 43 approx 

*BLOUSE FABRICS*:*PURE SOFT FOX GEORGETTE BLOOMING 9 NEEDLE EMBROIDERY THREAD SEQUENCE AND DORI JARI WORK,SLEEV PLAIN FABRIC ATTACHED INSIDE* 

*DUPPTA TYPE*:NECK BELT TYPE DUPPTA PURE SOFT FOX BLOOMING GEORGETTE 

*WEIGHT* 1 kg","images/VKgOM0F7_0.webp|images/VKgOM0F7_1.webp|images/VKgOM0F7_2.webp","LEHENGA CHOLI","Fabric 1=FOX GEORGETTE BLOOMING|Package Contents=LEHENGA FULL STITCH, BLOUSE UNSTITCH, DUPPATTA READY|Wash Care=Dry Clean Only, Do Not Bleach|Product Weight=0.75|Colour Code=RED|Size=FREE SIZE UPTO 44|Country=India|Occasions=Festival, Party, Traditional, Wedding, Dulhan Lehenga , Bridal Lehenga, Marriage Special, Party Wear, Lehenga|Brand=Zari Lane|Ideal for=Women|Blouse=Unstitched|Blouse Length=0.80 Mtr|Lehnga Length=42 Mtr|Lehnga Flair=3 Mtr|Dupatta Length=2.4 Mtr|Product Type=LEHENGA, CHOLI, DUPPATTA|Standard Size=FREE SIZE UPTO 44"
"Navratri Special Red Color Patola Print Lehenga Choli","Lehenga Choli","RED","1299","4599","FREE SIZE:50","Elevate your ethnic wardrobe with our exquisite Lehenga Choli collection, curated to perfection for the modern Indian woman. Crafted with luxurious fabrics and adorned with intricate embroidery, each ensemble exudes timeless elegance and grace. From vibrant hues to subtle pastels, our range offers a diverse selection to suit every taste and occasion. Whether it's a wedding celebration, festive gala, or cultural event, our Lehenga Cholis are designed to make you feel confident and captivating. Discover the epitome of traditional charm and contemporary flair with our handpicked designs. Shop now and indulge in the allure of Lehenga Choli couture.","images/lumPpGUA_0.webp|images/lumPpGUA_1.webp|images/lumPpGUA_2.webp","LEHENGA CHOLI","Fabric 1=DOLA SILK|Package Contents=1 Lehanga 1 Blouse 1 Dupatta (3 pc)|Wash Care=Dry Clean Only, Do Not Bleach|Product Weight=0.75|Colour Code=RED|Size=FREE SIZE UPTO 44|Country=India|Work=Lehenga Work : Patola Print With Foil Work|Occasions=Festival, Party, Traditional, Wedding, Dulhan Lehenga , Bridal Lehenga, Marriage Special, Party Wear, Lehenga|Brand=Zari Lane|Ideal for=Women|Blouse=Unstitched|Blouse Length=0.80 Mtr|Lehnga Length=42 Mtr|Lehnga Flair=3 Mtr|Dupatta Length=2.4 Mtr"
"Tussar Silk Patola Print Trendy Lehenga Choli in Red","Lehenga Choli","RED","1399","4599","FREE SIZE:50","Elevate your ethnic wardrobe with our exquisite Lehenga Choli collection, curated to perfection for the modern Indian woman. Crafted with luxurious fabrics and adorned with intricate embroidery, each ensemble exudes timeless elegance and grace. From vibrant hues to subtle pastels, our range offers a diverse selection to suit every taste and occasion. Whether it's a wedding celebration, festive gala, or cultural event, our Lehenga Cholis are designed to make you feel confident and captivating. Discover the epitome of traditional charm and contemporary flair with our handpicked designs. Shop now and indulge in the allure of Lehenga Choli couture.","images/-im_RGa0_0.webp|images/-im_RGa0_1.webp|images/-im_RGa0_2.webp","LEHENGA CHOLI","Fabric 1=DOLA SILK|Package Contents=1 Lehanga 1 Blouse 1 Dupatta (3 pc)|Wash Care=Dry Clean Only, Do Not Bleach|Product Weight=0.75|Colour Code=RED|Size=FREE SIZE UPTO 44|Country=India|Work=Lehenga Work : Patola Print With Foil Work|Occasions=Festival, Party, Traditional, Wedding, Dulhan Lehenga , Bridal Lehenga, Marriage Special, Party Wear, Lehenga|Brand=Zari Lane|Ideal for=Women|Blouse=Unstitched|Blouse Length=0.80 Mtr|Lehnga Length=42 Mtr|Lehnga Flair=3 Mtr|Dupatta Length=2.4 Mtr"
"Tussar Silk Patola Print Trendy Lehenga Choli in Green","Lehenga Choli","GREEN","1399","4599","FREE SIZE:50","Elevate your ethnic wardrobe with our exquisite Lehenga Choli collection, curated to perfection for the modern Indian woman. Crafted with luxurious fabrics and adorned with intricate embroidery, each ensemble exudes timeless elegance and grace. From vibrant hues to subtle pastels, our range offers a diverse selection to suit every taste and occasion. Whether it's a wedding celebration, festive gala, or cultural event, our Lehenga Cholis are designed to make you feel confident and captivating. Discover the epitome of traditional charm and contemporary flair with our handpicked designs. Shop now and indulge in the allure of Lehenga Choli couture.","images/mYcIb271_0.webp|images/mYcIb271_1.webp|images/mYcIb271_2.webp","LEHENGA CHOLI","Fabric 1=DOLA SILK|Package Contents=1 Lehanga 1 Blouse 1 Dupatta (3 pc)|Wash Care=Dry Clean Only, Do Not Bleach|Product Weight=0.75|Colour Code=GREEN|Size=FREE SIZE UPTO 44|Country=India|Work=Lehenga Work : Patola Print With Foil Work|Occasions=Festival, Party, Traditional, Wedding, Dulhan Lehenga , Bridal Lehenga, Marriage Special, Party Wear, Lehenga|Brand=Zari Lane|Ideal for=Women|Blouse=Unstitched|Blouse Length=0.80 Mtr|Lehnga Length=42 Mtr|Lehnga Flair=3 Mtr|Dupatta Length=2.4 Mtr"
"Pure Soft Fox Georgette Most Trendy Padding Fabric Fully Flair Lehenga,With Duppta Set","Lehenga Choli","YELLOW","1899","2999","FREE SIZE:50","*LEHENGHA STITCH*:FREE SIZE FULLY STTICHED WITH ATTACHED CANVAS PATTA 
UPTO 44 INCH WAIST

*LEHENGHA FABRIC*:PURE SOFT FOX GEORGETTE BLOOMING

*LEHENGHA INNER*:MICRO COTTON FULL INNER

*LEHENGHA FLAIR*: 6 MTR 

*LEHENGHA LENGTH*:42 43 approx 

*BLOUSE FABRICS*:*PURE SOFT FOX GEORGETTE BLOOMING 9 NEEDLE EMBROIDERY THREAD SEQUENCE AND DORI JARI WORK,SLEEV PLAIN FABRIC ATTACHED INSIDE* 

*DUPPTA TYPE*:NECK BELT TYPE DUPPTA PURE SOFT FOX BLOOMING GEORGETTE 

*WEIGHT* 1 kg","images/uDgs2wd-_0.webp|images/uDgs2wd-_1.webp|images/uDgs2wd-_2.webp","LEHENGA CHOLI","Fabric 1=FOX GEORGETTE BLOOMING|Package Contents=LEHENGA FULL STITCH, BLOUSE UNSTITCH, DUPPATTA READY|Wash Care=Dry Clean Only, Do Not Bleach|Product Weight=0.75|Colour Code=YELLOW|Size=FREE SIZE UPTO 44|Country=India|Occasions=Festival, Party, Traditional, Wedding, Dulhan Lehenga , Bridal Lehenga, Marriage Special, Party Wear, Lehenga|Brand=Zari Lane|Ideal for=Women|Blouse=Unstitched|Blouse Length=0.80 Mtr|Lehnga Length=42 Mtr|Lehnga Flair=3 Mtr|Dupatta Length=2.4 Mtr|Product Type=LEHENGA, CHOLI, DUPPATTA|Standard Size=FREE SIZE UPTO 44|Blouse Work Type=HEAVY EMBROIDERY WORK"
"Perfectly blended Tussar silk lehenga for festive season to charm your look","Lehenga Choli","PURPLE","1499","4599","FREE SIZE:50","Elevate your ethnic wardrobe with our exquisite Lehenga Choli collection, curated to perfection for the modern Indian woman. Crafted with luxurious fabrics and adorned with intricate embroidery, each ensemble exudes timeless elegance and grace. From vibrant hues to subtle pastels, our range offers a diverse selection to suit every taste and occasion. Whether it's a wedding celebration, festive gala, or cultural event, our Lehenga Cholis are designed to make you feel confident and captivating. Discover the epitome of traditional charm and contemporary flair with our handpicked designs. Shop now and indulge in the allure of Lehenga Choli couture.","images/nmCtswSU_0.webp|images/nmCtswSU_1.webp|images/nmCtswSU_2.webp","LEHENGA CHOLI","Fabric 1=DOLA SILK|Package Contents=1 Lehanga 1 Blouse 1 Dupatta (3 pc)|Wash Care=Dry Clean Only, Do Not Bleach|Product Weight=0.75|Colour Code=PURPLE|Country=India|Work=Lehenga Work : Patola Print With Foil Work|Occasions=Festival, Party, Traditional, Wedding, Dulhan Lehenga , Bridal Lehenga, Marriage Special, Party Wear, Lehenga|Brand=Zari Lane|Ideal for=Women|Blouse=Unstitched|Blouse Length=0.80 Mtr|Lehnga Length=42 Mtr|Lehnga Flair=3 Mtr|Dupatta Length=2.4 Mtr"
"White Color Dola Silk Designer Kalamkari Print Lehenga Choli","Lehenga Choli","WHITE","1299","4599","FREE SIZE:50","Elevate your ethnic wardrobe with our exquisite Lehenga Choli collection, curated to perfection for the modern Indian woman. Crafted with luxurious fabrics and adorned with intricate embroidery, each ensemble exudes timeless elegance and grace. From vibrant hues to subtle pastels, our range offers a diverse selection to suit every taste and occasion. Whether it's a wedding celebration, festive gala, or cultural event, our Lehenga Cholis are designed to make you feel confident and captivating. Discover the epitome of traditional charm and contemporary flair with our handpicked designs. Shop now and indulge in the allure of Lehenga Choli couture.","images/emjqpVNk_0.webp|images/emjqpVNk_1.webp|images/emjqpVNk_2.webp|images/emjqpVNk_3.webp|images/emjqpVNk_4.webp","LEHENGA CHOLI","Fabric 1=DOLA SILK|Package Contents=1 Lehanga 1 Blouse 1 Dupatta (3 pc)|Wash Care=Dry Clean Only, Do Not Bleach|Product Weight=0.75|Colour Code=WHITE|Size=FREE SIZE UPTO 44|Country=India|Work=Lehenga Work : Patola Print With Foil Work|Occasions=Festival, Party, Traditional, Wedding, Dulhan Lehenga , Bridal Lehenga, Marriage Special, Party Wear, Lehenga|Brand=Zari Lane|Ideal for=Women|Blouse=Unstitched|Blouse Length=0.80 Mtr|Lehnga Length=42 Mtr|Lehnga Flair=3 Mtr|Dupatta Length=2.4 Mtr"
"Yellow Color Dola Silk Designer Kalamkari Print Lehenga Choli","Lehenga Choli","YELLOW","1299","4599","FREE SIZE:50","Elevate your ethnic wardrobe with our exquisite Lehenga Choli collection, curated to perfection for the modern Indian woman. Crafted with luxurious fabrics and adorned with intricate embroidery, each ensemble exudes timeless elegance and grace. From vibrant hues to subtle pastels, our range offers a diverse selection to suit every taste and occasion. Whether it's a wedding celebration, festive gala, or cultural event, our Lehenga Cholis are designed to make you feel confident and captivating. Discover the epitome of traditional charm and contemporary flair with our handpicked designs. Shop now and indulge in the allure of Lehenga Choli couture.","images/BbLyY12K_0.webp|images/BbLyY12K_1.webp|images/BbLyY12K_2.webp|images/BbLyY12K_3.webp|images/BbLyY12K_4.webp","LEHENGA CHOLI","Fabric 1=DOLA SILK|Package Contents=1 Lehanga 1 Blouse 1 Dupatta (3 pc)|Wash Care=Dry Clean Only, Do Not Bleach|Product Weight=0.75|Colour Code=YELLOW|Size=FREE SIZE UPTO 44|Country=India|Work=Lehenga Work : Patola Print With Foil Work|Occasions=Festival, Party, Traditional, Wedding, Dulhan Lehenga , Bridal Lehenga, Marriage Special, Party Wear, Lehenga|Brand=Zari Lane|Ideal for=Women|Blouse=Unstitched|Blouse Length=0.80 Mtr|Lehnga Length=42 Mtr|Lehnga Flair=3 Mtr|Dupatta Length=2.4 Mtr"
"Red With Heavy Lichi Fabric With Jacquard Border Jari Lining With Print","Other","RED","1599","2999","FREE SIZE:50","??Royal threads. Modern souls. Presenting our latest lehenga collection??

  ??Lehenga (Stitched) ??
Lehenga Fabric:- Heavy Lichi Fabric WIth Jacquard Border
Lehenga Work:- Jacquard With Jari Lining With Print 
Lehenga Inner:- Micro Cotton
Lehenga Flair:- 3 Meter
Lehenga Size:- upto 44 
Lehenga Stitch Type:– Stitched (Standard Canvas Attached)

  ??Blouse Unstitched??
Blouse Fabric:- Heavy Lichi Fabric WIth Jacquard Border
Blouse Work:- Jacquard With Jari Lining With Print 
Blouse Length : 1 Meter 
 
   ??Dupatta??
Dupatta Fabric:- Heavy Lichi Fabric WIth Jacquard Border
Dupatta Size:- 2.40 Meter
Dupatta Work:- Jacquard With Jari Lining With Print

Package Contain : Lehenga, Blouse, Dupatta 

Weight : 0.700 KG

??Real quality doesn’t need to shout – it shows??","images/LmgFGmpH_0.webp|images/LmgFGmpH_1.webp|images/LmgFGmpH_2.webp","LEHENGA CHOLI","Fabric 1=DOLA SILK|Package Contents=1 Lehanga 1 Blouse 1 Dupatta (3 pc)|Wash Care=Dry Clean Only, Do Not Bleach|Product Weight=0.75|Colour Code=RED|Size=FREE SIZE UPTO 44|Country=India|Work=Heavy Lichi Fabric WIth Jacquard Border|Occasions=Festival, Party, Traditional, Wedding, Dulhan Lehenga , Bridal Lehenga, Marriage Special, Party Wear, Lehenga|Brand=Zari Lane|Ideal for=Women|Blouse=Unstitched|Blouse Length=0.80 Mtr|Lehnga Length=42 Mtr|Lehnga Flair=3 Mtr|Dupatta Length=2.4 Mtr"
"Blue With Heavy Lichi Fabric With Jacquard Border Jari Lining With Print","Other","BLUE","1599","2999","FREE SIZE:50","??Royal threads. Modern souls. Presenting our latest lehenga collection??

  ??Lehenga (Stitched) ??
Lehenga Fabric:- Heavy Lichi Fabric WIth Jacquard Border
Lehenga Work:- Jacquard With Jari Lining With Print 
Lehenga Inner:- Micro Cotton
Lehenga Flair:- 3 Meter
Lehenga Size:- upto 44 
Lehenga Stitch Type:– Stitched (Standard Canvas Attached)

  ??Blouse Unstitched??
Blouse Fabric:- Heavy Lichi Fabric WIth Jacquard Border
Blouse Work:- Jacquard With Jari Lining With Print 
Blouse Length : 1 Meter 
 
   ??Dupatta??
Dupatta Fabric:- Heavy Lichi Fabric WIth Jacquard Border
Dupatta Size:- 2.40 Meter
Dupatta Work:- Jacquard With Jari Lining With Print

Package Contain : Lehenga, Blouse, Dupatta 

Weight : 0.700 KG

??Real quality doesn’t need to shout – it shows??","images/5yU4KlqK_0.webp|images/5yU4KlqK_1.webp|images/5yU4KlqK_2.webp","LEHENGA CHOLI","Fabric 1=DOLA SILK|Package Contents=1 Lehanga 1 Blouse 1 Dupatta (3 pc)|Wash Care=Dry Clean Only, Do Not Bleach|Product Weight=0.75|Colour Code=BLUE|Size=FREE SIZE UPTO 44|Country=India|Work=Heavy Lichi Fabric WIth Jacquard Border|Occasions=Festival, Party, Traditional, Wedding, Dulhan Lehenga , Bridal Lehenga, Marriage Special, Party Wear, Lehenga|Brand=Zari Lane|Ideal for=Women|Blouse=Unstitched|Blouse Length=0.80 Mtr|Lehnga Length=42 Mtr|Lehnga Flair=3 Mtr|Dupatta Length=2.4 Mtr"
"Dola Silk Pink Patola Print Traditional Lehenga Choli (Flower Pink)","Lehenga Choli","PINK","1299","4599","FREE SIZE:50","This Festive Session You Definitely Would Have Worn One Of Your Favourite Outfit. So We Have Curated A Collection Of Patola Print Traditional Lehanga Choli. 
Lehenga(Stitched)
Lehenga Fabric : Dola Silk 
Lehenga Work : Patola Print With Foil Work 
Waist : Supported Up To 46
Lehenga Closer : Drawstring With Heavy Tassels And Zip
Stitching : Stitched With Canvas And Attached With Can Can
Length : 41
Flair : 3.80 Meter 
Inner : Micro Cotton

Blouse(Unstitched)
Blouse Fabric : Dola Silk  
Blouse Work : Patola Print 
Blouse Length : 0.80 Meter

Dupatta
Dupatta Fabric : Dola Silk
Dupatta Work : Patola Print With Gotta Patti Lace Border Also Comes With Tassels 
Dupatta Length : 2.5 Meter

Package Contain : Lehenga, Blouse, Dupatta","images/Oks_q63a_0.webp|images/Oks_q63a_1.webp|images/Oks_q63a_2.webp","LEHENGA CHOLI","Fabric 1=DOLA SILK|Package Contents=1 Lehanga 1 Blouse 1 Dupatta (3 pc)|Wash Care=Dry Clean Only, Do Not Bleach|Product Weight=0.75|Colour Code=PINK|Size=FREE SIZE UPTO 44|Country=India|Work=Lehenga Work : Patola Print With Foil Work|Occasions=Festival, Party, Traditional, Wedding, Dulhan Lehenga , Bridal Lehenga, Marriage Special, Party Wear, Lehenga|Brand=Zari Lane|Ideal for=Women|Blouse=Unstitched|Blouse Length=0.80 Mtr|Lehnga Length=42 Mtr|Lehnga Flair=3 Mtr|Dupatta Length=2.4 Mtr|Product Type=Lehenga Choli|Made In
=India|Ideal For
=Women|Inner=Micro Cotton| Lehenga Work=Patola Print With Foil Work|Dupatta Work=Potala Print with Gotta Patti Lace Border Also Comes with Tassels"
"Green Dola Silk Patola Print Traditional Lehenga Choli","Lehenga Choli","GREEN","1299","2549","FREE SIZE:50","Zari Lane's Patola Print Traditional Lehenga Choli strikes a perfect balance between timeless tradition and contemporary elegance. Whether attending a special occasion or celebrating India's cultural richness, this outfit is a fantastic choice. It's more than just clothing; it's a reflection of your refined fashion taste, allowing you to cherish the beauty of tradition while embracing modern style. In the Patola Print Traditional Lehenga Choli, you're not just wearing an outfit; you're showcasing a piece of India's cultural legacy and making a remarkable fashion statement.
 In the Patola Print Traditional Lehenga Choli, you're not just wearing an outfit; you're showcasing a piece of India's cultural legacy and making a remarkable fashion statement.""","images/namOlJ1Z_0.webp|images/namOlJ1Z_1.webp|images/namOlJ1Z_2.webp","LEHENGA CHOLI","Fabric 1=DOLA SILK|Package Contents=1 Lehanga 1 Blouse 1 Dupatta (3 pc)|Wash Care=Dry Clean Only, Do Not Bleach|Product Weight=0.75|Colour Code=GREEN|Size=FREE SIZE UPTO 44|Country=India|Work=Lehenga Work : Patola Print With Foil Work|Occasions=Festival, Party, Traditional, Wedding, Dulhan Lehenga , Bridal Lehenga, Marriage Special, Party Wear, Lehenga|Brand=Zari Lane|Ideal for=Women|Blouse=Unstitched|Blouse Length=0.80 Mtr|Lehnga Length=42 Mtr|Lehnga Flair=3 Mtr|Dupatta Length=2.4 Mtr|Lehnga length=41Mtr|Ideal For=Women"
"Tussar Silk Patola Print Trendy Lehenga Choli in Firoji","Lehenga Choli","FIROJI","1399","4599","FREE SIZE:50","Elevate your ethnic wardrobe with our exquisite Lehenga Choli collection, curated to perfection for the modern Indian woman. Crafted with luxurious fabrics and adorned with intricate embroidery, each ensemble exudes timeless elegance and grace. From vibrant hues to subtle pastels, our range offers a diverse selection to suit every taste and occasion. Whether it's a wedding celebration, festive gala, or cultural event, our Lehenga Cholis are designed to make you feel confident and captivating. Discover the epitome of traditional charm and contemporary flair with our handpicked designs. Shop now and indulge in the allure of Lehenga Choli couture.","images/FUy7QvZY_0.webp|images/FUy7QvZY_1.webp|images/FUy7QvZY_2.webp","LEHENGA CHOLI","Fabric 1=DOLA SILK|Package Contents=1 Lehanga 1 Blouse 1 Dupatta (3 pc)|Wash Care=Dry Clean Only, Do Not Bleach|Product Weight=0.75|Colour Code=FIROJI|Size=FREE SIZE UPTO 44|Country=India|Work=Lehenga Work : Patola Print With Foil Work|Occasions=Festival, Party, Traditional, Wedding, Dulhan Lehenga , Bridal Lehenga, Marriage Special, Party Wear, Lehenga|Brand=Zari Lane|Ideal for=Women|Blouse=Unstitched|Blouse Length=0.80 Mtr|Lehnga Length=42 Mtr|Lehnga Flair=3 Mtr|Dupatta Length=2.4 Mtr"
"Brown color tussar silk foil print lehenga choli","Lehenga Choli","BROWN","1299","4599","FREE SIZE:50","Elevate your ethnic wardrobe with our exquisite Lehenga Choli collection, curated to perfection for the modern Indian woman. Crafted with luxurious fabrics and adorned with intricate embroidery, each ensemble exudes timeless elegance and grace. From vibrant hues to subtle pastels, our range offers a diverse selection to suit every taste and occasion. Whether it's a wedding celebration, festive gala, or cultural event, our Lehenga Cholis are designed to make you feel confident and captivating. Discover the epitome of traditional charm and contemporary flair with our handpicked designs. Shop now and indulge in the allure of Lehenga Choli couture.","images/C3YFQ2fP_0.webp|images/C3YFQ2fP_1.webp|images/C3YFQ2fP_2.webp","LEHENGA CHOLI","Fabric 1=DOLA SILK|Package Contents=1 Lehanga 1 Blouse 1 Dupatta (3 pc)|Wash Care=Dry Clean Only, Do Not Bleach|Product Weight=0.75|Colour Code=BROWN|Size=FREE SIZE UPTO 44|Country=India|Work=Lehenga Work : Patola Print With Foil Work|Occasions=Festival, Party, Traditional, Wedding, Dulhan Lehenga , Bridal Lehenga, Marriage Special, Party Wear, Lehenga|Brand=Zari Lane|Ideal for=Women|Blouse=Unstitched|Blouse Length=0.80 Mtr|Lehnga Length=42 Mtr|Lehnga Flair=3 Mtr|Dupatta Length=2.4 Mtr"
"Multi Colors Rayon Lehenga and Gamthi Work Blouse for Navratri Festive Fashion at Its Best","Lehenga Choli","MULTI COLOR","1399","2949","FREE SIZE UPTO 44 WAIST SIZE:50","Lehenga (Stitched)
Lehenga Fabric : Rayon 
Lehenga Work : Plain And Lace Border With Gotta Patti Touch Up
Lehenga Waist : Support Up To 44 
Lehenga Closer : Drawstring With Zip
Stitching : Stitched With Canvas And Full Inner
Length : 41
Flair : 4 Meter
Inner : Micro Cotton

Blouse (UN- Stitched)
Blouse Fabric : Rayon (UNStitched)
Blouse Work : Plain And Gamthi Work With Cowrie (Kodi) Lace Touch Up

Package Contain : Lehenga, Blouse","images/3Z24E_GV_0.webp|images/3Z24E_GV_1.webp|images/3Z24E_GV_2.webp","LEHENGA CHOLI","Fabric 1=REYON|Package Contents=1 Lehanga 1 Blouse|Wash Care=Dry Clean Only, Do Not Bleach|Product Weight=0.75|Colour Code=MULTI COLOR|Size=FREE SIZE UPTO 44|Country=India|Occasions=Festival, Party, Traditional, Wedding, Dulhan Lehenga , Bridal Lehenga, Marriage Special, Party Wear, Lehenga|Brand=Zari Lane|Ideal for=Women|Blouse=Unstitched|Blouse Length=0.80 Mtr|Lehnga Length=42 Mtr|Lehnga Flair=3 Mtr|Dupatta Length=2.4 Mtr|Care Instruction=Dry Clean Only, Do Not Bleach"
"Purple color tussar silk foil print lehenga choli","Lehenga Choli","PURPLE","1299","4599","FREE SIZE:50","Elevate your ethnic wardrobe with our exquisite Lehenga Choli collection, curated to perfection for the modern Indian woman. Crafted with luxurious fabrics and adorned with intricate embroidery, each ensemble exudes timeless elegance and grace. From vibrant hues to subtle pastels, our range offers a diverse selection to suit every taste and occasion. Whether it's a wedding celebration, festive gala, or cultural event, our Lehenga Cholis are designed to make you feel confident and captivating. Discover the epitome of traditional charm and contemporary flair with our handpicked designs. Shop now and indulge in the allure of Lehenga Choli couture.","images/t392jGsE_0.webp|images/t392jGsE_1.webp|images/t392jGsE_2.webp","LEHENGA CHOLI","Fabric 1=DOLA SILK|Package Contents=1 Lehanga 1 Blouse 1 Dupatta (3 pc)|Wash Care=Dry Clean Only, Do Not Bleach|Product Weight=0.75|Colour Code=PURPLE|Size=FREE SIZE UPTO 44|Country=India|Work=Lehenga Work : Patola Print With Foil Work|Occasions=Festival, Party, Traditional, Wedding, Dulhan Lehenga , Bridal Lehenga, Marriage Special, Party Wear, Lehenga|Brand=Zari Lane|Ideal for=Women|Blouse=Unstitched|Blouse Length=0.80 Mtr|Lehnga Length=42 Mtr|Lehnga Flair=3 Mtr|Dupatta Length=2.4 Mtr"
"Firozi Color Dola Silk Designer Kalamkari Print Lehenga Choli","Lehenga Choli","FIROZI","1299","4599","FREE SIZE:50","Elevate your ethnic wardrobe with our exquisite Lehenga Choli collection, curated to perfection for the modern Indian woman. Crafted with luxurious fabrics and adorned with intricate embroidery, each ensemble exudes timeless elegance and grace. From vibrant hues to subtle pastels, our range offers a diverse selection to suit every taste and occasion. Whether it's a wedding celebration, festive gala, or cultural event, our Lehenga Cholis are designed to make you feel confident and captivating. Discover the epitome of traditional charm and contemporary flair with our handpicked designs. Shop now and indulge in the allure of Lehenga Choli couture.","images/T5msjC3b_0.webp|images/T5msjC3b_1.webp|images/T5msjC3b_2.webp|images/T5msjC3b_3.webp|images/T5msjC3b_4.webp","LEHENGA CHOLI","Fabric 1=DOLA SILK|Package Contents=1 Lehanga 1 Blouse 1 Dupatta (3 pc)|Wash Care=Dry Clean Only, Do Not Bleach|Product Weight=0.75|Colour Code=FIIROZI|Size=FREE SIZE UPTO 44|Country=India|Work=Lehenga Work : Patola Print With Foil Work|Occasions=Festival, Party, Traditional, Wedding, Dulhan Lehenga , Bridal Lehenga, Marriage Special, Party Wear, Lehenga|Brand=Zari Lane|Ideal for=Women|Blouse=Unstitched|Blouse Length=0.80 Mtr|Lehnga Length=42 Mtr|Lehnga Flair=3 Mtr|Dupatta Length=2.4 Mtr"
"Blue With Heavy Lichi Fabric With Jacquard Border Jari Lining With Print","Other","BLUE","1599","2999","FREE SIZE:50","??Royal threads. Modern souls. Presenting our latest lehenga collection??

  ??Lehenga (Stitched) ??
Lehenga Fabric:- Heavy Lichi Fabric WIth Jacquard Border
Lehenga Work:- Jacquard With Jari Lining With Print 
Lehenga Inner:- Micro Cotton
Lehenga Flair:- 3 Meter
Lehenga Size:- upto 44 
Lehenga Stitch Type:– Stitched (Standard Canvas Attached)

  ??Blouse Unstitched??
Blouse Fabric:- Heavy Lichi Fabric WIth Jacquard Border
Blouse Work:- Jacquard With Jari Lining With Print 
Blouse Length : 1 Meter 
 
   ??Dupatta??
Dupatta Fabric:- Heavy Lichi Fabric WIth Jacquard Border
Dupatta Size:- 2.40 Meter
Dupatta Work:- Jacquard With Jari Lining With Print

Package Contain : Lehenga, Blouse, Dupatta 

Weight : 0.700 KG

??Real quality doesn’t need to shout – it shows??","images/7ELaZjrQ_0.webp|images/7ELaZjrQ_1.webp|images/7ELaZjrQ_2.webp","LEHENGA CHOLI","Fabric 1=DOLA SILK|Package Contents=1 Lehanga 1 Blouse 1 Dupatta (3 pc)|Wash Care=Dry Clean Only, Do Not Bleach|Product Weight=0.75|Colour Code=BLUE|Size=FREE SIZE UPTO 44|Country=India|Work=Heavy Lichi Fabric WIth Jacquard Border|Occasions=Festival, Party, Traditional, Wedding, Dulhan Lehenga , Bridal Lehenga, Marriage Special, Party Wear, Lehenga|Brand=Zari Lane|Ideal for=Women|Blouse=Unstitched|Blouse Length=0.80 Mtr|Lehnga Length=42 Mtr|Lehnga Flair=3 Mtr|Dupatta Length=2.4 Mtr"
"White Color Dola Silk Designer Kalamkari Print Lehenga Choli","Lehenga Choli","WHITE","1299","4599","FREE SIZE:50","Elevate your ethnic wardrobe with our exquisite Lehenga Choli collection, curated to perfection for the modern Indian woman. Crafted with luxurious fabrics and adorned with intricate embroidery, each ensemble exudes timeless elegance and grace. From vibrant hues to subtle pastels, our range offers a diverse selection to suit every taste and occasion. Whether it's a wedding celebration, festive gala, or cultural event, our Lehenga Cholis are designed to make you feel confident and captivating. Discover the epitome of traditional charm and contemporary flair with our handpicked designs. Shop now and indulge in the allure of Lehenga Choli couture.","images/vobxOBcq_0.webp|images/vobxOBcq_1.webp|images/vobxOBcq_2.webp","LEHENGA CHOLI","Fabric 1=DOLA SILK|Package Contents=1 Lehanga 1 Blouse 1 Dupatta (3 pc)|Wash Care=Dry Clean Only, Do Not Bleach|Product Weight=0.75|Colour Code=WHITE|Size=FREE SIZE UPTO 44|Country=India|Work=Lehenga Work : Patola Print With Foil Work|Occasions=Festival, Party, Traditional, Wedding, Dulhan Lehenga , Bridal Lehenga, Marriage Special, Party Wear, Lehenga|Brand=Zari Lane|Ideal for=Women|Blouse=Unstitched|Blouse Length=0.80 Mtr|Lehnga Length=42 Mtr|Lehnga Flair=3 Mtr|Dupatta Length=2.4 Mtr"
"Dola Silk Red Patola Print Traditional Lehenga Choli (Flower Red)","Lehenga Choli","RED","1299","4599","FREE SIZE:50","This Festive Session You Definitely Would Have Worn One Of Your Favourite Outfit. So We Have Curated A Collection Of Patola Print Traditional Lehanga Choli. 
Lehenga(Stitched)
Lehenga Fabric : Dola Silk 
Lehenga Work : Patola Print With Foil Work 
Waist : Supported Up To 42
Stitching : Stitched With Canvas And Attached With Can Can
Length : 41
Flair : 3.30 Meter 
Inner : Micro Cotton

Blouse(Unstitched)
Blouse Fabric : Dola Silk  
Blouse Work : Patola Print 
Blouse Length : 0.80 Meter

Dupatta
Dupatta Fabric : Dola Silk
Dupatta Work : Patola Print With Gotta Patti Lace Border Also Comes With Tassels 
Dupatta Length : 2.5 Meter

Package Contain : Lehenga, Blouse, Dupatta","images/LA89QHGI_0.webp|images/LA89QHGI_1.webp|images/LA89QHGI_2.webp","LEHENGA CHOLI","Fabric 1=DOLA SILK|Package Contents=1 Lehanga 1 Blouse 1 Dupatta (3 pc)|Wash Care=Dry Clean Only, Do Not Bleach|Product Weight=0.75|Colour Code=RED|Size=FREE SIZE UPTO 44|Country=India|Work=1 Lehanga 1 Blouse 1 Dupatta (3 pc)|Occasions=Festival, Party, Traditional, Wedding, Dulhan Lehenga , Bridal Lehenga, Marriage Special, Party Wear, Lehenga|Brand=Zari Lane|Ideal for=Women|Blouse=Unstitched|Blouse Length=0.80 Mtr|Lehnga Length=42 Mtr|Lehnga Flair=3 Mtr|Dupatta Length=2.4 Mtr|Product Type=FREE SIZE UPTO 44 WAIST SIZE|Made In
=Micro Cotton|Ideal For
=Unstiched|Inner=Patola Print With Foil Work| Lehenga Work=2.5 Mtrs|Dupatta Work=Lehenga Choli"
"Tussar Silk Patola Print Trendy Lehenga Choli in Navy Blue","Lehenga Choli","NAVY BLUE","1399","4599","FREE SIZE:50","Elevate your ethnic wardrobe with our exquisite Lehenga Choli collection, curated to perfection for the modern Indian woman. Crafted with luxurious fabrics and adorned with intricate embroidery, each ensemble exudes timeless elegance and grace. From vibrant hues to subtle pastels, our range offers a diverse selection to suit every taste and occasion. Whether it's a wedding celebration, festive gala, or cultural event, our Lehenga Cholis are designed to make you feel confident and captivating. Discover the epitome of traditional charm and contemporary flair with our handpicked designs. Shop now and indulge in the allure of Lehenga Choli couture.","images/22P9zHlK_0.webp|images/22P9zHlK_1.webp|images/22P9zHlK_2.webp","LEHENGA CHOLI","Fabric 1=DOLA SILK|Package Contents=1 Lehanga 1 Blouse 1 Dupatta (3 pc)|Wash Care=Dry Clean Only, Do Not Bleach|Product Weight=0.75|Colour Code=NAVY BLUE|Size=FREE SIZE UPTO 44|Country=India|Work=Lehenga Work : Patola Print With Foil Work|Occasions=Festival, Party, Traditional, Wedding, Dulhan Lehenga , Bridal Lehenga, Marriage Special, Party Wear, Lehenga|Brand=Zari Lane|Ideal for=Women|Blouse=Unstitched|Blouse Length=0.80 Mtr|Lehnga Length=42 Mtr|Lehnga Flair=3 Mtr|Dupatta Length=2.4 Mtr"
"Wine With Heavy Lichi Fabric With Jacquard Border Jari Lining With Print","Other","WINE","1599","2999","FREE SIZE:50","??Royal threads. Modern souls. Presenting our latest lehenga collection??

  ??Lehenga (Stitched) ??
Lehenga Fabric:- Heavy Lichi Fabric WIth Jacquard Border
Lehenga Work:- Jacquard With Jari Lining With Print 
Lehenga Inner:- Micro Cotton
Lehenga Flair:- 3 Meter
Lehenga Size:- upto 44 
Lehenga Stitch Type:– Stitched (Standard Canvas Attached)

  ??Blouse Unstitched??
Blouse Fabric:- Heavy Lichi Fabric WIth Jacquard Border
Blouse Work:- Jacquard With Jari Lining With Print 
Blouse Length : 1 Meter 
 
   ??Dupatta??
Dupatta Fabric:- Heavy Lichi Fabric WIth Jacquard Border
Dupatta Size:- 2.40 Meter
Dupatta Work:- Jacquard With Jari Lining With Print

Package Contain : Lehenga, Blouse, Dupatta 

Weight : 0.700 KG

??Real quality doesn’t need to shout – it shows??","images/hoORmrOZ_0.webp|images/hoORmrOZ_1.webp|images/hoORmrOZ_2.webp","LEHENGA CHOLI","Fabric 1=DOLA SILK|Package Contents=1 Lehanga 1 Blouse 1 Dupatta (3 pc)|Wash Care=Dry Clean Only, Do Not Bleach|Product Weight=0.75|Colour Code=WINE|Size=FREE SIZE UPTO 44|Country=India|Work=Heavy Lichi Fabric WIth Jacquard Border|Occasions=Festival, Party, Traditional, Wedding, Dulhan Lehenga , Bridal Lehenga, Marriage Special, Party Wear, Lehenga|Brand=Zari Lane|Ideal for=Women|Blouse=Unstitched|Blouse Length=0.80 Mtr|Lehnga Length=42 Mtr|Lehnga Flair=3 Mtr|Dupatta Length=2.4 Mtr"
"Orange Color Dola Silk Designer Kalamkari Print Lehenga Choli","Lehenga Choli","PEACH","1299","4599","FREE SIZE:50","Elevate your ethnic wardrobe with our exquisite Lehenga Choli collection, curated to perfection for the modern Indian woman. Crafted with luxurious fabrics and adorned with intricate embroidery, each ensemble exudes timeless elegance and grace. From vibrant hues to subtle pastels, our range offers a diverse selection to suit every taste and occasion. Whether it's a wedding celebration, festive gala, or cultural event, our Lehenga Cholis are designed to make you feel confident and captivating. Discover the epitome of traditional charm and contemporary flair with our handpicked designs. Shop now and indulge in the allure of Lehenga Choli couture.","images/pW3qwvHe_0.webp|images/pW3qwvHe_1.webp|images/pW3qwvHe_2.webp|images/pW3qwvHe_3.webp|images/pW3qwvHe_4.webp","LEHENGA CHOLI","Fabric 1=DOLA SILK|Package Contents=1 Lehanga 1 Blouse 1 Dupatta (3 pc)|Wash Care=Dry Clean Only, Do Not Bleach|Product Weight=0.75|Colour Code=PEACH|Size=FREE SIZE UPTO 44|Country=India|Work=Lehenga Work : Patola Print With Foil Work|Occasions=Festival, Party, Traditional, Wedding, Dulhan Lehenga , Bridal Lehenga, Marriage Special, Party Wear, Lehenga|Brand=Zari Lane|Ideal for=Women|Blouse=Unstitched|Blouse Length=0.80 Mtr|Lehnga Length=42 Mtr|Lehnga Flair=3 Mtr|Dupatta Length=2.4 Mtr"
"Blue With Heavy Lichi Fabric With Jacquard Border Jari Lining With Print","Other","BLUE","1599","2999","FREE SIZE:50","??Royal threads. Modern souls. Presenting our latest lehenga collection??

  ??Lehenga (Stitched) ??
Lehenga Fabric:- Heavy Lichi Fabric WIth Jacquard Border
Lehenga Work:- Jacquard With Jari Lining With Print 
Lehenga Inner:- Micro Cotton
Lehenga Flair:- 3 Meter
Lehenga Size:- upto 44 
Lehenga Stitch Type:– Stitched (Standard Canvas Attached)

  ??Blouse Unstitched??
Blouse Fabric:- Heavy Lichi Fabric WIth Jacquard Border
Blouse Work:- Jacquard With Jari Lining With Print 
Blouse Length : 1 Meter 
 
   ??Dupatta??
Dupatta Fabric:- Heavy Lichi Fabric WIth Jacquard Border
Dupatta Size:- 2.40 Meter
Dupatta Work:- Jacquard With Jari Lining With Print

Package Contain : Lehenga, Blouse, Dupatta 

Weight : 0.700 KG

??Real quality doesn’t need to shout – it shows??","images/Hab2-xuC_0.webp|images/Hab2-xuC_1.webp|images/Hab2-xuC_2.webp","LEHENGA CHOLI","Fabric 1=DOLA SILK|Package Contents=1 Lehanga 1 Blouse 1 Dupatta (3 pc)|Wash Care=Dry Clean Only, Do Not Bleach|Product Weight=0.75|Colour Code=BLUE|Size=FREE SIZE UPTO 44|Country=India|Work=Heavy Lichi Fabric WIth Jacquard Border|Occasions=Festival, Party, Traditional, Wedding, Dulhan Lehenga , Bridal Lehenga, Marriage Special, Party Wear, Lehenga|Brand=Zari Lane|Ideal for=Women|Blouse=Unstitched|Blouse Length=0.80 Mtr|Lehnga Length=42 Mtr|Lehnga Flair=3 Mtr|Dupatta Length=2.4 Mtr"
"White Dola Silk Patola Print Traditional Lehenga Choli","Lehenga Choli","WHITE","1299","2549","FREE SIZE:50","Zari Lane's Patola Print Traditional Lehenga Choli strikes a perfect balance between timeless tradition and contemporary elegance. Whether attending a special occasion or celebrating India's cultural richness, this outfit is a fantastic choice. It's more than just clothing; it's a reflection of your refined fashion taste, allowing you to cherish the beauty of tradition while embracing modern style. In the Patola Print Traditional Lehenga Choli, you're not just wearing an outfit; you're showcasing a piece of India's cultural legacy and making a remarkable fashion statement.
 In the Patola Print Traditional Lehenga Choli, you're not just wearing an outfit; you're showcasing a piece of India's cultural legacy and making a remarkable fashion statement.""","images/VV2KwCqB_0.webp|images/VV2KwCqB_1.webp|images/VV2KwCqB_2.webp","LEHENGA CHOLI","Fabric 1=DOLA SILK|Package Contents=1 Lehanga 1 Blouse 1 Dupatta (3 pc)|Wash Care=Dry Clean Only, Do Not Bleach|Product Weight=0.75|Colour Code=WHITE|Size=FREE SIZE UPTO 44|Country=India|Work=Lehenga Work : Patola Print With Foil Work|Occasions=Festival, Party, Traditional, Wedding, Dulhan Lehenga , Bridal Lehenga, Marriage Special, Party Wear, Lehenga|Brand=Zari Lane|Ideal for=Women|Blouse=Unstitched|Blouse Length=0.80 Mtr|Lehnga Length=42 Mtr|Lehnga Flair=3 Mtr|Dupatta Length=2.4 Mtr|Lehnga length=41Mtr"
"Tussar Silk Luvendar Fabulously Patola Printed Stitched Lehenga & Blouse With Dupatta","Lehenga Choli","LUVENDER","1299","4599","FREE SIZE:50","Elevate your ethnic wardrobe with our exquisite Lehenga Choli collection, curated to perfection for the modern Indian woman. Crafted with luxurious fabrics and adorned with intricate embroidery, each ensemble exudes timeless elegance and grace. From vibrant hues to subtle pastels, our range offers a diverse selection to suit every taste and occasion. Whether it's a wedding celebration, festive gala, or cultural event, our Lehenga Cholis are designed to make you feel confident and captivating. Discover the epitome of traditional charm and contemporary flair with our handpicked designs. Shop now and indulge in the allure of Lehenga Choli couture.","images/3zncTtuh_0.webp|images/3zncTtuh_1.webp|images/3zncTtuh_2.webp|images/3zncTtuh_3.webp|images/3zncTtuh_4.webp","LEHENGA CHOLI","Fabric 1=DOLA SILK|Package Contents=1 Lehanga 1 Blouse 1 Dupatta (3 pc)|Wash Care=Dry Clean Only, Do Not Bleach|Product Weight=0.75|Colour Code=LUVENDER|Size=FREE SIZE UPTO 44|Country=India|Work=Lehenga Work : Patola Print With Foil Work|Occasions=Festival, Party, Traditional, Wedding, Dulhan Lehenga , Bridal Lehenga, Marriage Special, Party Wear, Lehenga|Brand=Zari Lane|Ideal for=Women|Blouse=Unstitched|Blouse Length=0.80 Mtr|Lehnga Length=42 Mtr|Lehnga Flair=3 Mtr|Dupatta Length=2.4 Mtr"
"Wine With Heavy Lichi Fabric With Jacquard Border Jari Lining With Print","Other","WINE","1599","2999","FREE SIZE:50","??Royal threads. Modern souls. Presenting our latest lehenga collection??

  ??Lehenga (Stitched) ??
Lehenga Fabric:- Heavy Lichi Fabric WIth Jacquard Border
Lehenga Work:- Jacquard With Jari Lining With Print 
Lehenga Inner:- Micro Cotton
Lehenga Flair:- 3 Meter
Lehenga Size:- upto 44 
Lehenga Stitch Type:– Stitched (Standard Canvas Attached)

  ??Blouse Unstitched??
Blouse Fabric:- Heavy Lichi Fabric WIth Jacquard Border
Blouse Work:- Jacquard With Jari Lining With Print 
Blouse Length : 1 Meter 
 
   ??Dupatta??
Dupatta Fabric:- Heavy Lichi Fabric WIth Jacquard Border
Dupatta Size:- 2.40 Meter
Dupatta Work:- Jacquard With Jari Lining With Print

Package Contain : Lehenga, Blouse, Dupatta 

Weight : 0.700 KG

??Real quality doesn’t need to shout – it shows??","images/itrryNNf_0.webp|images/itrryNNf_1.webp|images/itrryNNf_2.webp","LEHENGA CHOLI","Fabric 1=DOLA SILK|Package Contents=1 Lehanga 1 Blouse 1 Dupatta (3 pc)|Wash Care=Dry Clean Only, Do Not Bleach|Product Weight=0.75|Colour Code=WINE|Size=FREE SIZE UPTO 44|Country=India|Work=Heavy Lichi Fabric WIth Jacquard Border|Occasions=Festival, Party, Traditional, Wedding, Dulhan Lehenga , Bridal Lehenga, Marriage Special, Party Wear, Lehenga|Brand=Zari Lane|Ideal for=Women|Blouse=Unstitched|Blouse Length=0.80 Mtr|Lehnga Length=42 Mtr|Lehnga Flair=3 Mtr|Dupatta Length=2.4 Mtr"
"Perrot With Heavy Lichi Fabric With Jacquard Border Jari Lining With Print","Other","PERROT","1599","2999","FREE SIZE:50","??Royal threads. Modern souls. Presenting our latest lehenga collection??

  ??Lehenga (Stitched) ??
Lehenga Fabric:- Heavy Lichi Fabric WIth Jacquard Border
Lehenga Work:- Jacquard With Jari Lining With Print 
Lehenga Inner:- Micro Cotton
Lehenga Flair:- 3 Meter
Lehenga Size:- upto 44 
Lehenga Stitch Type:– Stitched (Standard Canvas Attached)

  ??Blouse Unstitched??
Blouse Fabric:- Heavy Lichi Fabric WIth Jacquard Border
Blouse Work:- Jacquard With Jari Lining With Print 
Blouse Length : 1 Meter 
 
   ??Dupatta??
Dupatta Fabric:- Heavy Lichi Fabric WIth Jacquard Border
Dupatta Size:- 2.40 Meter
Dupatta Work:- Jacquard With Jari Lining With Print

Package Contain : Lehenga, Blouse, Dupatta 

Weight : 0.700 KG

??Real quality doesn’t need to shout – it shows??","images/TxVDuCwa_0.webp|images/TxVDuCwa_1.webp|images/TxVDuCwa_2.webp","LEHENGA CHOLI","Fabric 1=DOLA SILK|Package Contents=1 Lehanga 1 Blouse 1 Dupatta (3 pc)|Wash Care=Dry Clean Only, Do Not Bleach|Product Weight=0.75|Colour Code=GREEN|Size=FREE SIZE UPTO 44|Country=India|Work=Heavy Lichi Fabric WIth Jacquard Border|Occasions=Festival, Party, Traditional, Wedding, Dulhan Lehenga , Bridal Lehenga, Marriage Special, Party Wear, Lehenga|Brand=Zari Lane|Ideal for=Women|Blouse=Unstitched|Blouse Length=0.80 Mtr|Lehnga Length=42 Mtr|Lehnga Flair=3 Mtr|Dupatta Length=2.4 Mtr"
"Wine With Heavy Lichi Fabric With Jacquard Border Jari Lining With Print","Other","WINE","1599","2999","FREE SIZE:50","??Royal threads. Modern souls. Presenting our latest lehenga collection??

  ??Lehenga (Stitched) ??
Lehenga Fabric:- Heavy Lichi Fabric WIth Jacquard Border
Lehenga Work:- Jacquard With Jari Lining With Print 
Lehenga Inner:- Micro Cotton
Lehenga Flair:- 3 Meter
Lehenga Size:- upto 44 
Lehenga Stitch Type:– Stitched (Standard Canvas Attached)

  ??Blouse Unstitched??
Blouse Fabric:- Heavy Lichi Fabric WIth Jacquard Border
Blouse Work:- Jacquard With Jari Lining With Print 
Blouse Length : 1 Meter 
 
   ??Dupatta??
Dupatta Fabric:- Heavy Lichi Fabric WIth Jacquard Border
Dupatta Size:- 2.40 Meter
Dupatta Work:- Jacquard With Jari Lining With Print

Package Contain : Lehenga, Blouse, Dupatta 

Weight : 0.700 KG

??Real quality doesn’t need to shout – it shows??","images/mB79_mNd_0.webp|images/mB79_mNd_1.webp|images/mB79_mNd_2.webp","LEHENGA CHOLI","Fabric 1=DOLA SILK|Package Contents=1 Lehanga 1 Blouse 1 Dupatta (3 pc)|Wash Care=Dry Clean Only, Do Not Bleach|Product Weight=0.75|Colour Code=WINE|Size=FREE SIZE UPTO 44|Country=India|Work=Heavy Lichi Fabric WIth Jacquard Border|Occasions=Festival, Party, Traditional, Wedding, Dulhan Lehenga , Bridal Lehenga, Marriage Special, Party Wear, Lehenga|Brand=Zari Lane|Ideal for=Women|Blouse=Unstitched|Blouse Length=0.80 Mtr|Lehnga Length=42 Mtr|Lehnga Flair=3 Mtr|Dupatta Length=2.4 Mtr"
"Tussar Silk Patola Print Trendy Lehenga Choli in Black","Lehenga Choli","BLACK","1399","4599","FREE SIZE:50","Elevate your ethnic wardrobe with our exquisite Lehenga Choli collection, curated to perfection for the modern Indian woman. Crafted with luxurious fabrics and adorned with intricate embroidery, each ensemble exudes timeless elegance and grace. From vibrant hues to subtle pastels, our range offers a diverse selection to suit every taste and occasion. Whether it's a wedding celebration, festive gala, or cultural event, our Lehenga Cholis are designed to make you feel confident and captivating. Discover the epitome of traditional charm and contemporary flair with our handpicked designs. Shop now and indulge in the allure of Lehenga Choli couture.","images/CN7Chc-6_0.webp|images/CN7Chc-6_1.webp|images/CN7Chc-6_2.webp","LEHENGA CHOLI","Fabric 1=DOLA SILK|Package Contents=1 Lehanga 1 Blouse 1 Dupatta (3 pc)|Wash Care=Dry Clean Only, Do Not Bleach|Product Weight=0.75|Colour Code=BLACK|Size=FREE SIZE UPTO 44|Country=India|Work=Lehenga Work : Patola Print With Foil Work|Occasions=Festival, Party, Traditional, Wedding, Dulhan Lehenga , Bridal Lehenga, Marriage Special, Party Wear, Lehenga|Brand=Zari Lane|Ideal for=Women|Blouse=Unstitched|Blouse Length=0.80 Mtr|Lehnga Length=42 Mtr|Lehnga Flair=3 Mtr|Dupatta Length=2.4 Mtr"
"Maroon color tussar silk foil print lehenga choli","Lehenga Choli","MAROON","1299","4599","FREE SIZE:50","Elevate your ethnic wardrobe with our exquisite Lehenga Choli collection, curated to perfection for the modern Indian woman. Crafted with luxurious fabrics and adorned with intricate embroidery, each ensemble exudes timeless elegance and grace. From vibrant hues to subtle pastels, our range offers a diverse selection to suit every taste and occasion. Whether it's a wedding celebration, festive gala, or cultural event, our Lehenga Cholis are designed to make you feel confident and captivating. Discover the epitome of traditional charm and contemporary flair with our handpicked designs. Shop now and indulge in the allure of Lehenga Choli couture.","images/hIW_BDRX_0.webp","LEHENGA CHOLI","Fabric 1=DOLA SILK|Package Contents=1 Lehanga 1 Blouse 1 Dupatta (3 pc)|Wash Care=Dry Clean Only, Do Not Bleach|Product Weight=0.75|Colour Code=MAROON|Size=FREE SIZE UPTO 44|Country=India|Work=Lehenga Work : Patola Print With Foil Work|Occasions=Festival, Party, Traditional, Wedding, Dulhan Lehenga , Bridal Lehenga, Marriage Special, Party Wear, Lehenga|Brand=Zari Lane|Ideal for=Women|Blouse=Unstitched|Blouse Length=0.80 Mtr|Lehnga Length=42 Mtr|Lehnga Flair=3 Mtr|Dupatta Length=2.4 Mtr"
"Dola Silk Pink Patola Print Traditional Lehenga Choli (Flower Pink)","Lehenga Choli","PINK","1299","4599","FREE SIZE:50","This Festive Session You Definitely Would Have Worn One Of Your Favourite Outfit. So We Have Curated A Collection Of Patola Print Traditional Lehanga Choli. 
Lehenga(Stitched)
Lehenga Fabric : Dola Silk 
Lehenga Work : Patola Print With Foil Work 
Waist : Supported Up To 46
Lehenga Closer : Drawstring With Heavy Tassels And Zip
Stitching : Stitched With Canvas And Attached With Can Can
Length : 41
Flair : 3.80 Meter 
Inner : Micro Cotton

Blouse(Unstitched)
Blouse Fabric : Dola Silk  
Blouse Work : Patola Print 
Blouse Length : 0.80 Meter

Dupatta
Dupatta Fabric : Dola Silk
Dupatta Work : Patola Print With Gotta Patti Lace Border Also Comes With Tassels 
Dupatta Length : 2.5 Meter

Package Contain : Lehenga, Blouse, Dupatta","images/zkAI29kP_0.webp|images/zkAI29kP_1.webp|images/zkAI29kP_2.webp|images/zkAI29kP_3.webp|images/zkAI29kP_4.webp|images/zkAI29kP_5.webp","LEHENGA CHOLI","Fabric 1=DOLA SILK|Package Contents=1 Lehanga 1 Blouse 1 Dupatta (3 pc)|Wash Care=Dry Clean Only, Do Not Bleach|Product Weight=0.75|Colour Code=PINK|Size=FREE SIZE UPTO 44|Country=India|Work=Lehenga Work : Patola Print With Foil Work|Occasions=Festival, Party, Traditional, Wedding, Dulhan Lehenga , Bridal Lehenga, Marriage Special, Party Wear, Lehenga|Brand=Zari Lane|Ideal for=Women|Blouse=Unstitched|Blouse Length=0.80 Mtr|Lehnga Length=42 Mtr|Lehnga Flair=3 Mtr|Dupatta Length=2.4 Mtr|Product Type=Lehenga Choli|Made In
=India|Ideal For
=Women|Inner=Micro Cotton| Lehenga Work=Patola Print With Foil Work|Dupatta Work=Potala Print with Gotta Patti Lace Border Also Comes with Tassels"
"Navratri Special Green Color Patola Print Lehenga Choli","Lehenga Choli","GREEN","1299","4599","FREE SIZE:50","Elevate your ethnic wardrobe with our exquisite Lehenga Choli collection, curated to perfection for the modern Indian woman. Crafted with luxurious fabrics and adorned with intricate embroidery, each ensemble exudes timeless elegance and grace. From vibrant hues to subtle pastels, our range offers a diverse selection to suit every taste and occasion. Whether it's a wedding celebration, festive gala, or cultural event, our Lehenga Cholis are designed to make you feel confident and captivating. Discover the epitome of traditional charm and contemporary flair with our handpicked designs. Shop now and indulge in the allure of Lehenga Choli couture.","images/Po-gl8_H_0.webp|images/Po-gl8_H_1.webp|images/Po-gl8_H_2.webp","LEHENGA CHOLI","Fabric 1=DOLA SILK|Package Contents=1 Lehanga 1 Blouse 1 Dupatta (3 pc)|Wash Care=Dry Clean Only, Do Not Bleach|Product Weight=0.75|Colour Code=GREEN|Size=FREE SIZE UPTO 44|Country=India|Work=Lehenga Work : Patola Print With Foil Work|Occasions=Festival, Party, Traditional, Wedding, Dulhan Lehenga , Bridal Lehenga, Marriage Special, Party Wear, Lehenga|Brand=Zari Lane|Ideal for=Women|Blouse=Unstitched|Blouse Length=0.80 Mtr|Lehnga Length=42 Mtr|Lehnga Flair=3 Mtr|Dupatta Length=2.4 Mtr"
"Brown color tussar silk foil print lehenga choli","Lehenga Choli","BROWN","1299","4599","FREE SIZE:50","Elevate your ethnic wardrobe with our exquisite Lehenga Choli collection, curated to perfection for the modern Indian woman. Crafted with luxurious fabrics and adorned with intricate embroidery, each ensemble exudes timeless elegance and grace. From vibrant hues to subtle pastels, our range offers a diverse selection to suit every taste and occasion. Whether it's a wedding celebration, festive gala, or cultural event, our Lehenga Cholis are designed to make you feel confident and captivating. Discover the epitome of traditional charm and contemporary flair with our handpicked designs. Shop now and indulge in the allure of Lehenga Choli couture.","images/nXz_NlcS_0.webp|images/nXz_NlcS_1.webp|images/nXz_NlcS_2.webp|images/nXz_NlcS_3.webp","LEHENGA CHOLI","Fabric 1=DOLA SILK|Package Contents=1 Lehanga 1 Blouse 1 Dupatta (3 pc)|Wash Care=Dry Clean Only, Do Not Bleach|Product Weight=0.75|Colour Code=BROWN|Size=FREE SIZE UPTO 44|Country=India|Work=Lehenga Work : Patola Print With Foil Work|Occasions=Festival, Party, Traditional, Wedding, Dulhan Lehenga , Bridal Lehenga, Marriage Special, Party Wear, Lehenga|Brand=Zari Lane|Ideal for=Women|Blouse=Unstitched|Blouse Length=0.80 Mtr|Lehnga Length=42 Mtr|Lehnga Flair=3 Mtr|Dupatta Length=2.4 Mtr"
"Tussar Silk Pink Fabulously Patola Printed Stitched Lehenga & Blouse With Dupatta","Lehenga Choli","PINK","1299","4599","FREE SIZE:50","Elevate your ethnic wardrobe with our exquisite Lehenga Choli collection, curated to perfection for the modern Indian woman. Crafted with luxurious fabrics and adorned with intricate embroidery, each ensemble exudes timeless elegance and grace. From vibrant hues to subtle pastels, our range offers a diverse selection to suit every taste and occasion. Whether it's a wedding celebration, festive gala, or cultural event, our Lehenga Cholis are designed to make you feel confident and captivating. Discover the epitome of traditional charm and contemporary flair with our handpicked designs. Shop now and indulge in the allure of Lehenga Choli couture.","images/QTPlsTH7_0.webp|images/QTPlsTH7_1.webp|images/QTPlsTH7_2.webp|images/QTPlsTH7_3.webp","LEHENGA CHOLI","Fabric 1=DOLA SILK|Package Contents=1 Lehanga 1 Blouse 1 Dupatta (3 pc)|Wash Care=Dry Clean Only, Do Not Bleach|Product Weight=0.75|Colour Code=PINK|Size=FREE SIZE UPTO 44|Country=India|Work=Lehenga Work : Patola Print With Foil Work|Occasions=Festival, Party, Traditional, Wedding, Dulhan Lehenga , Bridal Lehenga, Marriage Special, Party Wear, Lehenga|Brand=Zari Lane|Ideal for=Women|Blouse=Unstitched|Blouse Length=0.80 Mtr|Lehnga Length=42 Mtr|Lehnga Flair=3 Mtr|Dupatta Length=2.4 Mtr"
"Pink With Heavy Lichi Fabric With Jacquard Border Jari Lining With Print","Other","PINK","1599","2999","FREE SIZE:50","??Royal threads. Modern souls. Presenting our latest lehenga collection??

  ??Lehenga (Stitched) ??
Lehenga Fabric:- Heavy Lichi Fabric WIth Jacquard Border
Lehenga Work:- Jacquard With Jari Lining With Print 
Lehenga Inner:- Micro Cotton
Lehenga Flair:- 3 Meter
Lehenga Size:- upto 44 
Lehenga Stitch Type:– Stitched (Standard Canvas Attached)

  ??Blouse Unstitched??
Blouse Fabric:- Heavy Lichi Fabric WIth Jacquard Border
Blouse Work:- Jacquard With Jari Lining With Print 
Blouse Length : 1 Meter 
 
   ??Dupatta??
Dupatta Fabric:- Heavy Lichi Fabric WIth Jacquard Border
Dupatta Size:- 2.40 Meter
Dupatta Work:- Jacquard With Jari Lining With Print

Package Contain : Lehenga, Blouse, Dupatta 

Weight : 0.700 KG

??Real quality doesn’t need to shout – it shows??","images/Aa2xydxW_0.webp|images/Aa2xydxW_1.webp|images/Aa2xydxW_2.webp","LEHENGA CHOLI","Fabric 1=DOLA SILK|Package Contents=1 Lehanga 1 Blouse 1 Dupatta (3 pc)|Wash Care=Dry Clean Only, Do Not Bleach|Product Weight=0.75|Colour Code=PINK|Size=FREE SIZE UPTO 44|Country=India|Work=Heavy Lichi Fabric WIth Jacquard Border|Occasions=Festival, Party, Traditional, Wedding, Dulhan Lehenga , Bridal Lehenga, Marriage Special, Party Wear, Lehenga|Brand=Zari Lane|Ideal for=Women|Blouse=Unstitched|Blouse Length=0.80 Mtr|Lehnga Length=42 Mtr|Lehnga Flair=3 Mtr|Dupatta Length=2.4 Mtr|Secondary Color=BLUE"
"Navratri Multi Rayon Lehenga and Gamthi Work Blouse for Navratri Festive Fashion at Its Best:","Lehenga Choli","MULTI COLOR","1399","2199","FREE SIZE UPTO 44 WAIST SIZE:50","Lehenga (Stitched)
Lehenga Fabric : Rayon 
Lehenga Work : Plain And Lace Border With Gotta Patti Touch Up
Lehenga Waist : Support Up To 44 
Lehenga Closer : Drawstring With Zip
Stitching : Stitched With Canvas And Full Inner
Length : 41
Flair : 4 Meter
Inner : Micro Cotton

Blouse (UN- Stitched)
Blouse Fabric : Rayon (UNStitched)
Blouse Work : Plain And Gamthi Work With Cowrie (Kodi) Lace Touch Up

Package Contain : Lehenga, Blouse","images/A1RxGMoU_0.webp|images/A1RxGMoU_1.webp|images/A1RxGMoU_2.webp","LEHENGA CHOLI","Fabric 1=REYON|Package Contents=1 Lehanga 1 Blouse|Wash Care=Dry Clean Only, Do Not Bleach|Product Weight=0.75|Colour Code=MULTI COLOR|Size=FREE SIZE UPTO 44|Country=India|Occasions=Festival, Party, Traditional, Wedding, Dulhan Lehenga , Bridal Lehenga, Marriage Special, Party Wear, Lehenga|Brand=Zari Lane|Ideal for=Women|Blouse=Unstitched|Blouse Length=0.80 Mtr|Lehnga Length=42 Mtr|Lehnga Flair=3 Mtr|Dupatta Length=2.4 Mtr|Care Instruction=Dry Clean Only, Do Not Bleach"
"White Patola Print Traditional Lehenga Choli","Lehenga Choli","WHITE","1299","4649","Free Size:50","Elevate your ethnic style with our stunning Patola Print Traditional Lehenga Choli. This outfit pays homage to India's rich heritage, featuring the beautiful Patola weaving technique known for its vibrant colors and intricate patterns.
 
 The blend of tradition and modern fashion is perfect for those seeking comfort and style. The Patola print adds a touch of regal charm, making it ideal for weddings, cultural celebrations, and festivals.
 
 The Lehenga Choli set is all about striking a balance between timeless tradition and contemporary elegance. Its vivid colors and exceptional craftsmanship ensure you'll stand out and leave a lasting impression.
 
 Whether you're attending a special occasion or simply want to celebrate India's cultural richness, this outfit is a fantastic choice. It's more than just clothing; it's a reflection of your refined fashion taste and a way to cherish the beauty of tradition while embracing modern style.
 
 In the Patola Print Traditional Lehenga Choli, you're not just wearing an outfit; you're showcasing a piece of India's cultural legacy and making a remarkable fashion statement.","images/mi_Q5cig_0.webp|images/mi_Q5cig_1.webp|images/mi_Q5cig_2.webp|images/mi_Q5cig_3.webp|images/mi_Q5cig_4.webp","LEHENGA CHOLI","Fabric 1=DOLA SILK|Package Contents=1 Lehanga 1 Blouse 1 Dupatta (3 pc)|Wash Care=Dry Clean Only, Do Not Bleach|Product Weight=0.75|Colour Code=WHITE|Size=FREE SIZE UPTO 44|Country=India|Work=Lehenga Work : Patola Print With Foil Work|Occasions=Festival, Party, Traditional, Wedding, Dulhan Lehenga , Bridal Lehenga, Marriage Special, Party Wear, Lehenga|Brand=Zari Lane|Ideal for=Women|Blouse=Unstitched|Blouse Length=0.80 Mtr|Lehnga Length=42 Mtr|Lehnga Flair=3 Mtr|Dupatta Length=2.4 Mtr|Lehenga (Free Size)=46 inch|Blouse Unstitched=1.2  mtr|Dupatta Length (mtr)=2.5  mtr"
"Tussar Silk Firozi Fabulously Patola Printed Stitched Lehenga & Blouse With Dupatta","Lehenga Choli","FIROZI","1299","4599","FREE SIZE:50","Elevate your ethnic wardrobe with our exquisite Lehenga Choli collection, curated to perfection for the modern Indian woman. Crafted with luxurious fabrics and adorned with intricate embroidery, each ensemble exudes timeless elegance and grace. From vibrant hues to subtle pastels, our range offers a diverse selection to suit every taste and occasion. Whether it's a wedding celebration, festive gala, or cultural event, our Lehenga Cholis are designed to make you feel confident and captivating. Discover the epitome of traditional charm and contemporary flair with our handpicked designs. Shop now and indulge in the allure of Lehenga Choli couture.","images/bUwXChOU_0.webp|images/bUwXChOU_1.webp|images/bUwXChOU_2.webp|images/bUwXChOU_3.webp|images/bUwXChOU_4.webp","LEHENGA CHOLI","Fabric 1=DOLA SILK|Package Contents=1 Lehanga 1 Blouse 1 Dupatta (3 pc)|Wash Care=Dry Clean Only, Do Not Bleach|Product Weight=0.75|Colour Code=FIROZI|Size=FREE SIZE UPTO 44|Country=India|Work=Lehenga Work : Patola Print With Foil Work|Occasions=Festival, Party, Traditional, Wedding, Dulhan Lehenga , Bridal Lehenga, Marriage Special, Party Wear, Lehenga|Brand=Zari Lane|Ideal for=Women|Blouse=Unstitched|Blouse Length=0.80 Mtr|Lehnga Length=42 Mtr|Lehnga Flair=3 Mtr|Dupatta Length=2.4 Mtr"
"Rani Pink Floral Lehenga Choli with Foil Print & Gotta Patti Dupatta","Lehenga Choli","RANI PINK","1299","4599","FREE SIZE:50","Elevate your ethnic wardrobe with our exquisite Lehenga Choli collection, curated to perfection for the modern Indian woman. Crafted with luxurious fabrics and adorned with intricate embroidery, each ensemble exudes timeless elegance and grace. From vibrant hues to subtle pastels, our range offers a diverse selection to suit every taste and occasion. Whether it's a wedding celebration, festive gala, or cultural event, our Lehenga Cholis are designed to make you feel confident and captivating. Discover the epitome of traditional charm and contemporary flair with our handpicked designs. Shop now and indulge in the allure of Lehenga Choli couture.","images/xcyqi2Pd_0.webp|images/xcyqi2Pd_1.webp|images/xcyqi2Pd_2.webp","LEHENGA CHOLI","Fabric 1=DOLA SILK|Package Contents=1 Lehanga 1 Blouse 1 Dupatta (3 pc)|Wash Care=Dry Clean Only, Do Not Bleach|Product Weight=0.75|Colour Code=RANI PINK|Size=FREE SIZE UPTO 44|Country=India|Work=Lehenga Work : Patola Print With Foil Work|Occasions=Festival, Party, Traditional, Wedding, Dulhan Lehenga , Bridal Lehenga, Marriage Special, Party Wear, Lehenga|Brand=Zari Lane|Ideal for=Women|Blouse=Unstitched|Blouse Length=0.80 Mtr|Lehnga Length=42 Mtr|Lehnga Flair=3 Mtr|Dupatta Length=2.4 Mtr"
"Pink Color Dola Silk Designer Kalamkari Print Lehenga Choli","Lehenga Choli","PINK","1299","4599","FREE SIZE:50","Elevate your ethnic wardrobe with our exquisite Lehenga Choli collection, curated to perfection for the modern Indian woman. Crafted with luxurious fabrics and adorned with intricate embroidery, each ensemble exudes timeless elegance and grace. From vibrant hues to subtle pastels, our range offers a diverse selection to suit every taste and occasion. Whether it's a wedding celebration, festive gala, or cultural event, our Lehenga Cholis are designed to make you feel confident and captivating. Discover the epitome of traditional charm and contemporary flair with our handpicked designs. Shop now and indulge in the allure of Lehenga Choli couture.","images/RCDp0Llz_0.webp|images/RCDp0Llz_1.webp|images/RCDp0Llz_2.webp","LEHENGA CHOLI","Fabric 1=DOLA SILK|Package Contents=1 Lehanga 1 Blouse 1 Dupatta (3 pc)|Wash Care=Dry Clean Only, Do Not Bleach|Product Weight=0.75|Colour Code=PINK|Size=FREE SIZE UPTO 44|Country=India|Work=Lehenga Work : Patola Print With Foil Work|Occasions=Festival, Party, Traditional, Wedding, Dulhan Lehenga , Bridal Lehenga, Marriage Special, Party Wear, Lehenga|Brand=Zari Lane|Ideal for=Women|Blouse=Unstitched|Blouse Length=0.80 Mtr|Lehnga Length=42 Mtr|Lehnga Flair=3 Mtr|Dupatta Length=2.4 Mtr"
"Wine Dola Silk Patola Print Traditional Lehenga Choli","Lehenga Choli","WINE","1299","4599","FREE SIZE:50","Zari Lane's Patola Print Traditional Lehenga Choli strikes a perfect balance between timeless tradition and contemporary elegance. Whether attending a special occasion or celebrating India's cultural richness, this outfit is a fantastic choice. It's more than just clothing; it's a reflection of your refined fashion taste, allowing you to cherish the beauty of tradition while embracing modern style. In the Patola Print Traditional Lehenga Choli, you're not just wearing an outfit; you're showcasing a piece of India's cultural legacy and making a remarkable fashion statement.
 In the Patola Print Traditional Lehenga Choli, you're not just wearing an outfit; you're showcasing a piece of India's cultural legacy and making a remarkable fashion statement.""","images/dGzJVWPp_0.webp|images/dGzJVWPp_1.webp|images/dGzJVWPp_2.webp|images/dGzJVWPp_3.webp","LEHENGA CHOLI","Fabric 1=DOLA SILK|Package Contents=1 Lehanga 1 Blouse 1 Dupatta (3 pc)|Wash Care=Dry Clean Only, Do Not Bleach|Product Weight=0.75|Colour Code=PURPLE|Size=FREE SIZE UPTO 44|Country=India|Work=Lehenga Work : Patola Print With Foil Work|Occasions=Festival, Party, Traditional, Wedding, Dulhan Lehenga , Bridal Lehenga, Marriage Special, Party Wear, Lehenga|Brand=Zari Lane|Ideal for=Women|Blouse=Unstitched|Blouse Length=0.80 Mtr|Lehnga Length=42 Mtr|Lehnga Flair=3 Mtr|Dupatta Length=2.4 Mtr|Color=Purple"
"Yellow Color Dola Silk Designer Kalamkari Print Lehenga Choli","Lehenga Choli","YELLOW","1299","4599","FREE SIZE:50","Elevate your ethnic wardrobe with our exquisite Lehenga Choli collection, curated to perfection for the modern Indian woman. Crafted with luxurious fabrics and adorned with intricate embroidery, each ensemble exudes timeless elegance and grace. From vibrant hues to subtle pastels, our range offers a diverse selection to suit every taste and occasion. Whether it's a wedding celebration, festive gala, or cultural event, our Lehenga Cholis are designed to make you feel confident and captivating. Discover the epitome of traditional charm and contemporary flair with our handpicked designs. Shop now and indulge in the allure of Lehenga Choli couture.","images/yQOh00Ml_0.webp|images/yQOh00Ml_1.webp|images/yQOh00Ml_2.webp|images/yQOh00Ml_3.webp|images/yQOh00Ml_4.webp","LEHENGA CHOLI","Fabric 1=DOLA SILK|Package Contents=1 Lehanga 1 Blouse 1 Dupatta (3 pc)|Wash Care=Dry Clean Only, Do Not Bleach|Product Weight=0.75|Colour Code=YELLOW|Size=FREE SIZE UPTO 44|Country=India|Work=Lehenga Work : Patola Print With Foil Work|Occasions=Festival, Party, Traditional, Wedding, Dulhan Lehenga , Bridal Lehenga, Marriage Special, Party Wear, Lehenga|Brand=Zari Lane|Ideal for=Women|Blouse=Unstitched|Blouse Length=0.80 Mtr|Lehnga Length=42 Mtr|Lehnga Flair=3 Mtr|Dupatta Length=2.4 Mtr"
"Dola Silk Red Patola Print Traditional Lehenga Choli (Flower Red)","Lehenga Choli","RED","1299","4599","FREE SIZE:50","This Festive Session You Definitely Would Have Worn One Of Your Favourite Outfit. So We Have Curated A Collection Of Patola Print Traditional Lehanga Choli. 
Lehenga(Stitched)
Lehenga Fabric : Dola Silk 
Lehenga Work : Patola Print With Foil Work 
Waist : Supported Up To 42
Stitching : Stitched With Canvas And Attached With Can Can
Length : 41
Flair : 3.30 Meter 
Inner : Micro Cotton

Blouse(Unstitched)
Blouse Fabric : Dola Silk  
Blouse Work : Patola Print 
Blouse Length : 0.80 Meter

Dupatta
Dupatta Fabric : Dola Silk
Dupatta Work : Patola Print With Gotta Patti Lace Border Also Comes With Tassels 
Dupatta Length : 2.5 Meter

Package Contain : Lehenga, Blouse, Dupatta","images/h90W-KTk_0.webp|images/h90W-KTk_1.webp|images/h90W-KTk_2.webp|images/h90W-KTk_3.webp|images/h90W-KTk_4.webp|images/h90W-KTk_5.webp|images/h90W-KTk_6.webp","LEHENGA CHOLI","Fabric 1=DOLA SILK|Package Contents=1 Lehanga 1 Blouse 1 Dupatta (3 pc)|Wash Care=Dry Clean Only, Do Not Bleach|Product Weight=0.75|Colour Code=RED|Size=FREE SIZE UPTO 44|Country=India|Work=1 Lehanga 1 Blouse 1 Dupatta (3 pc)|Occasions=Festival, Party, Traditional, Wedding, Dulhan Lehenga , Bridal Lehenga, Marriage Special, Party Wear, Lehenga|Brand=Zari Lane|Ideal for=Women|Blouse=Unstitched|Blouse Length=0.80 Mtr|Lehnga Length=42 Mtr|Lehnga Flair=3 Mtr|Dupatta Length=2.4 Mtr|Product Type=FREE SIZE UPTO 44 WAIST SIZE|Made In
=Micro Cotton|Ideal For
=Unstiched|Inner=Patola Print With Foil Work| Lehenga Work=2.5 Mtrs|Dupatta Work=Lehenga Choli"
"Navratri Special Wine Color Patola Print Lehenga Choli","Lehenga Choli","WINE","1299","4599","FREE SIZE:50","Elevate your ethnic wardrobe with our exquisite Lehenga Choli collection, curated to perfection for the modern Indian woman. Crafted with luxurious fabrics and adorned with intricate embroidery, each ensemble exudes timeless elegance and grace. From vibrant hues to subtle pastels, our range offers a diverse selection to suit every taste and occasion. Whether it's a wedding celebration, festive gala, or cultural event, our Lehenga Cholis are designed to make you feel confident and captivating. Discover the epitome of traditional charm and contemporary flair with our handpicked designs. Shop now and indulge in the allure of Lehenga Choli couture.","images/fUGNAocI_0.webp|images/fUGNAocI_1.webp|images/fUGNAocI_2.webp","LEHENGA CHOLI","Fabric 1=DOLA SILK|Package Contents=1 Lehanga 1 Blouse 1 Dupatta (3 pc)|Wash Care=Dry Clean Only, Do Not Bleach|Product Weight=0.75|Colour Code=WINE|Size=FREE SIZE UPTO 44|Country=India|Work=Lehenga Work : Patola Print With Foil Work|Occasions=Festival, Party, Traditional, Wedding, Dulhan Lehenga , Bridal Lehenga, Marriage Special, Party Wear, Lehenga|Brand=Zari Lane|Ideal for=Women|Blouse=Unstitched|Blouse Length=0.80 Mtr|Lehnga Length=42 Mtr|Lehnga Flair=3 Mtr|Dupatta Length=2.4 Mtr"
"Yellow color tussar silk foil print lehenga choli","Lehenga Choli","YELLOW","1299","4599","FREE SIZE:50","Elevate your ethnic wardrobe with our exquisite Lehenga Choli collection, curated to perfection for the modern Indian woman. Crafted with luxurious fabrics and adorned with intricate embroidery, each ensemble exudes timeless elegance and grace. From vibrant hues to subtle pastels, our range offers a diverse selection to suit every taste and occasion. Whether it's a wedding celebration, festive gala, or cultural event, our Lehenga Cholis are designed to make you feel confident and captivating. Discover the epitome of traditional charm and contemporary flair with our handpicked designs. Shop now and indulge in the allure of Lehenga Choli couture.","images/Lzu3XENM_0.webp|images/Lzu3XENM_1.webp|images/Lzu3XENM_2.webp|images/Lzu3XENM_3.webp|images/Lzu3XENM_4.webp","LEHENGA CHOLI","Fabric 1=DOLA SILK|Package Contents=1 Lehanga 1 Blouse 1 Dupatta (3 pc)|Wash Care=Dry Clean Only, Do Not Bleach|Product Weight=0.75|Colour Code=YELLOW|Size=FREE SIZE UPTO 44|Country=India|Work=Lehenga Work : Patola Print With Foil Work|Occasions=Festival, Party, Traditional, Wedding, Dulhan Lehenga , Bridal Lehenga, Marriage Special, Party Wear, Lehenga|Brand=Zari Lane|Ideal for=Women|Blouse=Unstitched|Blouse Length=0.80 Mtr|Lehnga Length=42 Mtr|Lehnga Flair=3 Mtr|Dupatta Length=2.4 Mtr"
"White Color Dola Silk Designer Kalamkari Print Lehenga Choli","Lehenga Choli","WHITE","1299","4599","FREE SIZE:50","Elevate your ethnic wardrobe with our exquisite Lehenga Choli collection, curated to perfection for the modern Indian woman. Crafted with luxurious fabrics and adorned with intricate embroidery, each ensemble exudes timeless elegance and grace. From vibrant hues to subtle pastels, our range offers a diverse selection to suit every taste and occasion. Whether it's a wedding celebration, festive gala, or cultural event, our Lehenga Cholis are designed to make you feel confident and captivating. Discover the epitome of traditional charm and contemporary flair with our handpicked designs. Shop now and indulge in the allure of Lehenga Choli couture.","images/c1_8gnGB_0.webp|images/c1_8gnGB_1.webp|images/c1_8gnGB_2.webp|images/c1_8gnGB_3.webp|images/c1_8gnGB_4.webp","LEHENGA CHOLI","Fabric 1=DOLA SILK|Package Contents=1 Lehanga 1 Blouse 1 Dupatta (3 pc)|Wash Care=Dry Clean Only, Do Not Bleach|Product Weight=0.75|Colour Code=WHITE|Size=FREE SIZE UPTO 44|Country=India|Work=Lehenga Work : Patola Print With Foil Work|Occasions=Festival, Party, Traditional, Wedding, Dulhan Lehenga , Bridal Lehenga, Marriage Special, Party Wear, Lehenga|Brand=Zari Lane|Ideal for=Women|Blouse=Unstitched|Blouse Length=0.80 Mtr|Lehnga Length=42 Mtr|Lehnga Flair=3 Mtr|Dupatta Length=2.4 Mtr"
"Purple color tussar silk foil print lehenga choli","Lehenga Choli","PURPLE","1299","4599","FREE SIZE:50","Elevate your ethnic wardrobe with our exquisite Lehenga Choli collection, curated to perfection for the modern Indian woman. Crafted with luxurious fabrics and adorned with intricate embroidery, each ensemble exudes timeless elegance and grace. From vibrant hues to subtle pastels, our range offers a diverse selection to suit every taste and occasion. Whether it's a wedding celebration, festive gala, or cultural event, our Lehenga Cholis are designed to make you feel confident and captivating. Discover the epitome of traditional charm and contemporary flair with our handpicked designs. Shop now and indulge in the allure of Lehenga Choli couture.","images/Fw_Z1XIL_0.webp","LEHENGA CHOLI","Fabric 1=DOLA SILK|Package Contents=1 Lehanga 1 Blouse 1 Dupatta (3 pc)|Wash Care=Dry Clean Only, Do Not Bleach|Product Weight=0.75|Colour Code=PURPLE|Size=FREE SIZE UPTO 44|Country=India|Work=Lehenga Work : Patola Print With Foil Work|Occasions=Festival, Party, Traditional, Wedding, Dulhan Lehenga , Bridal Lehenga, Marriage Special, Party Wear, Lehenga|Brand=Zari Lane|Ideal for=Women|Blouse=Unstitched|Blouse Length=0.80 Mtr|Lehnga Length=42 Mtr|Lehnga Flair=3 Mtr|Dupatta Length=2.4 Mtr"
"Yellow color tussar silk foil print lehenga choli","Lehenga Choli","YELLOW","1299","4599","FREE SIZE:50","Elevate your ethnic wardrobe with our exquisite Lehenga Choli collection, curated to perfection for the modern Indian woman. Crafted with luxurious fabrics and adorned with intricate embroidery, each ensemble exudes timeless elegance and grace. From vibrant hues to subtle pastels, our range offers a diverse selection to suit every taste and occasion. Whether it's a wedding celebration, festive gala, or cultural event, our Lehenga Cholis are designed to make you feel confident and captivating. Discover the epitome of traditional charm and contemporary flair with our handpicked designs. Shop now and indulge in the allure of Lehenga Choli couture.","images/RB0-Jz9u_0.webp|images/RB0-Jz9u_1.webp|images/RB0-Jz9u_2.webp","LEHENGA CHOLI","Fabric 1=DOLA SILK|Package Contents=1 Lehanga 1 Blouse 1 Dupatta (3 pc)|Wash Care=Dry Clean Only, Do Not Bleach|Product Weight=0.75|Colour Code=YELLOW|Size=FREE SIZE UPTO 44|Country=India|Work=Lehenga Work : Patola Print With Foil Work|Occasions=Festival, Party, Traditional, Wedding, Dulhan Lehenga , Bridal Lehenga, Marriage Special, Party Wear, Lehenga|Brand=Zari Lane|Ideal for=Women|Blouse=Unstitched|Blouse Length=0.80 Mtr|Lehnga Length=42 Mtr|Lehnga Flair=3 Mtr|Dupatta Length=2.4 Mtr"
"White Color Dola Silk Designer Kalamkari Print Lehenga Choli","Lehenga Choli","WHITE","1299","4599","FREE SIZE:50","Elevate your ethnic wardrobe with our exquisite Lehenga Choli collection, curated to perfection for the modern Indian woman. Crafted with luxurious fabrics and adorned with intricate embroidery, each ensemble exudes timeless elegance and grace. From vibrant hues to subtle pastels, our range offers a diverse selection to suit every taste and occasion. Whether it's a wedding celebration, festive gala, or cultural event, our Lehenga Cholis are designed to make you feel confident and captivating. Discover the epitome of traditional charm and contemporary flair with our handpicked designs. Shop now and indulge in the allure of Lehenga Choli couture.","images/z_Nz9X2f_0.webp|images/z_Nz9X2f_1.webp|images/z_Nz9X2f_2.webp|images/z_Nz9X2f_3.webp|images/z_Nz9X2f_4.webp","LEHENGA CHOLI","Fabric 1=DOLA SILK|Package Contents=1 Lehanga 1 Blouse 1 Dupatta (3 pc)|Wash Care=Dry Clean Only, Do Not Bleach|Product Weight=0.75|Colour Code=WHITE|Size=FREE SIZE UPTO 44|Country=India|Work=Lehenga Work : Patola Print With Foil Work|Occasions=Festival, Party, Traditional, Wedding, Dulhan Lehenga , Bridal Lehenga, Marriage Special, Party Wear, Lehenga|Brand=Zari Lane|Ideal for=Women|Blouse=Unstitched|Blouse Length=0.80 Mtr|Lehnga Length=42 Mtr|Lehnga Flair=3 Mtr|Dupatta Length=2.4 Mtr"
"Yellow With Heavy Lichi Fabric With Jacquard Border Jari Lining With Print","Other","YELLOW","1599","2999","FREE SIZE:50","??Royal threads. Modern souls. Presenting our latest lehenga collection??

  ??Lehenga (Stitched) ??
Lehenga Fabric:- Heavy Lichi Fabric WIth Jacquard Border
Lehenga Work:- Jacquard With Jari Lining With Print 
Lehenga Inner:- Micro Cotton
Lehenga Flair:- 3 Meter
Lehenga Size:- upto 44 
Lehenga Stitch Type:– Stitched (Standard Canvas Attached)

  ??Blouse Unstitched??
Blouse Fabric:- Heavy Lichi Fabric WIth Jacquard Border
Blouse Work:- Jacquard With Jari Lining With Print 
Blouse Length : 1 Meter 
 
   ??Dupatta??
Dupatta Fabric:- Heavy Lichi Fabric WIth Jacquard Border
Dupatta Size:- 2.40 Meter
Dupatta Work:- Jacquard With Jari Lining With Print

Package Contain : Lehenga, Blouse, Dupatta 

Weight : 0.700 KG

??Real quality doesn’t need to shout – it shows??","images/xlQpTs-7_0.webp|images/xlQpTs-7_1.webp|images/xlQpTs-7_2.webp","LEHENGA CHOLI","Fabric 1=DOLA SILK|Package Contents=1 Lehanga 1 Blouse 1 Dupatta (3 pc)|Wash Care=Dry Clean Only, Do Not Bleach|Product Weight=0.75|Colour Code=YELLOW|Size=FREE SIZE UPTO 44|Country=India|Work=Heavy Lichi Fabric WIth Jacquard Border|Occasions=Festival, Party, Traditional, Wedding, Dulhan Lehenga , Bridal Lehenga, Marriage Special, Party Wear, Lehenga|Brand=Zari Lane|Ideal for=Women|Blouse=Unstitched|Blouse Length=0.80 Mtr|Lehnga Length=42 Mtr|Lehnga Flair=3 Mtr|Dupatta Length=2.4 Mtr"
"Green color tussar silk foil print lehenga choli","Lehenga Choli","GREEN","1299","4599","FREE SIZE:50","Elevate your ethnic wardrobe with our exquisite Lehenga Choli collection, curated to perfection for the modern Indian woman. Crafted with luxurious fabrics and adorned with intricate embroidery, each ensemble exudes timeless elegance and grace. From vibrant hues to subtle pastels, our range offers a diverse selection to suit every taste and occasion. Whether it's a wedding celebration, festive gala, or cultural event, our Lehenga Cholis are designed to make you feel confident and captivating. Discover the epitome of traditional charm and contemporary flair with our handpicked designs. Shop now and indulge in the allure of Lehenga Choli couture.","images/EdLEREAs_0.webp|images/EdLEREAs_1.webp|images/EdLEREAs_2.webp","LEHENGA CHOLI","Fabric 1=DOLA SILK|Package Contents=1 Lehanga 1 Blouse 1 Dupatta (3 pc)|Wash Care=Dry Clean Only, Do Not Bleach|Product Weight=0.75|Colour Code=GREEN|Size=FREE SIZE UPTO 44|Country=India|Work=Lehenga Work : Patola Print With Foil Work|Occasions=Festival, Party, Traditional, Wedding, Dulhan Lehenga , Bridal Lehenga, Marriage Special, Party Wear, Lehenga|Brand=Zari Lane|Ideal for=Women|Blouse=Unstitched|Blouse Length=0.80 Mtr|Lehnga Length=42 Mtr|Lehnga Flair=3 Mtr|Dupatta Length=2.4 Mtr"
"SGreen color tussar silk foil print lehenga choli","Lehenga Choli","SGREEN","1299","4599","FREE SIZE:50","Elevate your ethnic wardrobe with our exquisite Lehenga Choli collection, curated to perfection for the modern Indian woman. Crafted with luxurious fabrics and adorned with intricate embroidery, each ensemble exudes timeless elegance and grace. From vibrant hues to subtle pastels, our range offers a diverse selection to suit every taste and occasion. Whether it's a wedding celebration, festive gala, or cultural event, our Lehenga Cholis are designed to make you feel confident and captivating. Discover the epitome of traditional charm and contemporary flair with our handpicked designs. Shop now and indulge in the allure of Lehenga Choli couture.","images/EruKRCU3_0.webp|images/EruKRCU3_1.webp|images/EruKRCU3_2.webp|images/EruKRCU3_3.webp|images/EruKRCU3_4.webp","LEHENGA CHOLI","Fabric 1=DOLA SILK|Package Contents=1 Lehanga 1 Blouse 1 Dupatta (3 pc)|Wash Care=Dry Clean Only, Do Not Bleach|Product Weight=0.75|Colour Code=GREEN|Size=FREE SIZE UPTO 44|Country=India|Work=Lehenga Work : Patola Print With Foil Work|Occasions=Festival, Party, Traditional, Wedding, Dulhan Lehenga , Bridal Lehenga, Marriage Special, Party Wear, Lehenga|Brand=Zari Lane|Ideal for=Women|Blouse=Unstitched|Blouse Length=0.80 Mtr|Lehnga Length=42 Mtr|Lehnga Flair=3 Mtr|Dupatta Length=2.4 Mtr"
"Yellow With Heavy Lichi Fabric With Jacquard Border Jari Lining With Print","Other","YELLOW","1599","2999","FREE SIZE:50","??Royal threads. Modern souls. Presenting our latest lehenga collection??

  ??Lehenga (Stitched) ??
Lehenga Fabric:- Heavy Lichi Fabric WIth Jacquard Border
Lehenga Work:- Jacquard With Jari Lining With Print 
Lehenga Inner:- Micro Cotton
Lehenga Flair:- 3 Meter
Lehenga Size:- upto 44 
Lehenga Stitch Type:– Stitched (Standard Canvas Attached)

  ??Blouse Unstitched??
Blouse Fabric:- Heavy Lichi Fabric WIth Jacquard Border
Blouse Work:- Jacquard With Jari Lining With Print 
Blouse Length : 1 Meter 
 
   ??Dupatta??
Dupatta Fabric:- Heavy Lichi Fabric WIth Jacquard Border
Dupatta Size:- 2.40 Meter
Dupatta Work:- Jacquard With Jari Lining With Print

Package Contain : Lehenga, Blouse, Dupatta 

Weight : 0.700 KG

??Real quality doesn’t need to shout – it shows??","images/u7tEmmqh_0.webp|images/u7tEmmqh_1.webp|images/u7tEmmqh_2.webp","LEHENGA CHOLI","Fabric 1=DOLA SILK|Package Contents=1 Lehanga 1 Blouse 1 Dupatta (3 pc)|Wash Care=Dry Clean Only, Do Not Bleach|Product Weight=0.75|Colour Code=YELLOW|Size=FREE SIZE UPTO 44|Country=India|Work=Heavy Lichi Fabric WIth Jacquard Border|Occasions=Festival, Party, Traditional, Wedding, Dulhan Lehenga , Bridal Lehenga, Marriage Special, Party Wear, Lehenga|Brand=Zari Lane|Ideal for=Women|Blouse=Unstitched|Blouse Length=0.80 Mtr|Lehnga Length=42 Mtr|Lehnga Flair=3 Mtr|Dupatta Length=2.4 Mtr"
"Mustard Dola Silk Patola PrintTraditional Lehenga Choli","Lehenga Choli","MUSTARD","1299","4599","FREE SIZE:50","Zari Lane's Patola Print Traditional Lehenga Choli strikes a perfect balance between timeless tradition and contemporary elegance. Whether attending a special occasion or celebrating India's cultural richness, this outfit is a fantastic choice. It's more than just clothing; it's a reflection of your refined fashion taste, allowing you to cherish the beauty of tradition while embracing modern style. In the Patola Print Traditional Lehenga Choli, you're not just wearing an outfit; you're showcasing a piece of India's cultural legacy and making a remarkable fashion statement.
 In the Patola Print Traditional Lehenga Choli, you're not just wearing an outfit; you're showcasing a piece of India's cultural legacy and making a remarkable fashion statement.""","images/8i70b7dr_0.webp|images/8i70b7dr_1.webp|images/8i70b7dr_2.webp|images/8i70b7dr_3.webp","LEHENGA CHOLI","Fabric 1=DOLA SILK|Package Contents=1 Lehanga 1 Blouse 1 Dupatta (3 pc)|Wash Care=Dry Clean Only, Do Not Bleach|Product Weight=0.75|Colour Code=YELLOW|Size=FREE SIZE UPTO 44|Country=India|Work=Lehenga Work : Patola Print With Foil Work|Occasions=Festival, Party, Traditional, Wedding, Dulhan Lehenga , Bridal Lehenga, Marriage Special, Party Wear, Lehenga|Brand=Zari Lane|Ideal for=Women|Blouse=Unstitched|Blouse Length=0.80 Mtr|Lehnga Length=42 Mtr|Lehnga Flair=3 Mtr|Dupatta Length=2.4 Mtr"
"Yellow color tussar silk foil print lehenga choli","Lehenga Choli","YELLOW","1299","4599","FREE SIZE:50","Elevate your ethnic wardrobe with our exquisite Lehenga Choli collection, curated to perfection for the modern Indian woman. Crafted with luxurious fabrics and adorned with intricate embroidery, each ensemble exudes timeless elegance and grace. From vibrant hues to subtle pastels, our range offers a diverse selection to suit every taste and occasion. Whether it's a wedding celebration, festive gala, or cultural event, our Lehenga Cholis are designed to make you feel confident and captivating. Discover the epitome of traditional charm and contemporary flair with our handpicked designs. Shop now and indulge in the allure of Lehenga Choli couture.","images/kTqRzTGw_0.webp|images/kTqRzTGw_1.webp|images/kTqRzTGw_2.webp|images/kTqRzTGw_3.webp","LEHENGA CHOLI","Fabric 1=DOLA SILK|Package Contents=1 Lehanga 1 Blouse 1 Dupatta (3 pc)|Wash Care=Dry Clean Only, Do Not Bleach|Product Weight=0.75|Colour Code=YELLOW|Size=FREE SIZE UPTO 44|Country=India|Work=Lehenga Work : Patola Print With Foil Work|Occasions=Festival, Party, Traditional, Wedding, Dulhan Lehenga , Bridal Lehenga, Marriage Special, Party Wear, Lehenga|Brand=Zari Lane|Ideal for=Women|Blouse=Unstitched|Blouse Length=0.80 Mtr|Lehnga Length=42 Mtr|Lehnga Flair=3 Mtr|Dupatta Length=2.4 Mtr"
"Perfectly blended Tussar silk lehenga for festive season to charm your look","Lehenga Choli","BLUE","1499","4599","FREE SIZE:50","Elevate your ethnic wardrobe with our exquisite Lehenga Choli collection, curated to perfection for the modern Indian woman. Crafted with luxurious fabrics and adorned with intricate embroidery, each ensemble exudes timeless elegance and grace. From vibrant hues to subtle pastels, our range offers a diverse selection to suit every taste and occasion. Whether it's a wedding celebration, festive gala, or cultural event, our Lehenga Cholis are designed to make you feel confident and captivating. Discover the epitome of traditional charm and contemporary flair with our handpicked designs. Shop now and indulge in the allure of Lehenga Choli couture.","images/tfXoMs58_0.webp|images/tfXoMs58_1.webp|images/tfXoMs58_2.webp","LEHENGA CHOLI","Fabric 1=DOLA SILK|Package Contents=1 Lehanga 1 Blouse 1 Dupatta (3 pc)|Wash Care=Dry Clean Only, Do Not Bleach|Product Weight=0.75|Colour Code=BLUE|Country=India|Work=Lehenga Work : Patola Print With Foil Work|Occasions=Festival, Party, Traditional, Wedding, Dulhan Lehenga , Bridal Lehenga, Marriage Special, Party Wear, Lehenga|Brand=Zari Lane|Ideal for=Women|Blouse=Unstitched|Blouse Length=0.80 Mtr|Lehnga Length=42 Mtr|Lehnga Flair=3 Mtr|Dupatta Length=2.4 Mtr"
"Mustard Floral Lehenga Choli with Foil Print & Gotta Patti Dupatta","Lehenga Choli","MUSTARD","1299","4599","FREE SIZE:50","Elevate your ethnic wardrobe with our exquisite Lehenga Choli collection, curated to perfection for the modern Indian woman. Crafted with luxurious fabrics and adorned with intricate embroidery, each ensemble exudes timeless elegance and grace. From vibrant hues to subtle pastels, our range offers a diverse selection to suit every taste and occasion. Whether it's a wedding celebration, festive gala, or cultural event, our Lehenga Cholis are designed to make you feel confident and captivating. Discover the epitome of traditional charm and contemporary flair with our handpicked designs. Shop now and indulge in the allure of Lehenga Choli couture.","images/PYcPp-CU_0.webp|images/PYcPp-CU_1.webp|images/PYcPp-CU_2.webp","LEHENGA CHOLI","Fabric 1=DOLA SILK|Package Contents=1 Lehanga 1 Blouse 1 Dupatta (3 pc)|Wash Care=Dry Clean Only, Do Not Bleach|Product Weight=0.75|Colour Code=MUSTARD|Size=FREE SIZE UPTO 44|Country=India|Work=Lehenga Work : Patola Print With Foil Work|Occasions=Festival, Party, Traditional, Wedding, Dulhan Lehenga , Bridal Lehenga, Marriage Special, Party Wear, Lehenga|Brand=Zari Lane|Ideal for=Women|Blouse=Unstitched|Blouse Length=0.80 Mtr|Lehnga Length=42 Mtr|Lehnga Flair=3 Mtr|Dupatta Length=2.4 Mtr"
"Yellow With Heavy Lichi Fabric With Jacquard Border Jari Lining With Print","Other","YELLOW","1599","2999","FREE SIZE:50","??Royal threads. Modern souls. Presenting our latest lehenga collection??

  ??Lehenga (Stitched) ??
Lehenga Fabric:- Heavy Lichi Fabric WIth Jacquard Border
Lehenga Work:- Jacquard With Jari Lining With Print 
Lehenga Inner:- Micro Cotton
Lehenga Flair:- 3 Meter
Lehenga Size:- upto 44 
Lehenga Stitch Type:– Stitched (Standard Canvas Attached)

  ??Blouse Unstitched??
Blouse Fabric:- Heavy Lichi Fabric WIth Jacquard Border
Blouse Work:- Jacquard With Jari Lining With Print 
Blouse Length : 1 Meter 
 
   ??Dupatta??
Dupatta Fabric:- Heavy Lichi Fabric WIth Jacquard Border
Dupatta Size:- 2.40 Meter
Dupatta Work:- Jacquard With Jari Lining With Print

Package Contain : Lehenga, Blouse, Dupatta 

Weight : 0.700 KG

??Real quality doesn’t need to shout – it shows??","images/MjhUq_Ws_0.webp|images/MjhUq_Ws_1.webp|images/MjhUq_Ws_2.webp","LEHENGA CHOLI","Fabric 1=DOLA SILK|Package Contents=1 Lehanga 1 Blouse 1 Dupatta (3 pc)|Wash Care=Dry Clean Only, Do Not Bleach|Product Weight=0.75|Colour Code=YELLOW|Size=FREE SIZE UPTO 44|Country=India|Work=Heavy Lichi Fabric WIth Jacquard Border|Occasions=Festival, Party, Traditional, Wedding, Dulhan Lehenga , Bridal Lehenga, Marriage Special, Party Wear, Lehenga|Brand=Zari Lane|Ideal for=Women|Blouse=Unstitched|Blouse Length=0.80 Mtr|Lehnga Length=42 Mtr|Lehnga Flair=3 Mtr|Dupatta Length=2.4 Mtr"
"Lavender Color Dola Silk Designer Kalamkari Print Lehenga Choli","Lehenga Choli","LUVENDER","1299","4599","FREE SIZE:50","Elevate your ethnic wardrobe with our exquisite Lehenga Choli collection, curated to perfection for the modern Indian woman. Crafted with luxurious fabrics and adorned with intricate embroidery, each ensemble exudes timeless elegance and grace. From vibrant hues to subtle pastels, our range offers a diverse selection to suit every taste and occasion. Whether it's a wedding celebration, festive gala, or cultural event, our Lehenga Cholis are designed to make you feel confident and captivating. Discover the epitome of traditional charm and contemporary flair with our handpicked designs. Shop now and indulge in the allure of Lehenga Choli couture.","images/UUVqYr6I_0.webp|images/UUVqYr6I_1.webp|images/UUVqYr6I_2.webp|images/UUVqYr6I_3.webp","LEHENGA CHOLI","Fabric 1=DOLA SILK|Package Contents=1 Lehanga 1 Blouse 1 Dupatta (3 pc)|Wash Care=Dry Clean Only, Do Not Bleach|Product Weight=0.75|Colour Code=LUVENDER|Size=FREE SIZE UPTO 44|Country=India|Work=Lehenga Work : Patola Print With Foil Work|Occasions=Festival, Party, Traditional, Wedding, Dulhan Lehenga , Bridal Lehenga, Marriage Special, Party Wear, Lehenga|Brand=Zari Lane|Ideal for=Women|Blouse=Unstitched|Blouse Length=0.80 Mtr|Lehnga Length=42 Mtr|Lehnga Flair=3 Mtr|Dupatta Length=2.4 Mtr"
"Pink Color Dola Silk Designer Kalamkari Print Lehenga Choli","Lehenga Choli","PINK","1299","4599","FREE SIZE:50","Elevate your ethnic wardrobe with our exquisite Lehenga Choli collection, curated to perfection for the modern Indian woman. Crafted with luxurious fabrics and adorned with intricate embroidery, each ensemble exudes timeless elegance and grace. From vibrant hues to subtle pastels, our range offers a diverse selection to suit every taste and occasion. Whether it's a wedding celebration, festive gala, or cultural event, our Lehenga Cholis are designed to make you feel confident and captivating. Discover the epitome of traditional charm and contemporary flair with our handpicked designs. Shop now and indulge in the allure of Lehenga Choli couture.","images/dnqHND2c_0.webp|images/dnqHND2c_1.webp|images/dnqHND2c_2.webp|images/dnqHND2c_3.webp","LEHENGA CHOLI","Fabric 1=DOLA SILK|Package Contents=1 Lehanga 1 Blouse 1 Dupatta (3 pc)|Wash Care=Dry Clean Only, Do Not Bleach|Product Weight=0.75|Colour Code=PINK|Size=FREE SIZE UPTO 44|Country=India|Work=Lehenga Work : Patola Print With Foil Work|Occasions=Festival, Party, Traditional, Wedding, Dulhan Lehenga , Bridal Lehenga, Marriage Special, Party Wear, Lehenga|Brand=Zari Lane|Ideal for=Women|Blouse=Unstitched|Blouse Length=0.80 Mtr|Lehnga Length=42 Mtr|Lehnga Flair=3 Mtr|Dupatta Length=2.4 Mtr"
"White color tussar silk foil print lehenga choli","Lehenga Choli","WHITE","1299","4599","FREE SIZE:50","Elevate your ethnic wardrobe with our exquisite Lehenga Choli collection, curated to perfection for the modern Indian woman. Crafted with luxurious fabrics and adorned with intricate embroidery, each ensemble exudes timeless elegance and grace. From vibrant hues to subtle pastels, our range offers a diverse selection to suit every taste and occasion. Whether it's a wedding celebration, festive gala, or cultural event, our Lehenga Cholis are designed to make you feel confident and captivating. Discover the epitome of traditional charm and contemporary flair with our handpicked designs. Shop now and indulge in the allure of Lehenga Choli couture.","images/hNGqKZEp_0.webp|images/hNGqKZEp_1.webp|images/hNGqKZEp_2.webp","LEHENGA CHOLI","Fabric 1=DOLA SILK|Package Contents=1 Lehanga 1 Blouse 1 Dupatta (3 pc)|Wash Care=Dry Clean Only, Do Not Bleach|Product Weight=0.75|Colour Code=WHITE|Size=FREE SIZE UPTO 44|Country=India|Work=Lehenga Work : Patola Print With Foil Work|Occasions=Festival, Party, Traditional, Wedding, Dulhan Lehenga , Bridal Lehenga, Marriage Special, Party Wear, Lehenga|Brand=Zari Lane|Ideal for=Women|Blouse=Unstitched|Blouse Length=0.80 Mtr|Lehnga Length=42 Mtr|Lehnga Flair=3 Mtr|Dupatta Length=2.4 Mtr"
"Mustard Color Dola Silk Designer Kalamkari Print Lehenga Choli","Lehenga Choli","MUSTARD","1299","4599","FREE SIZE:50","Elevate your ethnic wardrobe with our exquisite Lehenga Choli collection, curated to perfection for the modern Indian woman. Crafted with luxurious fabrics and adorned with intricate embroidery, each ensemble exudes timeless elegance and grace. From vibrant hues to subtle pastels, our range offers a diverse selection to suit every taste and occasion. Whether it's a wedding celebration, festive gala, or cultural event, our Lehenga Cholis are designed to make you feel confident and captivating. Discover the epitome of traditional charm and contemporary flair with our handpicked designs. Shop now and indulge in the allure of Lehenga Choli couture.","images/h56feXKh_0.webp|images/h56feXKh_1.webp|images/h56feXKh_2.webp|images/h56feXKh_3.webp","LEHENGA CHOLI","Fabric 1=DOLA SILK|Package Contents=1 Lehanga 1 Blouse 1 Dupatta (3 pc)|Wash Care=Dry Clean Only, Do Not Bleach|Product Weight=0.75|Colour Code=MUSTARD|Size=FREE SIZE UPTO 44|Country=India|Work=Lehenga Work : Patola Print With Foil Work|Occasions=Festival, Party, Traditional, Wedding, Dulhan Lehenga , Bridal Lehenga, Marriage Special, Party Wear, Lehenga|Brand=Zari Lane|Ideal for=Women|Blouse=Unstitched|Blouse Length=0.80 Mtr|Lehnga Length=42 Mtr|Lehnga Flair=3 Mtr|Dupatta Length=2.4 Mtr"
"Yellow Color Dola Silk Designer Kalamkari Print Lehenga Choli","Lehenga Choli","YELLOW","1299","4599","FREE SIZE:50","Elevate your ethnic wardrobe with our exquisite Lehenga Choli collection, curated to perfection for the modern Indian woman. Crafted with luxurious fabrics and adorned with intricate embroidery, each ensemble exudes timeless elegance and grace. From vibrant hues to subtle pastels, our range offers a diverse selection to suit every taste and occasion. Whether it's a wedding celebration, festive gala, or cultural event, our Lehenga Cholis are designed to make you feel confident and captivating. Discover the epitome of traditional charm and contemporary flair with our handpicked designs. Shop now and indulge in the allure of Lehenga Choli couture.","images/1NagdUnp_0.webp|images/1NagdUnp_1.webp|images/1NagdUnp_2.webp|images/1NagdUnp_3.webp","LEHENGA CHOLI","Fabric 1=DOLA SILK|Package Contents=1 Lehanga 1 Blouse 1 Dupatta (3 pc)|Wash Care=Dry Clean Only, Do Not Bleach|Product Weight=0.75|Colour Code=YELLOW|Size=FREE SIZE UPTO 44|Country=India|Work=Lehenga Work : Patola Print With Foil Work|Occasions=Festival, Party, Traditional, Wedding, Dulhan Lehenga , Bridal Lehenga, Marriage Special, Party Wear, Lehenga|Brand=Zari Lane|Ideal for=Women|Blouse=Unstitched|Blouse Length=0.80 Mtr|Lehnga Length=42 Mtr|Lehnga Flair=3 Mtr|Dupatta Length=2.4 Mtr"
"Red Color Dola Silk Designer Kalamkari Print Lehenga Choli","Lehenga Choli","RED","1299","4599","FREE SIZE:50","Elevate your ethnic wardrobe with our exquisite Lehenga Choli collection, curated to perfection for the modern Indian woman. Crafted with luxurious fabrics and adorned with intricate embroidery, each ensemble exudes timeless elegance and grace. From vibrant hues to subtle pastels, our range offers a diverse selection to suit every taste and occasion. Whether it's a wedding celebration, festive gala, or cultural event, our Lehenga Cholis are designed to make you feel confident and captivating. Discover the epitome of traditional charm and contemporary flair with our handpicked designs. Shop now and indulge in the allure of Lehenga Choli couture.","images/c16qsMPp_0.webp|images/c16qsMPp_1.webp|images/c16qsMPp_2.webp|images/c16qsMPp_3.webp|images/c16qsMPp_4.webp","LEHENGA CHOLI","Fabric 1=DOLA SILK|Package Contents=1 Lehanga 1 Blouse 1 Dupatta (3 pc)|Wash Care=Dry Clean Only, Do Not Bleach|Product Weight=0.75|Colour Code=RED|Size=FREE SIZE UPTO 44|Country=India|Work=Lehenga Work : Patola Print With Foil Work|Occasions=Festival, Party, Traditional, Wedding, Dulhan Lehenga , Bridal Lehenga, Marriage Special, Party Wear, Lehenga|Brand=Zari Lane|Ideal for=Women|Blouse=Unstitched|Blouse Length=0.80 Mtr|Lehnga Length=42 Mtr|Lehnga Flair=3 Mtr|Dupatta Length=2.4 Mtr"
"Perfectly blended Tussar silk lehenga for festive season to charm your look","Lehenga Choli","RAMA","1499","4599","FREE SIZE:50","Elevate your ethnic wardrobe with our exquisite Lehenga Choli collection, curated to perfection for the modern Indian woman. Crafted with luxurious fabrics and adorned with intricate embroidery, each ensemble exudes timeless elegance and grace. From vibrant hues to subtle pastels, our range offers a diverse selection to suit every taste and occasion. Whether it's a wedding celebration, festive gala, or cultural event, our Lehenga Cholis are designed to make you feel confident and captivating. Discover the epitome of traditional charm and contemporary flair with our handpicked designs. Shop now and indulge in the allure of Lehenga Choli couture.","images/rARZaDaA_0.webp|images/rARZaDaA_1.webp|images/rARZaDaA_2.webp","LEHENGA CHOLI","Fabric 1=DOLA SILK|Package Contents=1 Lehanga 1 Blouse 1 Dupatta (3 pc)|Wash Care=Dry Clean Only, Do Not Bleach|Product Weight=0.75|Colour Code=RAMA|Country=India|Work=Lehenga Work : Patola Print With Foil Work|Occasions=Festival, Party, Traditional, Wedding, Dulhan Lehenga , Bridal Lehenga, Marriage Special, Party Wear, Lehenga|Brand=Zari Lane|Ideal for=Women|Blouse=Unstitched|Blouse Length=0.80 Mtr|Lehnga Length=42 Mtr|Lehnga Flair=3 Mtr|Dupatta Length=2.4 Mtr"
"Red Color Dola Silk Designer Kalamkari Print Lehenga Choli","Lehenga Choli","RED","1299","4599","FREE SIZE:50","Elevate your ethnic wardrobe with our exquisite Lehenga Choli collection, curated to perfection for the modern Indian woman. Crafted with luxurious fabrics and adorned with intricate embroidery, each ensemble exudes timeless elegance and grace. From vibrant hues to subtle pastels, our range offers a diverse selection to suit every taste and occasion. Whether it's a wedding celebration, festive gala, or cultural event, our Lehenga Cholis are designed to make you feel confident and captivating. Discover the epitome of traditional charm and contemporary flair with our handpicked designs. Shop now and indulge in the allure of Lehenga Choli couture.","images/CM_E5lWM_0.webp|images/CM_E5lWM_1.webp|images/CM_E5lWM_2.webp|images/CM_E5lWM_3.webp|images/CM_E5lWM_4.webp","LEHENGA CHOLI","Fabric 1=DOLA SILK|Package Contents=1 Lehanga 1 Blouse 1 Dupatta (3 pc)|Wash Care=Dry Clean Only, Do Not Bleach|Product Weight=0.75|Colour Code=RED|Size=FREE SIZE UPTO 44|Country=India|Work=Lehenga Work : Patola Print With Foil Work|Occasions=Festival, Party, Traditional, Wedding, Dulhan Lehenga , Bridal Lehenga, Marriage Special, Party Wear, Lehenga|Brand=Zari Lane|Ideal for=Women|Blouse=Unstitched|Blouse Length=0.80 Mtr|Lehnga Length=42 Mtr|Lehnga Flair=3 Mtr|Dupatta Length=2.4 Mtr"
"Green Color Dola Silk Designer Kalamkari Print Lehenga Choli","Lehenga Choli","PISTA","1299","4599","FREE SIZE:50","Elevate your ethnic wardrobe with our exquisite Lehenga Choli collection, curated to perfection for the modern Indian woman. Crafted with luxurious fabrics and adorned with intricate embroidery, each ensemble exudes timeless elegance and grace. From vibrant hues to subtle pastels, our range offers a diverse selection to suit every taste and occasion. Whether it's a wedding celebration, festive gala, or cultural event, our Lehenga Cholis are designed to make you feel confident and captivating. Discover the epitome of traditional charm and contemporary flair with our handpicked designs. Shop now and indulge in the allure of Lehenga Choli couture.","images/vzfMRpzQ_0.webp|images/vzfMRpzQ_1.webp|images/vzfMRpzQ_2.webp|images/vzfMRpzQ_3.webp|images/vzfMRpzQ_4.webp","LEHENGA CHOLI","Fabric 1=DOLA SILK|Package Contents=1 Lehanga 1 Blouse 1 Dupatta (3 pc)|Wash Care=Dry Clean Only, Do Not Bleach|Product Weight=0.75|Colour Code=GREEN|Size=FREE SIZE UPTO 44|Country=India|Work=Lehenga Work : Patola Print With Foil Work|Occasions=Festival, Party, Traditional, Wedding, Dulhan Lehenga , Bridal Lehenga, Marriage Special, Party Wear, Lehenga|Brand=Zari Lane|Ideal for=Women|Blouse=Unstitched|Blouse Length=0.80 Mtr|Lehnga Length=42 Mtr|Lehnga Flair=3 Mtr|Dupatta Length=2.4 Mtr"
"Green Patola Print Traditional Lehenga Choli","Lehenga Choli","GREEN","1299","4749","Free Size:50","Elevate your ethnic style with our stunning Patola Print Traditional Lehenga Choli. This outfit pays homage to India's rich heritage, featuring the beautiful Patola weaving technique known for its vibrant colors and intricate patterns.
 
 The blend of tradition and modern fashion is perfect for those seeking comfort and style. The Patola print adds a touch of regal charm, making it ideal for weddings, cultural celebrations, and festivals.
 
 The Lehenga Choli set is all about striking a balance between timeless tradition and contemporary elegance. Its vivid colors and exceptional craftsmanship ensure you'll stand out and leave a lasting impression.
 
 Whether you're attending a special occasion or simply want to celebrate India's cultural richness, this outfit is a fantastic choice. It's more than just clothing; it's a reflection of your refined fashion taste and a way to cherish the beauty of tradition while embracing modern style.
 
 In the Patola Print Traditional Lehenga Choli, you're not just wearing an outfit; you're showcasing a piece of India's cultural legacy and making a remarkable fashion statement.","images/yvwyIgop_0.webp|images/yvwyIgop_1.webp|images/yvwyIgop_2.webp","LEHENGA CHOLI","Fabric 1=DOLA SILK|Package Contents=1 Lehanga 1 Blouse 1 Dupatta (3 pc)|Wash Care=Dry Clean Only, Do Not Bleach|Product Weight=0.75|Colour Code=GREEN|Size=FREE SIZE UPTO 44|Country=India|Work=Lehenga Work : Patola Print With Foil Work|Occasions=Festival, Party, Traditional, Wedding, Dulhan Lehenga , Bridal Lehenga, Marriage Special, Party Wear, Lehenga|Brand=Zari Lane|Ideal for=Women|Blouse=Unstitched|Blouse Length=0.80 Mtr|Lehnga Length=42 Mtr|Lehnga Flair=3 Mtr|Dupatta Length=2.4 Mtr|Lehenga (Free Size)=46 inch|Blouse Unstitched=1.2  mtr|Dupatta Length (mtr)=2.5  mtr"
"Dola Silk Wine Patola Print Traditional Lehenga Choli (Flower Wine)","Lehenga Choli","WINE","1299","4599","FREE SIZE:50","This Festive Session You Definitely Would Have Worn One Of Your Favourite Outfit. So We Have Curated A Collection Of Patola Print Traditional Lehanga Choli. 
Lehenga(Stitched)
Lehenga Fabric : Dola Silk 
Lehenga Work : Patola Print With Foil Work 
Waist : Supported Up To 46
Lehenga Closer : Drawstring With Heavy Tassels And Zip
Stitching : Stitched With Canvas And Attached With Can Can
Length : 41
Flair : 3.80 Meter 
Inner : Micro Cotton

Blouse(Unstitched)
Blouse Fabric : Dola Silk  
Blouse Work : Patola Print 
Blouse Length : 0.80 Meter

Dupatta
Dupatta Fabric : Dola Silk
Dupatta Work : Patola Print With Gotta Patti Lace Border Also Comes With Tassels 
Dupatta Length : 2.5 Meter

Package Contain : Lehenga, Blouse, Dupatta","images/IzXcwOOH_0.webp|images/IzXcwOOH_1.webp|images/IzXcwOOH_2.webp|images/IzXcwOOH_3.webp|images/IzXcwOOH_4.webp|images/IzXcwOOH_5.webp","LEHENGA CHOLI","Fabric 1=DOLA SILK|Package Contents=1 Lehanga 1 Blouse 1 Dupatta (3 pc)|Wash Care=Dry Clean Only, Do Not Bleach|Product Weight=0.75|Colour Code=WINE|Size=FREE SIZE UPTO 44|Country=India|Work=Lehenga Work : Patola Print With Foil Work|Occasions=Festival, Party, Traditional, Wedding, Dulhan Lehenga , Bridal Lehenga, Marriage Special, Party Wear, Lehenga|Brand=Zari Lane|Ideal for=Women|Blouse=Unstitched|Blouse Length=0.80 Mtr|Lehnga Length=42 Mtr|Lehnga Flair=3 Mtr|Dupatta Length=2.4 Mtr|Product Type=Lehenga Choli|Made In
=India|Ideal For
=Women|Inner=Micro Cotton| Lehenga Work=Patola Print With Foil Work|Dupatta Work=Potala Print with Gotta Patti Lace Border Also Comes with Tassels"
"Lavender Color Dola Silk Designer Kalamkari Print Lehenga Choli","Lehenga Choli","LUVENDER","1299","4599","FREE SIZE:50","Elevate your ethnic wardrobe with our exquisite Lehenga Choli collection, curated to perfection for the modern Indian woman. Crafted with luxurious fabrics and adorned with intricate embroidery, each ensemble exudes timeless elegance and grace. From vibrant hues to subtle pastels, our range offers a diverse selection to suit every taste and occasion. Whether it's a wedding celebration, festive gala, or cultural event, our Lehenga Cholis are designed to make you feel confident and captivating. Discover the epitome of traditional charm and contemporary flair with our handpicked designs. Shop now and indulge in the allure of Lehenga Choli couture.","images/phFJDFyO_0.webp|images/phFJDFyO_1.webp|images/phFJDFyO_2.webp|images/phFJDFyO_3.webp|images/phFJDFyO_4.webp","LEHENGA CHOLI","Fabric 1=DOLA SILK|Package Contents=1 Lehanga 1 Blouse 1 Dupatta (3 pc)|Wash Care=Dry Clean Only, Do Not Bleach|Product Weight=0.75|Colour Code=LUVENDER|Size=FREE SIZE UPTO 44|Country=India|Work=Lehenga Work : Patola Print With Foil Work|Occasions=Festival, Party, Traditional, Wedding, Dulhan Lehenga , Bridal Lehenga, Marriage Special, Party Wear, Lehenga|Brand=Zari Lane|Ideal for=Women|Blouse=Unstitched|Blouse Length=0.80 Mtr|Lehnga Length=42 Mtr|Lehnga Flair=3 Mtr|Dupatta Length=2.4 Mtr"
"Pink Color Dola Silk Designer Kalamkari Print Lehenga Choli","Lehenga Choli","PINK","1299","4599","FREE SIZE:50","Elevate your ethnic wardrobe with our exquisite Lehenga Choli collection, curated to perfection for the modern Indian woman. Crafted with luxurious fabrics and adorned with intricate embroidery, each ensemble exudes timeless elegance and grace. From vibrant hues to subtle pastels, our range offers a diverse selection to suit every taste and occasion. Whether it's a wedding celebration, festive gala, or cultural event, our Lehenga Cholis are designed to make you feel confident and captivating. Discover the epitome of traditional charm and contemporary flair with our handpicked designs. Shop now and indulge in the allure of Lehenga Choli couture.","images/3RP6vtnH_0.webp|images/3RP6vtnH_1.webp|images/3RP6vtnH_2.webp|images/3RP6vtnH_3.webp","LEHENGA CHOLI","Fabric 1=DOLA SILK|Package Contents=1 Lehanga 1 Blouse 1 Dupatta (3 pc)|Wash Care=Dry Clean Only, Do Not Bleach|Product Weight=0.75|Colour Code=PINK|Size=FREE SIZE UPTO 44|Country=India|Work=Lehenga Work : Patola Print With Foil Work|Occasions=Festival, Party, Traditional, Wedding, Dulhan Lehenga , Bridal Lehenga, Marriage Special, Party Wear, Lehenga|Brand=Zari Lane|Ideal for=Women|Blouse=Unstitched|Blouse Length=0.80 Mtr|Lehnga Length=42 Mtr|Lehnga Flair=3 Mtr|Dupatta Length=2.4 Mtr"
"Firozi Dola Silk Lehenga Choli with Heavy Embroidery on Dupatta","Lehenga Choli","FIROJI","1299","2899","FREE SIZE:50","Zari Lane's Patola Print Traditional Lehenga Choli strikes a perfect balance between timeless tradition and contemporary elegance. Whether attending a special occasion or celebrating India's cultural richness, this outfit is a fantastic choice. It's more than just clothing; it's a reflection of your refined fashion taste, allowing you to cherish the beauty of tradition while embracing modern style. In the Patola Print Traditional Lehenga Choli, you're not just wearing an outfit; you're showcasing a piece of India's cultural legacy and making a remarkable fashion statement.
 In the Patola Print Traditional Lehenga Choli, you're not just wearing an outfit; you're showcasing a piece of India's cultural legacy and making a remarkable fashion statement.""","images/urxZTV89_0.webp|images/urxZTV89_1.webp|images/urxZTV89_2.webp|images/urxZTV89_3.webp","LEHENGA CHOLI","Fabric 1=DOLA SILK|Package Contents=1 Lehanga 1 Blouse 1 Dupatta (3 pc)|Wash Care=Dry Clean Only, Do Not Bleach|Product Weight=0.75|Colour Code=FIROJI|Size=FREE SIZE UPTO 44|Country=India|Work=Lehenga Work : Patola Print With Foil Work|Occasions=Festival, Party, Traditional, Wedding, Dulhan Lehenga , Bridal Lehenga, Marriage Special, Party Wear, Lehenga|Brand=Zari Lane|Ideal for=Women|Blouse=Unstitched|Blouse Length=0.80 Mtr|Lehnga Length=42 Mtr|Lehnga Flair=3 Mtr|Dupatta Length=2.4 Mtr|Ideal For=Women"
"Black color tussar silk foil print lehenga choli","Lehenga Choli","BLACK","1299","4599","FREE SIZE:50","Elevate your ethnic wardrobe with our exquisite Lehenga Choli collection, curated to perfection for the modern Indian woman. Crafted with luxurious fabrics and adorned with intricate embroidery, each ensemble exudes timeless elegance and grace. From vibrant hues to subtle pastels, our range offers a diverse selection to suit every taste and occasion. Whether it's a wedding celebration, festive gala, or cultural event, our Lehenga Cholis are designed to make you feel confident and captivating. Discover the epitome of traditional charm and contemporary flair with our handpicked designs. Shop now and indulge in the allure of Lehenga Choli couture.","images/TWUhvfjK_0.webp","LEHENGA CHOLI","Fabric 1=DOLA SILK|Package Contents=1 Lehanga 1 Blouse 1 Dupatta (3 pc)|Wash Care=Dry Clean Only, Do Not Bleach|Product Weight=0.75|Colour Code=BLACK|Size=FREE SIZE UPTO 44|Country=India|Work=Lehenga Work : Patola Print With Foil Work|Occasions=Festival, Party, Traditional, Wedding, Dulhan Lehenga , Bridal Lehenga, Marriage Special, Party Wear, Lehenga|Brand=Zari Lane|Ideal for=Women|Blouse=Unstitched|Blouse Length=0.80 Mtr|Lehnga Length=42 Mtr|Lehnga Flair=3 Mtr|Dupatta Length=2.4 Mtr"
"Yellowish Orange Readymade Indian Dola Silk Dola Silk A Line Lehenga Choli Set for Women With Designer Blouse and Dupatta For Wedding","Lehenga Choli","YELLOW","1299","3199","FREE SIZE:50","Lehenga Color: Yellowish Orange|| Blouse Colour: Red Wine || Dupatta Colour: Red Wine
Lehenga Fabric: Dola Silk, Choli Fabric: Dola Silk, Dupatta Fabric: Naylon Tussar Silk A Line Lehenga Color :- Yellowish Orange || Blouse Colour :- Red Wine || Dupatta Colour :- Red Wine
Lehenga Work: || Blouse Work: || Dupatta Work:

Suitable For: Wedding, Party Wear, Festival, Navratri, Bridal All Functions || Best Gift for Your Loved Ones
Lehenga Choli Is a Traditional Indian Outfit Typically Worn by Women for Special Occasions Such as Weddings, Festivals, And Formal Events. The Outfit Consists of a Long","images/YfCMh5yY_0.webp","LEHENGA CHOLI","Fabric 1=DOLA SILK|Package Contents=1 Lehanga 1 Blouse 1 Dupatta (3 pc)|Wash Care=Dry Clean Only, Do Not Bleach|Product Weight=0.75|Colour Code=YELLOW|Size=FREE SIZE UPTO 44|Country=India|Work=Lehenga Work : Patola Print With Foil Work|Occasions=Festival, Party, Traditional, Wedding, Dulhan Lehenga , Bridal Lehenga, Marriage Special, Party Wear, Lehenga|Brand=Zari Lane|Ideal for=Women|Blouse=Unstitched|Blouse Length=0.80 Mtr|Lehnga Length=42 Mtr|Lehnga Flair=3 Mtr|Dupatta Length=2.4 Mtr|Product Type=Lehenga Choli|Made In
=India|Ideal For
=Women|Inner=Micro Cotton| Lehenga Work=Patola Print With Foil Work|Dupatta Work=Potala Print with Gotta Patti Lace Border Also Comes with Tassels|Dupatta Fabric=Dola Silk"
"Purple color tussar silk foil print lehenga choli","Lehenga Choli","PINK","1299","4599","FREE SIZE:50","Elevate your ethnic wardrobe with our exquisite Lehenga Choli collection, curated to perfection for the modern Indian woman. Crafted with luxurious fabrics and adorned with intricate embroidery, each ensemble exudes timeless elegance and grace. From vibrant hues to subtle pastels, our range offers a diverse selection to suit every taste and occasion. Whether it's a wedding celebration, festive gala, or cultural event, our Lehenga Cholis are designed to make you feel confident and captivating. Discover the epitome of traditional charm and contemporary flair with our handpicked designs. Shop now and indulge in the allure of Lehenga Choli couture.","images/nwqraFiB_0.webp|images/nwqraFiB_1.webp|images/nwqraFiB_2.webp|images/nwqraFiB_3.webp","LEHENGA CHOLI","Fabric 1=DOLA SILK|Package Contents=1 Lehanga 1 Blouse 1 Dupatta (3 pc)|Wash Care=Dry Clean Only, Do Not Bleach|Product Weight=0.75|Colour Code=PINK|Size=FREE SIZE UPTO 44|Country=India|Work=Lehenga Work : Patola Print With Foil Work|Occasions=Festival, Party, Traditional, Wedding, Dulhan Lehenga , Bridal Lehenga, Marriage Special, Party Wear, Lehenga|Brand=Zari Lane|Ideal for=Women|Blouse=Unstitched|Blouse Length=0.80 Mtr|Lehnga Length=42 Mtr|Lehnga Flair=3 Mtr|Dupatta Length=2.4 Mtr"
"White Color Dola Silk Designer Kalamkari Print Lehenga Choli","Lehenga Choli","WHITE","1299","4599","FREE SIZE:50","Elevate your ethnic wardrobe with our exquisite Lehenga Choli collection, curated to perfection for the modern Indian woman. Crafted with luxurious fabrics and adorned with intricate embroidery, each ensemble exudes timeless elegance and grace. From vibrant hues to subtle pastels, our range offers a diverse selection to suit every taste and occasion. Whether it's a wedding celebration, festive gala, or cultural event, our Lehenga Cholis are designed to make you feel confident and captivating. Discover the epitome of traditional charm and contemporary flair with our handpicked designs. Shop now and indulge in the allure of Lehenga Choli couture.","images/tOmIUz3v_0.webp|images/tOmIUz3v_1.webp|images/tOmIUz3v_2.webp|images/tOmIUz3v_3.webp|images/tOmIUz3v_4.webp","LEHENGA CHOLI","Fabric 1=DOLA SILK|Package Contents=1 Lehanga 1 Blouse 1 Dupatta (3 pc)|Wash Care=Dry Clean Only, Do Not Bleach|Product Weight=0.75|Colour Code=WHITE|Size=FREE SIZE UPTO 44|Country=India|Work=Lehenga Work : Patola Print With Foil Work|Occasions=Festival, Party, Traditional, Wedding, Dulhan Lehenga , Bridal Lehenga, Marriage Special, Party Wear, Lehenga|Brand=Zari Lane|Ideal for=Women|Blouse=Unstitched|Blouse Length=0.80 Mtr|Lehnga Length=42 Mtr|Lehnga Flair=3 Mtr|Dupatta Length=2.4 Mtr"
"Green color tussar silk foil print lehenga choli","Lehenga Choli","GREEN","1299","4599","FREE SIZE:50","Elevate your ethnic wardrobe with our exquisite Lehenga Choli collection, curated to perfection for the modern Indian woman. Crafted with luxurious fabrics and adorned with intricate embroidery, each ensemble exudes timeless elegance and grace. From vibrant hues to subtle pastels, our range offers a diverse selection to suit every taste and occasion. Whether it's a wedding celebration, festive gala, or cultural event, our Lehenga Cholis are designed to make you feel confident and captivating. Discover the epitome of traditional charm and contemporary flair with our handpicked designs. Shop now and indulge in the allure of Lehenga Choli couture.","images/2FRRN3c3_0.webp","LEHENGA CHOLI","Fabric 1=DOLA SILK|Package Contents=1 Lehanga 1 Blouse 1 Dupatta (3 pc)|Wash Care=Dry Clean Only, Do Not Bleach|Product Weight=0.75|Colour Code=GREEN|Size=FREE SIZE UPTO 44|Country=India|Work=Lehenga Work : Patola Print With Foil Work|Occasions=Festival, Party, Traditional, Wedding, Dulhan Lehenga , Bridal Lehenga, Marriage Special, Party Wear, Lehenga|Brand=Zari Lane|Ideal for=Women|Blouse=Unstitched|Blouse Length=0.80 Mtr|Lehnga Length=42 Mtr|Lehnga Flair=3 Mtr|Dupatta Length=2.4 Mtr"
"Dola Silk Blue Patola Print Traditional Lehenga Choli (Flower N.Blue)","Lehenga Choli","N.BLUE","1299","4599","FREE SIZE:50","This Festive Session You Definitely Would Have Worn One Of Your Favourite Outfit. So We Have Curated A Collection Of Patola Print Traditional Lehanga Choli. 
Lehenga(Stitched)
Lehenga Fabric : Dola Silk 
Lehenga Work : Patola Print With Foil Work 
Waist : Supported Up To 42
Stitching : Stitched With Canvas And Attached With Can Can
Length : 41
Flair : 3.30 Meter 
Inner : Micro Cotton

Blouse(Unstitched)
Blouse Fabric : Dola Silk  
Blouse Work : Patola Print 
Blouse Length : 0.80 Meter

Dupatta
Dupatta Fabric : Dola Silk
Dupatta Work : Patola Print With Gotta Patti Lace Border Also Comes With Tassels 
Dupatta Length : 2.5 Meter

Package Contain : Lehenga, Blouse, Dupatta","images/O4NoznUt_0.webp|images/O4NoznUt_1.webp|images/O4NoznUt_2.webp|images/O4NoznUt_3.webp|images/O4NoznUt_4.webp|images/O4NoznUt_5.webp|images/O4NoznUt_6.webp","LEHENGA CHOLI","Fabric 1=DOLA SILK|Package Contents=1 Lehanga 1 Blouse 1 Dupatta (3 pc)|Wash Care=Dry Clean Only, Do Not Bleach|Product Weight=0.75|Colour Code=NAVY BLUE|Size=FREE SIZE UPTO 44|Country=India|Work=Lehenga Work : Patola Print With Foil Work|Occasions=Festival, Party, Traditional, Wedding, Dulhan Lehenga , Bridal Lehenga, Marriage Special, Party Wear, Lehenga|Brand=Zari Lane|Ideal for=Women|Blouse=Unstitched|Blouse Length=0.80 Mtr|Lehnga Length=42 Mtr|Lehnga Flair=3 Mtr|Dupatta Length=2.4 Mtr|Product Type=Lehenga Choli|Made In
=India|Ideal For
=Women|Inner=Micro Cotton| Lehenga Work=Patola Print With Foil Work|Dupatta Work=Potala Print with Gotta Patti Lace Border Also Comes with Tassels"
"Mustard Color Dola Silk Designer Kalamkari Print Lehenga Choli","Lehenga Choli","MUSTARD","1299","4599","FREE SIZE:50","Elevate your ethnic wardrobe with our exquisite Lehenga Choli collection, curated to perfection for the modern Indian woman. Crafted with luxurious fabrics and adorned with intricate embroidery, each ensemble exudes timeless elegance and grace. From vibrant hues to subtle pastels, our range offers a diverse selection to suit every taste and occasion. Whether it's a wedding celebration, festive gala, or cultural event, our Lehenga Cholis are designed to make you feel confident and captivating. Discover the epitome of traditional charm and contemporary flair with our handpicked designs. Shop now and indulge in the allure of Lehenga Choli couture.","images/93dtRkvI_0.webp|images/93dtRkvI_1.webp|images/93dtRkvI_2.webp|images/93dtRkvI_3.webp|images/93dtRkvI_4.webp","LEHENGA CHOLI","Fabric 1=DOLA SILK|Package Contents=1 Lehanga 1 Blouse 1 Dupatta (3 pc)|Wash Care=Dry Clean Only, Do Not Bleach|Product Weight=0.75|Colour Code=MUSTARD|Size=FREE SIZE UPTO 44|Country=India|Work=Lehenga Work : Patola Print With Foil Work|Occasions=Festival, Party, Traditional, Wedding, Dulhan Lehenga , Bridal Lehenga, Marriage Special, Party Wear, Lehenga|Brand=Zari Lane|Ideal for=Women|Blouse=Unstitched|Blouse Length=0.80 Mtr|Lehnga Length=42 Mtr|Lehnga Flair=3 Mtr|Dupatta Length=2.4 Mtr"
"Firozi Color Dola Silk Designer Kalamkari Print Lehenga Choli","Lehenga Choli","FIROZI","1299","4599","FREE SIZE:50","Elevate your ethnic wardrobe with our exquisite Lehenga Choli collection, curated to perfection for the modern Indian woman. Crafted with luxurious fabrics and adorned with intricate embroidery, each ensemble exudes timeless elegance and grace. From vibrant hues to subtle pastels, our range offers a diverse selection to suit every taste and occasion. Whether it's a wedding celebration, festive gala, or cultural event, our Lehenga Cholis are designed to make you feel confident and captivating. Discover the epitome of traditional charm and contemporary flair with our handpicked designs. Shop now and indulge in the allure of Lehenga Choli couture.","images/tZ4eY7P9_0.webp|images/tZ4eY7P9_1.webp|images/tZ4eY7P9_2.webp|images/tZ4eY7P9_3.webp|images/tZ4eY7P9_4.webp","LEHENGA CHOLI","Fabric 1=DOLA SILK|Package Contents=1 Lehanga 1 Blouse 1 Dupatta (3 pc)|Wash Care=Dry Clean Only, Do Not Bleach|Product Weight=0.75|Colour Code=FIIROZI|Size=FREE SIZE UPTO 44|Country=India|Work=Lehenga Work : Patola Print With Foil Work|Occasions=Festival, Party, Traditional, Wedding, Dulhan Lehenga , Bridal Lehenga, Marriage Special, Party Wear, Lehenga|Brand=Zari Lane|Ideal for=Women|Blouse=Unstitched|Blouse Length=0.80 Mtr|Lehnga Length=42 Mtr|Lehnga Flair=3 Mtr|Dupatta Length=2.4 Mtr"
"Tussar Silk Yellow Fabulously Patola Printed Stitched Lehenga & Blouse With Dupatta","Lehenga Choli","YELLOW","1299","4599","FREE SIZE:50","Elevate your ethnic wardrobe with our exquisite Lehenga Choli collection, curated to perfection for the modern Indian woman. Crafted with luxurious fabrics and adorned with intricate embroidery, each ensemble exudes timeless elegance and grace. From vibrant hues to subtle pastels, our range offers a diverse selection to suit every taste and occasion. Whether it's a wedding celebration, festive gala, or cultural event, our Lehenga Cholis are designed to make you feel confident and captivating. Discover the epitome of traditional charm and contemporary flair with our handpicked designs. Shop now and indulge in the allure of Lehenga Choli couture.","images/cP93YC-G_0.webp|images/cP93YC-G_1.webp|images/cP93YC-G_2.webp|images/cP93YC-G_3.webp","LEHENGA CHOLI","Fabric 1=DOLA SILK|Package Contents=1 Lehanga 1 Blouse 1 Dupatta (3 pc)|Wash Care=Dry Clean Only, Do Not Bleach|Product Weight=0.75|Colour Code=YELLOW|Size=FREE SIZE UPTO 44|Country=India|Work=Lehenga Work : Patola Print With Foil Work|Occasions=Festival, Party, Traditional, Wedding, Dulhan Lehenga , Bridal Lehenga, Marriage Special, Party Wear, Lehenga|Brand=Zari Lane|Ideal for=Women|Blouse=Unstitched|Blouse Length=0.80 Mtr|Lehnga Length=42 Mtr|Lehnga Flair=3 Mtr|Dupatta Length=2.4 Mtr"
"Pure Roman Cotton Fabric with Gota Lehenga Choli For Navratri","Lehenga Choli","RED","1699","3999","FREE SIZE:50","Pure Roman Cotton Fabric with Gota Lehenga Choli For Navratri ???

Lehenga (Stitched)
Lehenga Fabric: Pure Roman Cotton
Lehenga Work: Gota 
Lehenga Waist: Support Up To 42 
Lehenga Closer: Drawstring with Zip
Stitching: Stitched With Canvas and Inner
Inner: Micro Cotton 
Length: 41
Flair: 6 Meter

Blouse (Stitched)
Blouse Fabric: Pure Roman Cotton (Fully Stitched)
Blouse Work: Dhupian lace with samosa lace
Blouse Size: 38� There is Extra Margin Customer Can Adjust Up to 42
Blouse Length: 15

Package Contain: Lehenga, Blouse, 

Weight: 1 kg","images/oXZ4gLWv_0.webp|images/oXZ4gLWv_1.webp|images/oXZ4gLWv_2.webp|images/oXZ4gLWv_3.webp","LEHENGA CHOLI","Fabric 1=PURE ROMAN|Package Contents=LEHENGA AND BLOUSE|Wash Care=ONLY DRY CLEAN|Product Weight=1 KG|Size=FREE SIZE|Country=INDIA|Brand=Zari Lane|Blouse=Blouse Stitched|Blouse Length=15|Lehnga Length=UP TO 42|Lehnga Flair=6 mtr|Dupatta Length=NO"
"Pure Roman Cotton Fabric with Gota Lehenga Choli For Navratri","Lehenga Choli","WINE","1699","3999","FREE SIZE:50","Pure Roman Cotton Fabric with Gota Lehenga Choli For Navratri ???

Lehenga (Stitched)
Lehenga Fabric: Pure Roman Cotton
Lehenga Work: Gota 
Lehenga Waist: Support Up To 42 
Lehenga Closer: Drawstring with Zip
Stitching: Stitched With Canvas and Inner
Inner: Micro Cotton 
Length: 41
Flair: 6 Meter

Blouse (Stitched)
Blouse Fabric: Pure Roman Cotton (Fully Stitched)
Blouse Work: Dhupian lace with samosa lace
Blouse Size: 38� There is Extra Margin Customer Can Adjust Up to 42
Blouse Length: 15

Package Contain: Lehenga, Blouse, 

Weight: 1 kg","images/-kQ6RUKI_0.webp|images/-kQ6RUKI_1.webp|images/-kQ6RUKI_2.webp|images/-kQ6RUKI_3.webp","LEHENGA CHOLI","Fabric 1=PURE ROMAN|Package Contents=LEHENGA AND BLOUSE|Wash Care=ONLY DRY CLEAN|Product Weight=1 KG|Size=FREE SIZE|Country=INDIA|Brand=Zari Lane|Blouse=Blouse Stitched|Blouse Length=15|Lehnga Length=UP TO 42|Lehnga Flair=6 mtr|Dupatta Length=NO"
"Pure Roman Cotton Fabric with Gota Lehenga Choli For Navratri","Lehenga Choli","GREEN","1699","3999","FREE SIZE:50","Pure Roman Cotton Fabric with Gota Lehenga Choli For Navratri ???

Lehenga (Stitched)
Lehenga Fabric: Pure Roman Cotton
Lehenga Work: Gota 
Lehenga Waist: Support Up To 42 
Lehenga Closer: Drawstring with Zip
Stitching: Stitched With Canvas and Inner
Inner: Micro Cotton 
Length: 41
Flair: 6 Meter

Blouse (Stitched)
Blouse Fabric: Pure Roman Cotton (Fully Stitched)
Blouse Work: Dhupian lace with samosa lace
Blouse Size: 38� There is Extra Margin Customer Can Adjust Up to 42
Blouse Length: 15

Package Contain: Lehenga, Blouse, 

Weight: 1 kg","images/gHlEj6Yq_0.webp|images/gHlEj6Yq_1.webp|images/gHlEj6Yq_2.webp|images/gHlEj6Yq_3.webp","LEHENGA CHOLI","Fabric 1=PURE ROMAN|Package Contents=LEHENGA AND BLOUSE|Wash Care=ONLY DRY CLEAN|Product Weight=1 KG|Size=FREE SIZE|Country=INDIA|Brand=Zari Lane|Blouse=Blouse Stitched|Blouse Length=15|Lehnga Length=UP TO 42|Lehnga Flair=6 mtr|Dupatta Length=NO"
"Pure Roman Cotton Fabric with Gota Lehenga Choli For Navratri","Lehenga Choli","ORANGE","1699","3999","FREE SIZE:50","Pure Roman Cotton Fabric with Gota Lehenga Choli For Navratri ???

Lehenga (Stitched)
Lehenga Fabric: Pure Roman Cotton
Lehenga Work: Gota 
Lehenga Waist: Support Up To 42 
Lehenga Closer: Drawstring with Zip
Stitching: Stitched With Canvas and Inner
Inner: Micro Cotton 
Length: 41
Flair: 6 Meter

Blouse (Stitched)
Blouse Fabric: Pure Roman Cotton (Fully Stitched)
Blouse Work: Dhupian lace with samosa lace
Blouse Size: 38� There is Extra Margin Customer Can Adjust Up to 42
Blouse Length: 15

Package Contain: Lehenga, Blouse, 

Weight: 1 kg","images/6TDh7Z_k_0.webp|images/6TDh7Z_k_1.webp|images/6TDh7Z_k_2.webp|images/6TDh7Z_k_3.webp","LEHENGA CHOLI","Fabric 1=PURE ROMAN|Package Contents=LEHENGA AND BLOUSE|Wash Care=ONLY DRY CLEAN|Product Weight=1 KG|Size=FREE SIZE|Country=INDIA|Brand=Zari Lane|Blouse=Blouse Stitched|Blouse Length=15|Lehnga Length=UP TO 42|Lehnga Flair=6 mtr|Dupatta Length=NO"
"Pure Roman Cotton Fabric with Gota Lehenga Choli For Navratri","Lehenga Choli","FIROJI","1699","3999","FREE SIZE:50","Pure Roman Cotton Fabric with Gota Lehenga Choli For Navratri ???

Lehenga (Stitched)
Lehenga Fabric: Pure Roman Cotton
Lehenga Work: Gota 
Lehenga Waist: Support Up To 42 
Lehenga Closer: Drawstring with Zip
Stitching: Stitched With Canvas and Inner
Inner: Micro Cotton 
Length: 41
Flair: 6 Meter

Blouse (Stitched)
Blouse Fabric: Pure Roman Cotton (Fully Stitched)
Blouse Work: Dhupian lace with samosa lace
Blouse Size: 38� There is Extra Margin Customer Can Adjust Up to 42
Blouse Length: 15

Package Contain: Lehenga, Blouse, 

Weight: 1 kg","images/bKJ4KM0J_0.webp|images/bKJ4KM0J_1.webp|images/bKJ4KM0J_2.webp","LEHENGA CHOLI","Fabric 1=PURE ROMAN|Package Contents=LEHENGA AND BLOUSE|Wash Care=ONLY DRY CLEAN|Product Weight=1 KG|Size=FREE SIZE|Country=INDIA|Brand=Zari Lane|Blouse=Blouse Stitched|Blouse Length=15|Lehnga Length=UP TO 42|Lehnga Flair=6 mtr|Dupatta Length=NO"
"Pure Rayon Fabric with Sequins Lace Lehenga Choli For Navratri","Lehenga Choli","YELLOW","1599","3499","FREE SIZE:50","Pure Rayon Fabric with Sequins Lace Lehenga Choli For Navratri 🌈✨

Lehenga (Stitched)
Lehenga Fabric: Pure Rayon
Lehenga Work: Sequins lace 
Lehenga Waist: Support Up To 42 
Lehenga Closer: Drawstring with Zip
Stitching: Stitched With Canvas and Inner
Inner: Micro Cotton 
Length: 41
Flair: 6 Meter

Blouse (Stitched)
Blouse Fabric: Pure Rayon (Fully Stitched)
Blouse Work: Sequins lace 
Blouse Size: 38” There is Extra Margin Customer Can Adjust Up to 42
Blouse Length: 15

Package Contain: Lehenga, Blouse, 

Weight: 1 kg","images/iYgAxe8o_0.webp|images/iYgAxe8o_1.webp|images/iYgAxe8o_2.webp","LEHENGA CHOLI","Fabric 1=REYON|Package Contents=LEHENGA AND BLOUSE|Wash Care=ONLY DRY CLEAN|Product Weight=0.800 GREM|Size=FREE SIZE|Country=INDIA|Brand=Zari Lane|Blouse=Blouse Stitched|Blouse Length=15|Lehnga Length=UP TO 42|Lehnga Flair=6 mtr|Dupatta Length=NO|Product Type=LEHENGA CHOLI|Blouse Work Type=Sequins lace|Lehenga Fabric=PURE REYON"
"Pure Rayon Fabric with Sequins Lace Lehenga Choli For Navratri","Lehenga Choli","GREEN","1599","3499","FREE SIZE:50","Pure Rayon Fabric with Sequins Lace Lehenga Choli With Sitiched Blouse For Navratri 🌈✨

Lehenga (Stitched)
Lehenga Fabric: Pure Rayon
Lehenga Work: Sequins lace 
Lehenga Waist: Support Up To 42 
Lehenga Closer: Drawstring with Zip
Stitching: Stitched With Canvas and Inner
Inner: Micro Cotton 
Length: 41
Flair: 6 Meter

Blouse (Stitched)
Blouse Fabric: Pure Rayon (Fully Stitched)
Blouse Work: Sequins lace 
Blouse Size: 38” There is Extra Margin Customer Can Adjust Up to 42
Blouse Length: 15

Package Contain: Lehenga, Blouse, 

Weight: 1 kg

  BE AWARE WITH LOW QUALITYCOPY ITEMS

Once Give Opportunity, Customer Satisfaction Is Our Goal","images/GoVJKQrH_0.webp|images/GoVJKQrH_1.webp|images/GoVJKQrH_2.webp","LEHENGA CHOLI","Fabric 1=REYON|Package Contents=LEHENGA AND BLOUSE|Wash Care=ONLY DRY CLEAN|Product Weight=0.800 GREM|Size=FREE SIZE|Country=INDIA|Brand=Zari Lane|Blouse=Blouse Stitched|Blouse Length=15|Lehnga Length=UP TO 42|Lehnga Flair=6 mtr|Dupatta Length=NO|Product Type=LEHENGA CHOLI|Blouse Work Type=Sequins lace|Lehenga Fabric=PURE REYON"
"Pure Rayon Fabric with Sequins Lace Lehenga Choli For Navratri","Lehenga Choli","BLACK","1599","3499","FREE SIZE:50","Pure Rayon Fabric with Sequins Lace Lehenga Choli For Navratri 🌈✨

Lehenga (Stitched)
Lehenga Fabric: Pure Rayon
Lehenga Work: Sequins lace 
Lehenga Waist: Support Up To 42 
Lehenga Closer: Drawstring with Zip
Stitching: Stitched With Canvas and Inner
Inner: Micro Cotton 
Length: 41
Flair: 6 Meter

Blouse (Stitched)
Blouse Fabric: Pure Rayon (Fully Stitched)
Blouse Work: Sequins lace 
Blouse Size: 38” There is Extra Margin Customer Can Adjust Up to 42
Blouse Length: 15

Package Contain: Lehenga, Blouse, 

Weight: 1 kg","images/1qZfMZ4K_0.webp|images/1qZfMZ4K_1.webp|images/1qZfMZ4K_2.webp","LEHENGA CHOLI","Fabric 1=REYON|Package Contents=LEHENGA AND BLOUSE|Wash Care=ONLY DRY CLEAN|Product Weight=0.800 GREM|Size=FREE SIZE|Country=INDIA|Brand=Zari Lane|Blouse=Blouse Stitched|Blouse Length=15|Lehnga Length=UP TO 42|Lehnga Flair=6 mtr|Dupatta Length=NO|Product Type=LEHENGA CHOLI|Blouse Work Type=Sequins lace|Lehenga Fabric=PURE REYON"
"Pure Roman Cotton Fabric with Gota Lehenga Choli For Navratri","Lehenga Choli","PERROT","1699","3999","FREE SIZE:50","Pure Roman Cotton Fabric with Gota Lehenga Choli For Navratri ???

Lehenga (Stitched)
Lehenga Fabric: Pure Roman Cotton
Lehenga Work: Gota 
Lehenga Waist: Support Up To 42 
Lehenga Closer: Drawstring with Zip
Stitching: Stitched With Canvas and Inner
Inner: Micro Cotton 
Length: 41
Flair: 6 Meter

Blouse (Stitched)
Blouse Fabric: Pure Roman Cotton (Fully Stitched)
Blouse Work: Dhupian lace with samosa lace
Blouse Size: 38� There is Extra Margin Customer Can Adjust Up to 42
Blouse Length: 15

Package Contain: Lehenga, Blouse, 

Weight: 1 kg","images/HZdrCncZ_0.webp|images/HZdrCncZ_1.webp|images/HZdrCncZ_2.webp|images/HZdrCncZ_3.webp","LEHENGA CHOLI","Fabric 1=PURE ROMAN|Package Contents=LEHENGA AND BLOUSE|Wash Care=ONLY DRY CLEAN|Product Weight=1 KG|Size=FREE SIZE|Country=INDIA|Brand=Zari Lane|Blouse=Blouse Stitched|Blouse Length=15|Lehnga Length=UP TO 42|Lehnga Flair=6 mtr|Dupatta Length=NO"
"Pure Rayon Fabric with Sequins Lace Lehenga Choli For Navratri","Lehenga Choli","WHITE","1599","3499","FREE SIZE:50","Pure Rayon Fabric with Sequins Lace Lehenga Choli For Navratri 🌈✨

Lehenga (Stitched)
Lehenga Fabric: Pure Rayon
Lehenga Work: Sequins lace 
Lehenga Waist: Support Up To 42 
Lehenga Closer: Drawstring with Zip
Stitching: Stitched With Canvas and Inner
Inner: Micro Cotton 
Length: 41
Flair: 6 Meter

Blouse (Stitched)
Blouse Fabric: Pure Rayon (Fully Stitched)
Blouse Work: Sequins lace 
Blouse Size: 38” There is Extra Margin Customer Can Adjust Up to 42
Blouse Length: 15

Package Contain: Lehenga, Blouse, 

Weight: 1 kg","images/RCuvrlg7_0.webp|images/RCuvrlg7_1.webp|images/RCuvrlg7_2.webp","LEHENGA CHOLI","Fabric 1=REYON|Package Contents=LEHENGA AND BLOUSE|Wash Care=ONLY DRY CLEAN|Product Weight=0.800 GREM|Size=FREE SIZE|Country=INDIA|Brand=Zari Lane|Blouse=Blouse Stitched|Blouse Length=15|Lehnga Length=UP TO 42|Lehnga Flair=6 mtr|Dupatta Length=NO|Product Type=LEHENGA CHOLI|Blouse Work Type=Sequins lace|Lehenga Fabric=PURE REYON"
"Pure Roman Cotton Fabric with Gota Lehenga Choli For Navratri","Lehenga Choli","WHITE","1699","3999","FREE SIZE:50","Pure Roman Cotton Fabric with Gota Lehenga Choli For Navratri ???

Lehenga (Stitched)
Lehenga Fabric: Pure Roman Cotton
Lehenga Work: Gota 
Lehenga Waist: Support Up To 42 
Lehenga Closer: Drawstring with Zip
Stitching: Stitched With Canvas and Inner
Inner: Micro Cotton 
Length: 41
Flair: 6 Meter

Blouse (Stitched)
Blouse Fabric: Pure Roman Cotton (Fully Stitched)
Blouse Work: Dhupian lace with samosa lace
Blouse Size: 38� There is Extra Margin Customer Can Adjust Up to 42
Blouse Length: 15

Package Contain: Lehenga, Blouse, 

Weight: 1 kg","images/7HXr3KNf_0.webp|images/7HXr3KNf_1.webp|images/7HXr3KNf_2.webp|images/7HXr3KNf_3.webp","LEHENGA CHOLI","Fabric 1=PURE ROMAN|Package Contents=LEHENGA AND BLOUSE|Wash Care=ONLY DRY CLEAN|Product Weight=1 KG|Size=FREE SIZE|Country=INDIA|Brand=Zari Lane|Blouse=Blouse Stitched|Blouse Length=15|Lehnga Length=UP TO 42|Lehnga Flair=6 mtr|Dupatta Length=NO"
"Pure Rayon Fabric with Sequins Lace Lehenga Choli For Navratri","Lehenga Choli","WINE","1599","3499","FREE SIZE:50","Pure Rayon Fabric with Sequins Lace Lehenga Choli For Navratri 🌈✨

Lehenga (Stitched)
Lehenga Fabric: Pure Rayon
Lehenga Work: Sequins lace 
Lehenga Waist: Support Up To 42 
Lehenga Closer: Drawstring with Zip
Stitching: Stitched With Canvas and Inner
Inner: Micro Cotton 
Length: 41
Flair: 6 Meter

Blouse (Stitched)
Blouse Fabric: Pure Rayon (Fully Stitched)
Blouse Work: Sequins lace 
Blouse Size: 38” There is Extra Margin Customer Can Adjust Up to 42
Blouse Length: 15

Package Contain: Lehenga, Blouse, 

Weight: 1 kg","images/dVJyZhHo_0.webp|images/dVJyZhHo_1.webp|images/dVJyZhHo_2.webp","LEHENGA CHOLI","Fabric 1=REYON|Package Contents=LEHENGA AND BLOUSE|Wash Care=ONLY DRY CLEAN|Product Weight=0.800 GREM|Size=FREE SIZE|Country=INDIA|Brand=Zari Lane|Blouse=Blouse Stitched|Blouse Length=15|Lehnga Length=UP TO 42|Lehnga Flair=6 mtr|Dupatta Length=NO|Product Type=LEHENGA CHOLI|Blouse Work Type=Sequins lace|Lehenga Fabric=PURE REYON"
"Pure Roman Cotton Fabric with Gota Lehenga Choli For Navratri","Lehenga Choli","BLACK","1699","3999","FREE SIZE:50","Pure Roman Cotton Fabric with Gota Lehenga Choli For Navratri ???

Lehenga (Stitched)
Lehenga Fabric: Pure Roman Cotton
Lehenga Work: Gota 
Lehenga Waist: Support Up To 42 
Lehenga Closer: Drawstring with Zip
Stitching: Stitched With Canvas and Inner
Inner: Micro Cotton 
Length: 41
Flair: 6 Meter

Blouse (Stitched)
Blouse Fabric: Pure Roman Cotton (Fully Stitched)
Blouse Work: Dhupian lace with samosa lace
Blouse Size: 38� There is Extra Margin Customer Can Adjust Up to 42
Blouse Length: 15

Package Contain: Lehenga, Blouse, 

Weight: 1 kg","images/kghRn7UE_0.webp|images/kghRn7UE_1.webp|images/kghRn7UE_2.webp","LEHENGA CHOLI","Fabric 1=PURE ROMAN|Package Contents=LEHENGA AND BLOUSE|Wash Care=ONLY DRY CLEAN|Product Weight=1 KG|Size=FREE SIZE|Country=INDIA|Brand=Zari Lane|Blouse=Blouse Stitched|Blouse Length=15|Lehnga Length=UP TO 42|Lehnga Flair=6 mtr|Dupatta Length=NO"
"Pure Rayon Fabric with Sequins Lace Lehenga Choli For Navratri","Lehenga Choli","PINK - WINE","1599","3499","FREE SIZE:50","Pure Rayon Fabric with Sequins Lace Lehenga Choli For Navratri 🌈✨

Lehenga (Stitched)
Lehenga Fabric: Pure Rayon
Lehenga Work: Sequins lace 
Lehenga Waist: Support Up To 42 
Lehenga Closer: Drawstring with Zip
Stitching: Stitched With Canvas and Inner
Inner: Micro Cotton 
Length: 41
Flair: 6 Meter

Blouse (Stitched)
Blouse Fabric: Pure Rayon (Fully Stitched)
Blouse Work: Sequins lace 
Blouse Size: 38” There is Extra Margin Customer Can Adjust Up to 42
Blouse Length: 15

Package Contain: Lehenga, Blouse, 

Weight: 1 kg","images/-V4qzlAw_0.webp|images/-V4qzlAw_1.webp|images/-V4qzlAw_2.webp","LEHENGA CHOLI","Fabric 1=REYON|Package Contents=LEHENGA AND BLOUSE|Wash Care=ONLY DRY CLEAN|Product Weight=0.800 GREM|Size=FREE SIZE|Country=INDIA|Brand=Zari Lane|Blouse=Blouse Stitched|Blouse Length=15|Lehnga Length=UP TO 42|Lehnga Flair=6 mtr|Dupatta Length=NO|Product Type=LEHENGA CHOLI|Blouse Work Type=Sequins lace|Lehenga Fabric=PURE REYON"
"Pure Roman Cotton Fabric with Gota Lehenga Choli For Navratri","Lehenga Choli","ORANGE","1699","3999","FREE SIZE:50","Pure Roman Cotton Fabric with Gota Lehenga Choli For Navratri ???

Lehenga (Stitched)
Lehenga Fabric: Pure Roman Cotton
Lehenga Work: Gota 
Lehenga Waist: Support Up To 42 
Lehenga Closer: Drawstring with Zip
Stitching: Stitched With Canvas and Inner
Inner: Micro Cotton 
Length: 41
Flair: 6 Meter

Blouse (Stitched)
Blouse Fabric: Pure Roman Cotton (Fully Stitched)
Blouse Work: Dhupian lace with samosa lace
Blouse Size: 38� There is Extra Margin Customer Can Adjust Up to 42
Blouse Length: 15

Package Contain: Lehenga, Blouse, 

Weight: 1 kg","images/PeUsqNa9_0.webp|images/PeUsqNa9_1.webp|images/PeUsqNa9_2.webp|images/PeUsqNa9_3.webp","LEHENGA CHOLI","Fabric 1=PURE ROMAN|Package Contents=LEHENGA AND BLOUSE|Wash Care=ONLY DRY CLEAN|Product Weight=1 KG|Size=FREE SIZE|Country=INDIA|Brand=Zari Lane|Blouse=Blouse Stitched|Blouse Length=15|Lehnga Length=UP TO 42|Lehnga Flair=6 mtr|Dupatta Length=NO"
"Pure Roman Cotton Fabric with Gota Lehenga Choli For Navratri","Lehenga Choli","FIROJI","1699","3999","FREE SIZE:50","Pure Roman Cotton Fabric with Gota Lehenga Choli For Navratri ???

Lehenga (Stitched)
Lehenga Fabric: Pure Roman Cotton
Lehenga Work: Gota 
Lehenga Waist: Support Up To 42 
Lehenga Closer: Drawstring with Zip
Stitching: Stitched With Canvas and Inner
Inner: Micro Cotton 
Length: 41
Flair: 6 Meter

Blouse (Stitched)
Blouse Fabric: Pure Roman Cotton (Fully Stitched)
Blouse Work: Dhupian lace with samosa lace
Blouse Size: 38� There is Extra Margin Customer Can Adjust Up to 42
Blouse Length: 15

Package Contain: Lehenga, Blouse, 

Weight: 1 kg","images/zdCDR4oX_0.webp|images/zdCDR4oX_1.webp|images/zdCDR4oX_2.webp|images/zdCDR4oX_3.webp","LEHENGA CHOLI","Fabric 1=PURE ROMAN|Package Contents=LEHENGA AND BLOUSE|Wash Care=ONLY DRY CLEAN|Product Weight=1 KG|Size=FREE SIZE|Country=INDIA|Brand=Zari Lane|Blouse=Blouse Stitched|Blouse Length=15|Lehnga Length=UP TO 42|Lehnga Flair=6 mtr|Dupatta Length=NO"
"Pure Roman Cotton Fabric with Gota Lehenga Choli For Navratri","Lehenga Choli","PERROT","1699","3999","FREE SIZE:50","Pure Roman Cotton Fabric with Gota Lehenga Choli For Navratri ???

Lehenga (Stitched)
Lehenga Fabric: Pure Roman Cotton
Lehenga Work: Gota 
Lehenga Waist: Support Up To 42 
Lehenga Closer: Drawstring with Zip
Stitching: Stitched With Canvas and Inner
Inner: Micro Cotton 
Length: 41
Flair: 6 Meter

Blouse (Stitched)
Blouse Fabric: Pure Roman Cotton (Fully Stitched)
Blouse Work: Dhupian lace with samosa lace
Blouse Size: 38� There is Extra Margin Customer Can Adjust Up to 42
Blouse Length: 15

Package Contain: Lehenga, Blouse, 

Weight: 1 kg","images/5ypmazsd_0.webp|images/5ypmazsd_1.webp|images/5ypmazsd_2.webp","LEHENGA CHOLI","Fabric 1=PURE ROMAN|Package Contents=LEHENGA AND BLOUSE|Wash Care=ONLY DRY CLEAN|Product Weight=1 KG|Size=FREE SIZE|Country=INDIA|Brand=Zari Lane|Blouse=Blouse Stitched|Blouse Length=15|Lehnga Length=UP TO 42|Lehnga Flair=6 mtr|Dupatta Length=NO"
"Pure Rayon Fabric with Sequins Lace Lehenga Choli For Navratri","Lehenga Choli","MORPICH","1599","3499","FREE SIZE:50","Pure Rayon Fabric with Sequins Lace Lehenga Choli For Navratri 🌈✨

Lehenga (Stitched)
Lehenga Fabric: Pure Rayon
Lehenga Work: Sequins lace 
Lehenga Waist: Support Up To 42 
Lehenga Closer: Drawstring with Zip
Stitching: Stitched With Canvas and Inner
Inner: Micro Cotton 
Length: 41
Flair: 6 Meter

Blouse (Stitched)
Blouse Fabric: Pure Rayon (Fully Stitched)
Blouse Work: Sequins lace 
Blouse Size: 38” There is Extra Margin Customer Can Adjust Up to 42
Blouse Length: 15

Package Contain: Lehenga, Blouse, 

Weight: 1 kg","images/Wx8B-Wyj_0.webp|images/Wx8B-Wyj_1.webp|images/Wx8B-Wyj_2.webp","LEHENGA CHOLI","Fabric 1=REYON|Package Contents=LEHENGA AND BLOUSE|Wash Care=ONLY DRY CLEAN|Product Weight=0.800 GREM|Size=FREE SIZE|Country=INDIA|Brand=Zari Lane|Blouse=Blouse Stitched|Blouse Length=15|Lehnga Length=UP TO 42|Lehnga Flair=6 mtr|Dupatta Length=NO|Product Type=LEHENGA CHOLI|Blouse Work Type=Sequins lace|Lehenga Fabric=PURE REYON"
"Pure Roman Cotton Fabric with Gota Lehenga Choli For Navratri","Lehenga Choli","RED","1699","3999","FREE SIZE:50","Pure Roman Cotton Fabric with Gota Lehenga Choli For Navratri ???

Lehenga (Stitched)
Lehenga Fabric: Pure Roman Cotton
Lehenga Work: Gota 
Lehenga Waist: Support Up To 42 
Lehenga Closer: Drawstring with Zip
Stitching: Stitched With Canvas and Inner
Inner: Micro Cotton 
Length: 41
Flair: 6 Meter

Blouse (Stitched)
Blouse Fabric: Pure Roman Cotton (Fully Stitched)
Blouse Work: Dhupian lace with samosa lace
Blouse Size: 38� There is Extra Margin Customer Can Adjust Up to 42
Blouse Length: 15

Package Contain: Lehenga, Blouse, 

Weight: 1 kg","images/Ddi2e94O_0.webp|images/Ddi2e94O_1.webp|images/Ddi2e94O_2.webp|images/Ddi2e94O_3.webp","LEHENGA CHOLI","Fabric 1=PURE ROMAN|Package Contents=LEHENGA AND BLOUSE|Wash Care=ONLY DRY CLEAN|Product Weight=1 KG|Size=FREE SIZE|Country=INDIA|Brand=Zari Lane|Blouse=Blouse Stitched|Blouse Length=15|Lehnga Length=UP TO 42|Lehnga Flair=6 mtr|Dupatta Length=NO"
"Pure Rayon Fabric with Sequins Lace Lehenga Choli For Navratri","Lehenga Choli","PINK-MORPICH","1599","3499","FREE SIZE:50","Pure Rayon Fabric with Sequins Lace Lehenga Choli For Navratri 🌈✨

Lehenga (Stitched)
Lehenga Fabric: Pure Rayon
Lehenga Work: Sequins lace 
Lehenga Waist: Support Up To 42 
Lehenga Closer: Drawstring with Zip
Stitching: Stitched With Canvas and Inner
Inner: Micro Cotton 
Length: 41
Flair: 6 Meter

Blouse (Stitched)
Blouse Fabric: Pure Rayon (Fully Stitched)
Blouse Work: Sequins lace 
Blouse Size: 38” There is Extra Margin Customer Can Adjust Up to 42
Blouse Length: 15

Package Contain: Lehenga, Blouse, 

Weight: 1 kg","images/lo3PYMfK_0.webp|images/lo3PYMfK_1.webp|images/lo3PYMfK_2.webp","LEHENGA CHOLI","Fabric 1=REYON|Package Contents=LEHENGA AND BLOUSE|Wash Care=ONLY DRY CLEAN|Product Weight=0.800 GREM|Size=FREE SIZE|Country=INDIA|Brand=Zari Lane|Blouse=Blouse Stitched|Blouse Length=15|Lehnga Length=UP TO 42|Lehnga Flair=6 mtr|Dupatta Length=NO|Product Type=LEHENGA CHOLI|Blouse Work Type=Sequins lace|Lehenga Fabric=PURE REYON"
"Pure Roman Cotton Fabric with Gota Lehenga Choli For Navratri","Lehenga Choli","WHITE","1699","3999","FREE SIZE:50","Pure Roman Cotton Fabric with Gota Lehenga Choli For Navratri ???

Lehenga (Stitched)
Lehenga Fabric: Pure Roman Cotton
Lehenga Work: Gota 
Lehenga Waist: Support Up To 42 
Lehenga Closer: Drawstring with Zip
Stitching: Stitched With Canvas and Inner
Inner: Micro Cotton 
Length: 41
Flair: 6 Meter

Blouse (Stitched)
Blouse Fabric: Pure Roman Cotton (Fully Stitched)
Blouse Work: Dhupian lace with samosa lace
Blouse Size: 38� There is Extra Margin Customer Can Adjust Up to 42
Blouse Length: 15

Package Contain: Lehenga, Blouse, 

Weight: 1 kg","images/ut9AOAaO_0.webp|images/ut9AOAaO_1.webp|images/ut9AOAaO_2.webp|images/ut9AOAaO_3.webp","LEHENGA CHOLI","Fabric 1=PURE ROMAN|Package Contents=LEHENGA AND BLOUSE|Wash Care=ONLY DRY CLEAN|Product Weight=1 KG|Size=FREE SIZE|Country=INDIA|Brand=Zari Lane|Blouse=Blouse Stitched|Blouse Length=15|Lehnga Length=UP TO 42|Lehnga Flair=6 mtr|Dupatta Length=NO"
"Pure Roman Cotton Fabric with Gota Lehenga Choli For Navratri","Lehenga Choli","BLACK","1699","3999","FREE SIZE:50","Pure Roman Cotton Fabric with Gota Lehenga Choli For Navratri ???

Lehenga (Stitched)
Lehenga Fabric: Pure Roman Cotton
Lehenga Work: Gota 
Lehenga Waist: Support Up To 42 
Lehenga Closer: Drawstring with Zip
Stitching: Stitched With Canvas and Inner
Inner: Micro Cotton 
Length: 41
Flair: 6 Meter

Blouse (Stitched)
Blouse Fabric: Pure Roman Cotton (Fully Stitched)
Blouse Work: Dhupian lace with samosa lace
Blouse Size: 38� There is Extra Margin Customer Can Adjust Up to 42
Blouse Length: 15

Package Contain: Lehenga, Blouse, 

Weight: 1 kg","images/Gjshnhwb_0.webp|images/Gjshnhwb_1.webp|images/Gjshnhwb_2.webp|images/Gjshnhwb_3.webp","LEHENGA CHOLI","Fabric 1=PURE ROMAN|Package Contents=LEHENGA AND BLOUSE|Wash Care=ONLY DRY CLEAN|Product Weight=1 KG|Size=FREE SIZE|Country=INDIA|Brand=Zari Lane|Blouse=Blouse Stitched|Blouse Length=15|Lehnga Length=UP TO 42|Lehnga Flair=6 mtr|Dupatta Length=NO"
"Pure Roman Cotton Fabric with Gota Lehenga Choli For Navratri","Lehenga Choli","WINE","1699","3999","FREE SIZE:50","Pure Roman Cotton Fabric with Gota Lehenga Choli For Navratri ???

Lehenga (Stitched)
Lehenga Fabric: Pure Roman Cotton
Lehenga Work: Gota 
Lehenga Waist: Support Up To 42 
Lehenga Closer: Drawstring with Zip
Stitching: Stitched With Canvas and Inner
Inner: Micro Cotton 
Length: 41
Flair: 6 Meter

Blouse (Stitched)
Blouse Fabric: Pure Roman Cotton (Fully Stitched)
Blouse Work: Dhupian lace with samosa lace
Blouse Size: 38� There is Extra Margin Customer Can Adjust Up to 42
Blouse Length: 15

Package Contain: Lehenga, Blouse, 

Weight: 1 kg","images/8ugz1RK5_0.webp|images/8ugz1RK5_1.webp|images/8ugz1RK5_2.webp|images/8ugz1RK5_3.webp","LEHENGA CHOLI","Fabric 1=PURE ROMAN|Package Contents=LEHENGA AND BLOUSE|Wash Care=ONLY DRY CLEAN|Product Weight=1 KG|Size=FREE SIZE|Country=INDIA|Brand=Zari Lane|Blouse=Blouse Stitched|Blouse Length=15|Lehnga Length=UP TO 42|Lehnga Flair=6 mtr|Dupatta Length=NO"
"Pure Roman Cotton Fabric with Gota Lehenga Choli For Navratri","Lehenga Choli","GREEN","1699","3999","FREE SIZE:50","Pure Roman Cotton Fabric with Gota Lehenga Choli For Navratri ???

Lehenga (Stitched)
Lehenga Fabric: Pure Roman Cotton
Lehenga Work: Gota 
Lehenga Waist: Support Up To 42 
Lehenga Closer: Drawstring with Zip
Stitching: Stitched With Canvas and Inner
Inner: Micro Cotton 
Length: 41
Flair: 6 Meter

Blouse (Stitched)
Blouse Fabric: Pure Roman Cotton (Fully Stitched)
Blouse Work: Dhupian lace with samosa lace
Blouse Size: 38� There is Extra Margin Customer Can Adjust Up to 42
Blouse Length: 15

Package Contain: Lehenga, Blouse, 

Weight: 1 kg","images/akV5newb_0.webp|images/akV5newb_1.webp|images/akV5newb_2.webp|images/akV5newb_3.webp","LEHENGA CHOLI","Fabric 1=PURE ROMAN|Package Contents=LEHENGA AND BLOUSE|Wash Care=ONLY DRY CLEAN|Product Weight=1 KG|Size=FREE SIZE|Country=INDIA|Brand=Zari Lane|Blouse=Blouse Stitched|Blouse Length=15|Lehnga Length=UP TO 42|Lehnga Flair=6 mtr|Dupatta Length=NO"
"Multi-Color Georgette Lehenga with Gota Patti Border For Navratri Collection","Lehenga Choli","MULTI COLOR","1799","4499","FREE SIZE:50","???   Multi-Color Georgette Lehenga with Gota Patti Border For Navratri Collection ???

Lehenga (Stitched)
Lehenga Fabric: Multi-Color Georgette Lehenga with Gota Patti Border Detailing 
Lehenga Work: Gota Patti
Lehenga Waist: Support Up To 42 
Lehenga Closer: Drawstring with Dori
Stitching: Stitched With Canvas and Inner
Inner: Micro Cotton 
Length: 41
Flair: 6 Meter

Blouse (Stitched)
Blouse Work: Fully Stitched Mirror Embellished Gamthi Work Paired with Elegant Cowrie Lace Finish Blouse Size: 38� There is Extra Margin Customer Can Adjust Up to 42
Blouse Length: 15

Package Contain: Lehenga, Blouse,","images/Llomip42GSJ__0.webp|images/Llomip42GSJ__1.webp|images/Llomip42GSJ__2.webp","LEHENGA CHOLI","Fabric 1=Georgette|Package Contents=LEHENGA AND BLOUSE|Wash Care=ONLY DRY CLEAN|Product Weight=1 KG|Size=FREE SIZE|Country=INDIA|Brand=Zari Lane|Blouse=Blouse Stitched|Blouse Length=15|Lehnga Length=UP TO 42|Lehnga Flair=6 mtr|Dupatta Length=NO"
"Multi-Color Georgette Lehenga with Gota Patti Border For Navratri Collection","Lehenga Choli","MULTI COLOR","1799","4499","FREE SIZE:50","???   Multi-Color Georgette Lehenga with Gota Patti Border For Navratri Collection ???

Lehenga (Stitched)
Lehenga Fabric: Multi-Color Georgette Lehenga with Gota Patti Border Detailing 
Lehenga Work: Gota Patti
Lehenga Waist: Support Up To 42 
Lehenga Closer: Drawstring with Dori
Stitching: Stitched With Canvas and Inner
Inner: Micro Cotton 
Length: 41
Flair: 6 Meter

Blouse (Stitched)
Blouse Work: Fully Stitched Mirror Embellished Gamthi Work Paired with Elegant Cowrie Lace Finish Blouse Size: 38� There is Extra Margin Customer Can Adjust Up to 42
Blouse Length: 15

Package Contain: Lehenga, Blouse,","images/lNIk9vUMmpZV_0.webp|images/lNIk9vUMmpZV_1.webp|images/lNIk9vUMmpZV_2.webp","LEHENGA CHOLI","Fabric 1=Georgette|Package Contents=LEHENGA AND BLOUSE|Wash Care=ONLY DRY CLEAN|Product Weight=1 KG|Size=FREE SIZE|Country=INDIA|Brand=Zari Lane|Blouse=Blouse Stitched|Blouse Length=15|Lehnga Length=UP TO 42|Lehnga Flair=6 mtr|Dupatta Length=NO"
"Multi-Color Georgette Lehenga with Gota Patti Border For Navratri Collection","Lehenga Choli","MULTI COLOR","1799","4499","FREE SIZE:50","???   Multi-Color Georgette Lehenga with Gota Patti Border For Navratri Collection ???

Lehenga (Stitched)
Lehenga Fabric: Multi-Color Georgette Lehenga with Gota Patti Border Detailing 
Lehenga Work: Gota Patti
Lehenga Waist: Support Up To 42 
Lehenga Closer: Drawstring with Dori
Stitching: Stitched With Canvas and Inner
Inner: Micro Cotton 
Length: 41
Flair: 6 Meter

Blouse (Stitched)
Blouse Work: Fully Stitched Mirror Embellished Gamthi Work Paired with Elegant Cowrie Lace Finish Blouse Size: 38� There is Extra Margin Customer Can Adjust Up to 42
Blouse Length: 15

Package Contain: Lehenga, Blouse,","images/JWCKeY_X11Aj_0.webp|images/JWCKeY_X11Aj_1.webp|images/JWCKeY_X11Aj_2.webp","LEHENGA CHOLI","Fabric 1=Georgette|Package Contents=LEHENGA AND BLOUSE|Wash Care=ONLY DRY CLEAN|Product Weight=1 KG|Size=FREE SIZE|Country=INDIA|Brand=Zari Lane|Blouse=Blouse Stitched|Blouse Length=15|Lehnga Length=UP TO 42|Lehnga Flair=6 mtr|Dupatta Length=NO"
"Multi-Color Georgette Lehenga with Gota Patti Border For Navratri Collection","Lehenga Choli","MULTI COLOR","1799","4499","FREE SIZE:50","???   Multi-Color Georgette Lehenga with Gota Patti Border For Navratri Collection ???

Lehenga (Stitched)
Lehenga Fabric: Multi-Color Georgette Lehenga with Gota Patti Border Detailing 
Lehenga Work: Gota Patti
Lehenga Waist: Support Up To 42 
Lehenga Closer: Drawstring with Dori
Stitching: Stitched With Canvas and Inner
Inner: Micro Cotton 
Length: 41
Flair: 6 Meter

Blouse (Stitched)
Blouse Work: Fully Stitched Mirror Embellished Gamthi Work Paired with Elegant Cowrie Lace Finish Blouse Size: 38� There is Extra Margin Customer Can Adjust Up to 42
Blouse Length: 15

Package Contain: Lehenga, Blouse,","images/v5dQWvfQzDOA_0.webp|images/v5dQWvfQzDOA_1.webp|images/v5dQWvfQzDOA_2.webp","LEHENGA CHOLI","Fabric 1=Georgette|Package Contents=LEHENGA AND BLOUSE|Wash Care=ONLY DRY CLEAN|Product Weight=1 KG|Size=FREE SIZE|Country=INDIA|Brand=Zari Lane|Blouse=Blouse Stitched|Blouse Length=15|Lehnga Length=UP TO 42|Lehnga Flair=6 mtr|Dupatta Length=NO"
"Multi-Color Georgette Lehenga with Gota Patti Border For Navratri Collection","Lehenga Choli","MULTI COLOR","1799","4499","FREE SIZE:50","???   Multi-Color Georgette Lehenga with Gota Patti Border For Navratri Collection ???

Lehenga (Stitched)
Lehenga Fabric: Multi-Color Georgette Lehenga with Gota Patti Border Detailing 
Lehenga Work: Gota Patti
Lehenga Waist: Support Up To 42 
Lehenga Closer: Drawstring with Dori
Stitching: Stitched With Canvas and Inner
Inner: Micro Cotton 
Length: 41
Flair: 6 Meter

Blouse (Stitched)
Blouse Work: Fully Stitched Mirror Embellished Gamthi Work Paired with Elegant Cowrie Lace Finish Blouse Size: 38� There is Extra Margin Customer Can Adjust Up to 42
Blouse Length: 15

Package Contain: Lehenga, Blouse,","images/Y2BQ71AnuMFo_0.webp|images/Y2BQ71AnuMFo_1.webp|images/Y2BQ71AnuMFo_2.webp","LEHENGA CHOLI","Fabric 1=Georgette|Package Contents=LEHENGA AND BLOUSE|Wash Care=ONLY DRY CLEAN|Product Weight=1 KG|Size=FREE SIZE|Country=INDIA|Brand=Zari Lane|Blouse=Blouse Stitched|Blouse Length=15|Lehnga Length=UP TO 42|Lehnga Flair=6 mtr|Dupatta Length=NO"
"Multi-Color Georgette Lehenga with Gota Patti Border For Navratri Collection","Lehenga Choli","MULTI COLOR","1799","4499","FREE SIZE:50","???   Multi-Color Georgette Lehenga with Gota Patti Border For Navratri Collection ???

Lehenga (Stitched)
Lehenga Fabric: Multi-Color Georgette Lehenga with Gota Patti Border Detailing 
Lehenga Work: Gota Patti
Lehenga Waist: Support Up To 42 
Lehenga Closer: Drawstring with Dori
Stitching: Stitched With Canvas and Inner
Inner: Micro Cotton 
Length: 41
Flair: 6 Meter

Blouse (Stitched)
Blouse Work: Fully Stitched Mirror Embellished Gamthi Work Paired with Elegant Cowrie Lace Finish Blouse Size: 38� There is Extra Margin Customer Can Adjust Up to 42
Blouse Length: 15

Package Contain: Lehenga, Blouse,","images/nT63FVnhhVxt_0.webp|images/nT63FVnhhVxt_1.webp|images/nT63FVnhhVxt_2.webp","LEHENGA CHOLI","Fabric 1=Georgette|Package Contents=LEHENGA AND BLOUSE|Wash Care=ONLY DRY CLEAN|Product Weight=1 KG|Size=FREE SIZE|Country=INDIA|Brand=Zari Lane|Blouse=Blouse Stitched|Blouse Length=15|Lehnga Length=UP TO 42|Lehnga Flair=6 mtr|Dupatta Length=NO"
"Multi-Color Georgette Lehenga with Gota Patti Border For Navratri Collection","Lehenga Choli","MULTI COLOR","1799","4499","FREE SIZE:50","???   Multi-Color Georgette Lehenga with Gota Patti Border For Navratri Collection ???

Lehenga (Stitched)
Lehenga Fabric: Multi-Color Georgette Lehenga with Gota Patti Border Detailing 
Lehenga Work: Gota Patti
Lehenga Waist: Support Up To 42 
Lehenga Closer: Drawstring with Dori
Stitching: Stitched With Canvas and Inner
Inner: Micro Cotton 
Length: 41
Flair: 6 Meter

Blouse (Stitched)
Blouse Work: Fully Stitched Mirror Embellished Gamthi Work Paired with Elegant Cowrie Lace Finish Blouse Size: 38� There is Extra Margin Customer Can Adjust Up to 42
Blouse Length: 15

Package Contain: Lehenga, Blouse,","images/GIE-wKEj0DaP_0.webp|images/GIE-wKEj0DaP_1.webp|images/GIE-wKEj0DaP_2.webp","LEHENGA CHOLI","Fabric 1=Georgette|Package Contents=LEHENGA AND BLOUSE|Wash Care=ONLY DRY CLEAN|Product Weight=1 KG|Size=FREE SIZE|Country=INDIA|Brand=Zari Lane|Blouse=Blouse Stitched|Blouse Length=15|Lehnga Length=UP TO 42|Lehnga Flair=6 mtr|Dupatta Length=NO"
"Multi-Color Georgette Lehenga with Gota Patti Border For Navratri Collection","Lehenga Choli","MULTI COLOR","1799","4499","FREE SIZE:50","???   Multi-Color Georgette Lehenga with Gota Patti Border For Navratri Collection ???

Lehenga (Stitched)
Lehenga Fabric: Multi-Color Georgette Lehenga with Gota Patti Border Detailing 
Lehenga Work: Gota Patti
Lehenga Waist: Support Up To 42 
Lehenga Closer: Drawstring with Dori
Stitching: Stitched With Canvas and Inner
Inner: Micro Cotton 
Length: 41
Flair: 6 Meter

Blouse (Stitched)
Blouse Work: Fully Stitched Mirror Embellished Gamthi Work Paired with Elegant Cowrie Lace Finish Blouse Size: 38� There is Extra Margin Customer Can Adjust Up to 42
Blouse Length: 15

Package Contain: Lehenga, Blouse,","images/8tdpqUaPfb80_0.webp|images/8tdpqUaPfb80_1.webp|images/8tdpqUaPfb80_2.webp","LEHENGA CHOLI","Fabric 1=Georgette|Package Contents=LEHENGA AND BLOUSE|Wash Care=ONLY DRY CLEAN|Product Weight=1 KG|Size=FREE SIZE|Country=INDIA|Brand=Zari Lane|Blouse=Blouse Stitched|Blouse Length=15|Lehnga Length=UP TO 42|Lehnga Flair=6 mtr|Dupatta Length=NO"
"Multi-Color Georgette Lehenga with Gota Patti Border For Navratri Collection","Lehenga Choli","MULTI COLOR","1799","4499","FREE SIZE:50","???   Multi-Color Georgette Lehenga with Gota Patti Border For Navratri Collection ???

Lehenga (Stitched)
Lehenga Fabric: Multi-Color Georgette Lehenga with Gota Patti Border Detailing 
Lehenga Work: Gota Patti
Lehenga Waist: Support Up To 42 
Lehenga Closer: Drawstring with Dori
Stitching: Stitched With Canvas and Inner
Inner: Micro Cotton 
Length: 41
Flair: 6 Meter

Blouse (Stitched)
Blouse Work: Fully Stitched Mirror Embellished Gamthi Work Paired with Elegant Cowrie Lace Finish Blouse Size: 38� There is Extra Margin Customer Can Adjust Up to 42
Blouse Length: 15

Package Contain: Lehenga, Blouse,","images/rL9mwTTYP4Sd_0.webp|images/rL9mwTTYP4Sd_1.webp|images/rL9mwTTYP4Sd_2.webp","LEHENGA CHOLI","Fabric 1=Georgette|Package Contents=LEHENGA AND BLOUSE|Wash Care=ONLY DRY CLEAN|Product Weight=1 KG|Size=FREE SIZE|Country=INDIA|Brand=Zari Lane|Blouse=Blouse Stitched|Blouse Length=15|Lehnga Length=UP TO 42|Lehnga Flair=6 mtr|Dupatta Length=NO"
"Multi-Color Georgette Lehenga with Gota Patti Border For Navratri Collection","Lehenga Choli","MULTI COLOR","1799","4499","FREE SIZE:50","???   Multi-Color Georgette Lehenga with Gota Patti Border For Navratri Collection ???

Lehenga (Stitched)
Lehenga Fabric: Multi-Color Georgette Lehenga with Gota Patti Border Detailing 
Lehenga Work: Gota Patti
Lehenga Waist: Support Up To 42 
Lehenga Closer: Drawstring with Dori
Stitching: Stitched With Canvas and Inner
Inner: Micro Cotton 
Length: 41
Flair: 6 Meter

Blouse (Stitched)
Blouse Work: Fully Stitched Mirror Embellished Gamthi Work Paired with Elegant Cowrie Lace Finish Blouse Size: 38� There is Extra Margin Customer Can Adjust Up to 42
Blouse Length: 15

Package Contain: Lehenga, Blouse,","images/khodneSg5b62_0.webp|images/khodneSg5b62_1.webp|images/khodneSg5b62_2.webp|images/khodneSg5b62_3.webp|images/khodneSg5b62_4.webp|images/khodneSg5b62_5.webp|images/khodneSg5b62_6.webp","LEHENGA CHOLI","Fabric 1=Georgette|Package Contents=LEHENGA AND BLOUSE|Wash Care=ONLY DRY CLEAN|Product Weight=1 KG|Size=FREE SIZE|Country=INDIA|Brand=Zari Lane|Blouse=Blouse Stitched|Blouse Length=15|Lehnga Length=UP TO 42|Lehnga Flair=6 mtr|Dupatta Length=NO"
